review_id,text,score,timestamp,sentiment
2ed981da-29d3-4bed-9f76-c3cf8a2e5abc,Wonder full,5,2026-09-10 17:34:06,Positive
5e5dbdb4-d350-4449-a8c3-60e0e75658c7,Best app for Music,5,2026-09-10 17:33:30,Positive
e69d4e35-6d78-4d17-b235-5795cf91446a,bad experience,1,2026-09-10 17:32:33,Negative
27e099af-88f2-4d72-81c8-4bf7e28f9865,the best!,5,2026-09-10 17:32:04,Positive
c95ce446-2df4-4e66-af24-faa0c32468e3,DAMN GOOD THIS APP,5,2026-09-10 17:31:31,Positive
a0913a81-4337-4d5f-8c5b-67e870ad0597,هیچ وقت برای گوش دادن آهنگ پول نمیدم,1,2026-09-10 17:24:36,Negative
04751a71-61f1-44fb-9eda-89fd34788b5b,its all good but there too many ads now you can't go without having an ad after two songs.,4,2026-09-10 17:23:07,Positive
b52be473-c3d9-4d03-87ac-537aa23b8b2e,good,5,2026-09-10 17:22:44,Positive
b761f5a7-4d79-4d36-a2d9-ffa89ad406ca,good,5,2026-09-10 17:22:32,Positive
da7c9f70-6434-49c3-858f-c98cbab215d8,the only problem is ads,5,2026-09-10 17:22:06,Positive
3aa5411e-fa59-43db-83f7-b8d3003d9a41,Music is clear,5,2026-09-10 17:21:20,Positive
3d60cd05-aa01-4112-9d79-ddc8a15a9ff6,I used a Premium Student plan so I can get 50% off discount compared to Premium Individual. Just sign in using your student email so you can get the discount.,5,2026-09-10 17:20:44,Positive
fd00443a-1837-4707-b2d0-ab56f6652c6d,good 😊👍,5,2026-09-10 17:19:19,Positive
40d3fd3d-f194-4703-8649-d309577eff39,good,3,2026-09-10 17:17:27,Neutral
407aeb28-66c3-4d80-bd58-f8cab5c55821,ads,1,2026-09-10 17:16:56,Negative
45f0d43f-51f7-435f-9e9b-0c44231c23a0,GOATED JS PERFECT,5,2026-09-10 17:11:08,Positive
1b8f2403-046e-4aa6-8eab-c7d83f7d2b5b,song sone kaliye best app,5,2026-09-10 17:10:22,Positive
7282237e-6adb-4dce-b569-604a297bca8e,goated,5,2026-09-10 17:09:58,Positive
b4b722d2-d332-4d30-99f9-219baa611088,I love oldies music they have all the old music,5,2026-09-10 17:09:42,Positive
d507c6a9-782b-43a2-beac-33b497d24fe3,simply the best,5,2026-09-10 17:08:44,Positive
1db4fc2d-b322-46a6-b5c3-69808866e78d,top music,5,2026-09-10 17:05:46,Positive
87ada554-07ff-4177-84d9-adfa47a11804,this new update is actually wild they give you 6 skips a day😭 what is ts,1,2026-09-10 17:05:33,Negative
be993b9d-de64-4feb-9b5f-f6479d2b18d4,very good app many songs based off of your style and they also have free premium perks yu can get to make the app even more enjoyable,5,2026-09-10 16:58:26,Positive
24d884e3-a144-4438-bbd1-52325ace3dc9,Good vibes always,5,2026-09-10 16:57:21,Positive
279ee60a-b7db-46a9-8573-32d696477dfa,I like it. I just like it.,5,2026-09-10 16:57:09,Positive
ecf249eb-409c-49e0-814d-b4cd5833bb77,best sownd quality,5,2026-09-10 16:55:21,Positive
4fdb6089-2b0c-49c0-b0d3-dec72cd1610d,perfect?,5,2026-09-10 16:54:17,Positive
2fad3aee-c66b-4bdf-9a13-3114b6b82b9a,to much adds,2,2026-09-10 16:54:16,Negative
2803a8e2-d1e6-4fd6-94a2-72ec8384c7eb,Ek song chalu honese pahle or baad me ads aa jati he Spotify premium membership lo ads band ho jayega yese chutiyo app se gana suuna nahi YouTube se gana suuna chahiye..,1,2026-09-10 16:50:33,Negative
6a71d800-dffc-44cc-9346-fcc4abf12845,good,5,2026-09-10 16:49:19,Positive
582e6adb-049c-4bc6-950f-47ceda8d8e01,"The audio is very wow, even you need Premium to maximise everything, but worth it ❤️",5,2026-09-10 16:48:50,Positive
5ca70f34-204a-4223-8d39-efd7ed9649de,good,5,2026-09-10 16:48:38,Positive
1d9ede85-d8ae-4d18-a2d1-8954949881d7,very fast,5,2026-09-10 16:48:26,Positive
70bdb9b3-685f-4199-93f6-1cfc066a717d,excellent job i love ot,5,2026-09-10 16:47:11,Positive
d4a6fe97-b7be-4bd7-b936-58d80585de2e,perfect,5,2026-09-10 16:46:42,Positive
7530d6ab-2777-4b69-911d-74d4ea107327,"Simply too much ads on the free version. Used to be an acceptable amount. Over two minute long ad breaks every 10 minutes or less actively pushes me away from using this app. I thought YouTube was bad, but this is multiple times worse. Basic features like choosing which song to listen to, or rewinding back are completely paywalled. Conpletely unrelated songs are inserted into the listening experience, possibly as some kind of paid promotion service.",2,2026-09-10 16:42:25,Negative
fec04e20-f864-4b66-8e54-a2cd3232c0a2,💐👍,5,2026-09-10 16:41:48,Positive
1fdd6dfa-eee9-4629-a53b-39dcb27c1dc5,great app and my battery last all day,5,2026-09-10 16:41:01,Positive
f52b2134-4476-4c00-9666-756c81f3a633,I love it so much,5,2026-09-10 16:39:58,Positive
8931caed-adb1-4401-a602-5c861ae683c9,Spotify is one of the best apps ever made!!,5,2026-09-10 16:38:27,Positive
443e4f5a-4826-48dd-863e-093b3d97e158,jelek kikir banyak iklan,1,2026-09-10 16:38:04,Negative
aca58525-b6b7-434f-957a-40c31d77c5bd,"Delete my Spotify / 6 music , ads no next music //You'vegot 6skips perhour You""ll get more skips tomorrow, or get Premium to skip 👎",1,2026-09-10 16:38:00,Negative
e8241380-0b7f-4bb2-ba8e-17180da57f31,"OH MAH GAWD! THE CREATERS WHO MADE THIS IS GREEDY AF! I AIN'T SPENDING MONEY JUST TO BUY PREMIUM OR TO CHOOSE WHAT SONGS TO PLAY WHICH THE SECOND ONE IS JUST SOMETIMES! AND YET THEY COULD GET MONEY WHEN SOMEBODY DOWNLOADS THIS APP! NO REMOVE,NO 5 STARS",3,2026-09-10 16:32:38,Neutral
a2a5a389-5a94-49f7-b058-84d2b0ae39ef,GODiya. Lilya,3,2026-09-10 16:31:30,Neutral
a2443d74-8926-4439-8b0c-589cf57aaeb4,this is the best peak ngl,5,2026-09-10 16:29:33,Positive
5a666102-b81d-4d35-ad03-07e10b8e97c0,great app for listening pleasure,5,2026-09-10 16:27:22,Positive
0af48bda-a142-4c9c-95c7-c7ab3f5b41aa,very very nice kya baat hai Spotify is best app,5,2026-09-10 16:27:16,Positive
5a36b7f4-7152-430f-896c-0e160e1211c2,Nice app you'll find all songs i want you must try this app in your life one time DOWLOAD NOWWW 😉😉😁,5,2026-09-10 16:27:03,Positive
bd5d687e-fe83-4865-8aff-4d8e3f713029,Fantastic,5,2026-09-10 16:23:13,Positive
03b90722-2579-43f9-b21b-0afc6245b71f,love itt so much,5,2026-09-10 16:22:37,Positive
ef19df67-83fe-4ec4-917c-59f21c468367,nice,5,2026-09-10 16:22:05,Positive
54386737-ca49-4a4e-9cbb-8903f0f2d2ee,"I like tha layout , but I think it will be more simple and cool, abd I like tha App",3,2026-09-10 16:19:49,Neutral
96c0d48d-7e5e-47c0-b5cd-d080dddf587a,I am the BIGGEST Spotify premium fan! I can't live without out whether I have an iPhone or an android. I use the offline option while off WiFi for data savings just as a perk. unlimited new arrival albums. it's the best. satisfied forever customer - Dee.,5,2026-09-10 16:17:53,Positive
250121f6-5115-455f-bd50-e44c0b72ae1c,love this app.,5,2026-09-10 16:17:15,Positive
1b0980cc-1e7c-48ef-a21e-b7f84ba9c1df,I really enjoy it,5,2026-09-10 16:16:43,Positive
51bfc959-8d85-4aa6-98e6-f86c5dc46daf,"I've used this app since high school and it's only ever gotten worse. Doesn't matter if it's the mobile version or the Xbox version the user experience is absolute trash, it's slow even if songs and podcasts are fully downloaded, and it constantly just closes itself down.",1,2026-09-10 16:08:59,Negative
0896a493-f2e8-43f8-a168-6c7ea8531c5c,Really nice app tbh. I'm quite fond of using it. But it just has 1 major flaw. Too much of limitations in the free version. It sorta forces u to But the premium version or switch. But overall it is good. I find some ads quite funny. (P.S. Indian VPN for weird ads),4,2026-09-10 16:07:51,Positive
307b9cb9-e4ba-4cee-950f-8c2cd099b9ab,best,5,2026-09-10 16:07:22,Positive
e8be771b-9e5a-4cf9-bff0-74c2adbaeb99,"always reliable, I have been using spotify since Spotify was more or less released.",5,2026-09-10 16:04:31,Positive
4ee09a5c-5419-4869-805a-6ffde413805c,wonder full app,4,2026-09-10 16:03:32,Positive
caced7b5-e4e6-49e8-bd30-efd7f89e0144,my best so far,4,2026-09-10 16:02:27,Positive
9aee63d5-354a-46aa-bfc7-625405b2294b,"A very good and enjoyable app, were you can find all the current songs",5,2026-09-10 16:01:37,Positive
22104145-de7f-445e-9c09-0c003964ca82,"Worst-ever, there is soo limited uses for one who doesn't have premium account.",2,2026-09-10 16:00:51,Negative
185d7c0c-a75c-4ffb-8061-45295bad4f78,just need to improve the recommendation algorithm other than that one of the best.,5,2026-09-10 15:59:49,Positive
a7115ae9-b3ab-48c7-a3e8-5fcd1437970c,the app is really good,5,2026-09-10 15:53:07,Positive
a7732792-0ff0-4e99-8a4f-4c032175a8ef,Super but Susbscription cost and low sound,5,2026-09-10 15:51:06,Positive
98723490-655e-4570-aa1b-fe84aeae0b40,"I’m experiencing several serious issues with the Spotify app. Whenever I search for a song, the search results often only show playlists instead of the actual song. When I open those playlists, they say “This playlist is empty,” even though they contain songs. The same thing happens with my own playlists. My playlists are full of songs, but Spotify shows them as empty. There is also another problem with playback. Sometimes when Spotify actually shows a song, it immediately skips to another song",2,2026-09-10 15:50:11,Negative
f4320463-8cd2-490d-89a2-f253db5bfb2e,એક દમ સરસ છે,5,2026-09-10 15:47:44,Positive
4f172830-1705-4c38-af2a-b13067e818b4,:⁠'⁠(N9 C6,5,2026-09-10 15:47:24,Positive
241515ba-7615-431b-b13b-5cd0608a9e15,"The definitive audio streaming companion. Custom-curated playlists introduce me to fantastic new artists, and offline downloading works flawlessly",5,2026-09-10 15:43:34,Positive
957fcaa1-3ccc-482a-bc1c-8bf735ef39b4,nice app song ke liye,1,2026-09-10 15:43:09,Negative
0e1b1239-2943-46dc-a9b3-64dbe9bcb096,best.,5,2026-09-10 15:42:30,Positive
b0792230-5ff0-4b85-a302-c95f59812416,very good👍,5,2026-09-10 15:41:17,Positive
afe1f2e6-c5d8-4ad0-85de-591210ddc66d,❤❤,5,2026-09-10 15:36:41,Positive
faa31403-8622-4a1e-8523-9a9e9b2f7bdd,i love it,5,2026-09-10 15:32:44,Positive
86c8bd46-b0aa-4729-addc-c3f70d58d0da,useful 👍💞,5,2026-09-10 15:31:52,Positive
40cd2fc8-2c44-4f76-a251-571a1379a00d,I enjoy this app very much,5,2026-09-10 15:29:09,Positive
22d6f1eb-f3fa-42cd-a081-435b957d0085,good but can be better,4,2026-09-10 15:24:36,Positive
8941b713-2768-403f-84b4-bbb663822c0e,ok,5,2026-09-10 15:24:36,Positive
344c6e7f-7007-4704-9e6d-a7b083bcf564,when I'm sad I always listen to Spotify ads HAHAHAHA,5,2026-09-10 15:24:36,Positive
e2332eec-0223-45c9-9412-b3a07ea18bcc,too many ads but decent features.,3,2026-09-10 15:20:24,Neutral
b255104b-8256-4c9a-834f-7f7a4bc48625,"It just doesn't work, i click animal by katseye and it clicks drop dead by olivia rodrigo",3,2026-09-10 15:13:27,Neutral
d462a3a2-2059-4036-87c4-e3299ae5ef2f,help me practice a song,5,2026-09-10 15:13:26,Positive
276342b4-4feb-4b48-81e7-1b5980d4a0f1,"your ""shuffle"" is now worse then ever. Its embarrassing that you charge people money for an app with such major flaws in it.",1,2026-09-10 15:13:05,Negative
2b8e769c-fd4e-4af9-b69a-64cca0f4de24,I have no words. Just try it,5,2026-09-10 15:12:13,Positive
fc41f94c-20cb-442e-95b6-e3cddba346a9,faltu app not working,1,2026-09-10 15:10:43,Negative
0b6f0c55-cbc8-446f-a1df-4bbed83e46a8,"you can hear all type of music on it I really like it and also I can hear all the blackpink song and can hear aal mine liked songs I can make my own playlist on it hey blinks! don't forget to follow mine playlist ""🖤 BLINK 💗 MONALISA 💛💜"" please I need your little help guy's 🥰😊🤗😊",5,2026-09-10 15:10:08,Positive
15a7bc9c-9996-402e-b82e-c7f4beb74242,Proper,3,2026-09-10 15:08:36,Neutral
3fc213f2-d3bc-4698-bfc8-4836d5a73b77,The best!,5,2026-09-10 15:02:40,Positive
4905e9ab-c7ce-4ceb-a01e-a193e1d5c5c7,why doesnt want me to download the song I want,3,2026-09-10 15:01:53,Neutral
d6976817-5e05-4150-b55a-312adbf87d89,very bad 😞,1,2026-09-10 15:00:14,Negative
e798eebf-aa80-43d4-aef1-c0b152032446,lovely,5,2026-09-10 14:59:12,Positive
127a959f-32e1-4617-9d89-03f04bdcb4be,no never,1,2026-09-10 14:57:37,Negative
4d1f7752-f2a2-4fa9-8290-bf717823511e,cuh,5,2026-09-10 14:55:09,Positive
e1ea6a7c-0e25-4941-94a2-89b57801013f,too many adds,4,2026-09-10 14:54:02,Positive
7ead607b-7bc1-4aaa-a1cf-f5208018f100,too much ads 😕,4,2026-09-10 14:50:27,Positive
c0359a17-f189-455c-b297-62b730596da0,too many ads,2,2026-09-10 14:47:32,Negative
7a8238fe-b73c-4db5-83de-8efd2a84f61b,my life patnr,5,2026-09-10 14:44:56,Positive
0b3eb7bd-3496-4535-9d93-7f726c5a3f5e,good experience 😁,3,2026-09-10 14:44:14,Neutral
ed24b61f-b59b-44bc-80b5-729d6bd11475,I love Spotify,5,2026-09-10 14:44:07,Positive
b79d2bc9-e007-40de-9d31-626ad5421c1b,I have been using Spotify for years and the user experience only gets worse.,1,2026-09-10 14:43:30,Negative
0f3170d8-e0a0-46ae-9319-3da19c17e09b,I enjoy using Spotify because it makes listening to music simple and convenient. The variety of playlists and recommendations helps me discover new songs and artists that I might not have found otherwise.,5,2026-09-10 14:41:37,Positive
53c68a92-a523-4579-9e74-8dc61deab33d,rrly good,5,2026-09-10 14:39:19,Positive
f6974295-e7a9-416b-845d-0f42b501b765,nice app,5,2026-09-10 14:39:15,Positive
369c6c71-4056-46ce-909d-37bbb263d6df,🔥,5,2026-09-10 14:34:32,Positive
95b019a0-2edd-4e28-8047-97f26633d8fa,this app is not so good as when i opened and tried to control my listening it's asking for a premium version. I DIDN'T LIKED IT.,1,2026-09-10 14:31:23,Negative
53d47e86-4ddf-4ede-b3cf-1fe68670ed48,pay to win ahh,1,2026-09-10 14:30:11,Negative
61c8e67d-8cee-4015-82ce-28dd8e671e72,the shuffle feature in free version is just so worst.... it just breaks my flow of mood..,3,2026-09-10 14:26:26,Neutral
e6c7047f-a5b1-41d8-896e-c6e96104b2db,Too good to be described,5,2026-09-10 14:25:02,Positive
2a02b271-04e9-4c56-b95e-4188e32fc6ae,It's being entertaining,5,2026-09-10 14:22:13,Positive
5fbe0d05-b2d3-4c52-9396-3236c677a88f,more adds less songs so I hate but don't have choice,2,2026-09-10 14:21:24,Negative
77c85b9d-ddf1-42d3-9afc-e874ae15cfb0,Best of the best listening platform,5,2026-09-10 14:21:18,Positive
64caed7d-e8a9-40a2-a5c6-998518b9f152,"Spotify is basically my everyday music companion. I love being able to switch between playlists, albums, podcasts, and different artists depending on my mood. The recommendations are also pretty good at helping me discover music I might not have searched for myself.",5,2026-09-10 14:20:49,Positive
a968ceeb-e408-4014-96e6-6057bd57413b,"There is so much bloat and garbage on this app now. No customisation, and it shows me so many suggestions, I don't want! Also, you keep removing music I like.",1,2026-09-10 14:20:25,Negative
7cc4e6b6-1054-41ba-a480-02af48868a86,Best forever,5,2026-09-10 14:20:17,Positive
224bce66-0976-48b6-86ca-36894f782e19,"Add a feature to pick what tab to open on start up. The home tab is full of suggestions and distractions I couldn't care less about, I just want to listen to MY music. Also, let me remove the bloat under now playing. I don't care about ""song dna"" or the merch the artist has. I just want lyrics and about the artist. Just let me customise the app the way I want!",1,2026-09-10 14:17:19,Negative
d273e168-42eb-4134-b659-05569d1cbde1,"Music platform that cannot be missed as it is not only for artist, but also for the talented musician to show their talent can find here. as im not really a mainstream listener but sometimes i do. so will be here to look for artist that is not sign under any label as their music is genuine 🤩",5,2026-09-10 14:15:05,Positive
fb7937a8-3186-4be8-a525-ca87855d0de2,"Spotify is the best in all music apps and the sound quality it tops all music apps , I've been on premium for 5 years going",5,2026-09-10 14:11:42,Positive
565c0de1-7a96-4e2e-b1b9-7903dd851c99,It should also include offline music access without internet . We should be able to download songs.,4,2026-09-10 14:08:17,Positive
2cade080-5b26-4a3c-9854-2e242b4f83b2,"The only music app you should pay money for and use. Edit: since then, they just farted on user experience so it's meh now.",5,2026-09-10 14:08:13,Positive
0a752154-12f9-426e-a0f5-50528922bd53,best,5,2026-09-10 14:02:46,Positive
1e5b22b2-2d0a-45bd-b104-c4e4fecdb55d,hi there is the link to my last email for the 7th and the morning of June is fine and Graphics,5,2026-09-10 13:55:38,Positive
4db0175a-a3a2-4748-9daf-545c3191c784,I love it,5,2026-09-10 13:53:04,Positive
9d4800d7-ab5b-4bfc-b1e3-426ff0fa66eb,Too many ads,1,2026-09-10 13:52:05,Negative
c092bed2-1cb6-4dc0-b078-96bd7df66538,this is the best try out,5,2026-09-10 13:48:40,Positive
f4238622-3d00-4ac4-9386-75756e4797ae,very nice,5,2026-09-10 13:41:53,Positive
14df120e-a04e-44ae-b75f-ab1834d1f213,really good app I search any song and it comes up,5,2026-09-10 13:39:52,Positive
c8f2c74e-f338-4836-b6bb-9a2387695bc6,Very good,5,2026-09-10 13:28:40,Positive
9c83226d-c051-4210-81e0-20d721b2bd55,"it is great, but my nephew isv the one who told me 2 download it! So basically its second rate plain&simple",4,2026-09-10 13:28:18,Positive
96cb9ca4-26c0-46a5-9a72-58c587866cdf,I highly recommend this app. the Lyrics also are fire,5,2026-09-10 13:27:58,Positive
a6c9cac9-6e3c-4ff7-bcfe-c1ff0d73aaf8,BEST APPE,5,2026-09-10 13:27:26,Positive
0cd2b92f-b94e-474f-88c5-b47e412e96e8,"""You're offline"" no i am NOT. Super slow loading anything, expensive, annoying ads, doesn't work half the time, unappealing, changing constantly (for worse). Bad overall.",2,2026-09-10 13:24:30,Negative
979b35a8-635d-46e8-8921-a4dfe7b88afe,"It relieves stress, especially when it's a sad day and you don't have much to do, it's really nice to listen to music here.",5,2026-09-10 13:24:06,Positive
2d0d6388-b0ec-41d5-b0db-6978deb2d5e9,best,5,2026-09-10 13:22:56,Positive
7adddb56-610e-4fde-b23c-2bcad6f3ca2f,i want a refund for my payment here cause it deduct me twice I still have 9 days before my next subscription but it automatically deduct me even before the expiration,2,2026-09-10 13:22:11,Negative
9a7c918e-4f20-4e9b-96b2-0dfe5fbcbc46,exceptional! tune in any hour for that session,5,2026-09-10 13:20:31,Positive
66a7771d-3b3b-4e51-982e-863e386eb4c9,"since the new update, it drops out heaps while using Google maps, and when trying to press play again, it won't play until you close the app and reopen. not ideal when driving.",2,2026-09-10 13:18:51,Negative
eaa5fcce-12bf-4608-8ce3-29bf5200cd87,pay for the full version. can't even reorder songs in the queue. app is broken,2,2026-09-10 13:18:51,Negative
9ee45c84-fa93-4f0c-ad1a-259b246b8689,nice app,5,2026-09-10 13:18:13,Positive
fecac00e-4ce8-4560-b28d-03850ac956d3,only add and earning money motive I don't like the service,1,2026-09-10 13:16:43,Negative
7ca41c41-d8c3-4227-8d39-35a0326b10e7,"I can't sort my play list, can't add my wife to my plan...",1,2026-09-10 13:16:17,Negative
4b65c239-17b9-4fd5-9da4-74ea9088b17f,good 👍😊,5,2026-09-10 13:15:33,Positive
dcc539aa-31ba-43f5-a883-7b3a349149f3,😞,2,2026-09-10 13:13:27,Negative
fb62950a-1c60-4d85-97ea-a4780ed5d943,amazing,5,2026-09-10 13:13:05,Positive
b271bd9a-3744-44d6-adee-4e9376dbfc24,😩😩😩😫 the same file,4,2026-09-10 13:11:56,Positive
951a3b46-ec20-405e-8716-45123a388a90,Baddest,5,2026-09-10 13:09:42,Positive
2e979771-fd88-4c2c-bc75-9e1c25576f5f,works well for all moods and occasions,5,2026-09-10 13:08:06,Positive
e2e8899d-f01f-433c-beb1-57a412ec312c,too good try yourself once it fine up to you,5,2026-09-10 13:03:56,Positive
fac6fcca-8806-4934-bc38-4dc85eb065e8,Love love the app. insane convenience,5,2026-09-10 12:59:01,Positive
249c4588-6fe0-4076-9dbd-5ff93695930d,best songs but to much ads,5,2026-09-10 12:55:55,Positive
8236e4bd-549c-46f2-9186-6361bc99935c,"music, books, podcasts and I have the whole family on my plan for a reasonable price.",5,2026-09-10 12:55:09,Positive
7c517249-b1af-4639-89ff-d0642827bfd5,feel relax and mind. try to sing,5,2026-09-10 12:53:27,Positive
6b854ae9-c326-4bd7-857e-cb6daae95cbb,"The group mix has been a life saver between my friend group, we each have song we want to play for each other, befroe this we always fight (very subtle) for the connecting phone but now we just to the queue",5,2026-09-10 12:49:28,Positive
5b7d776a-ea22-43bf-8076-4edc961399d7,super song's,5,2026-09-10 12:45:06,Positive
fcf38ed8-a6dc-40e2-826a-96a12b9f135c,exceptional 🤩,5,2026-09-10 12:36:24,Positive
fbff17c0-40db-47bf-94e4-b82f6106e4b5,Best music player so far.,5,2026-09-10 12:34:11,Positive
480d8400-2a5a-4a57-8509-e31db3c5d2f5,I been using app for 6 years And my experience with the sound quality on how u can change it is fire,5,2026-09-10 12:34:01,Positive
ce5e91b0-9621-40d3-8fab-24ea2b2529c1,good with premium,4,2026-09-10 12:33:07,Positive
539a48b8-e3b7-47de-abf9-9f00219e81f5,absolutely pointless. inconvenient.,1,2026-09-10 12:31:45,Negative
51be82ee-185d-461a-aff1-306347ac0d11,control acche se nahin hota gana chalta nahin Hai,2,2026-09-10 12:31:13,Negative
70584aad-c17e-4376-a073-d7ee7b5494e7,"They donate money to hateful Politicians and show advertising that openly defends and perpetuates hatred, as well as military tech. I've canceled my subscription, and I've deleted the app. I am not going to support this. They've become not user-friendly over time as well, way too many ads in general, and now it's just not worth suffering through it anymore. they have also removed protest content. And now they have forced arbitration, which is very telling.",1,2026-09-10 12:30:36,Negative
a0f7f75e-68e7-45cd-ab06-ad11e20e91af,i love the app but pushing three ads at the time every two songs just to make me get the premium subscription is evil . i'm broke as hell and i'd settle with a normal music player and a 3rd party music downloader just to be able to listen to an album the way it's creator intended,1,2026-09-10 12:27:04,Negative
2014357e-1715-4e8b-8606-df0c84244dc5,awesome 😎,5,2026-09-10 12:26:47,Positive
4169c6e1-0081-4397-a7ed-0416979e5073,"Started getting adverts on a paid account, and the app has become over developed. Will be looking at alternative apps",1,2026-09-10 12:26:11,Negative
82feafd9-a4f5-430f-b36c-c6b7717e740d,poor app performance,1,2026-09-10 12:23:54,Negative
34e7bd0f-53bb-42d3-ab38-d17df452bf75,do you get to listen to any music you want and you don't have to pay it's completely free download this app today this is my favourite song right now love song by triple charm bye I love you guys and mostly Spotify,5,2026-09-10 12:20:28,Positive
fa61f60c-a905-4567-baaa-870481bfb506,love it!!! I've been having an account with them for yearzzzz!,5,2026-09-10 12:19:24,Positive
ed9f068e-8331-4226-a129-bb9ec7363290,this is too great aap for musicians and singer,4,2026-09-10 12:17:28,Positive
45e3afa6-1cf9-43db-a560-39a92fcaefe6,good features,5,2026-09-10 12:15:43,Positive
8dbadb7d-2f04-4fbd-b552-d4330715794a,It plays while browsing,5,2026-09-10 12:15:29,Positive
2d3048a3-04c7-411d-95e5-88a6679a449a,this app is perfect,5,2026-09-10 12:12:22,Positive
7b672f53-3464-4e1e-90d9-7952f30b0749,fantastic,5,2026-09-10 12:04:08,Positive
72d96711-1964-4ebc-93bd-55e6a0483278,maganda,5,2026-09-10 12:01:21,Positive
a567e5eb-cc77-4c48-b934-08fdd0aa22e8,not working..,1,2026-09-10 12:00:28,Negative
7f8cba19-c844-4dad-8a1d-bf2efd74a088,I don't like this app only shows get premium and no option to download without charges,1,2026-09-10 12:00:21,Negative
79af0ae4-531f-46ee-a923-e581da85a7a9,neutral,4,2026-09-10 12:00:01,Positive
b9a2c5e7-cdd4-45b6-a2ff-45dd82bfa673,too many ads I can't even listen more than two songs in row and also the ads are taking too much time it's have like 2 minutes of ads only i request to Spotify to have less ads please 🥺 other than ads everything is very good 👍 my kind request to Spotify....🥺,2,2026-09-10 11:57:09,Negative
1ea672b8-a146-48c6-94c3-13710502351a,best of all,5,2026-09-10 11:45:06,Positive
99c98232-cb4f-4fdc-8407-0bea47626e91,this app is just amazing 👏 especially when you are on premium,5,2026-09-10 11:35:05,Positive
2c23b2c7-5c25-4fbd-9089-fe945ef9c964,Love freedom Spotify gives you with it's offline features and more.,5,2026-09-10 11:32:55,Positive
eafb54c0-2c1f-4a06-b1d5-ebaef0d8be33,good app to listen to music but so many ad..u guys so try premium,5,2026-09-10 11:28:39,Positive
9fb2fbac-6dea-4903-afd0-6481ae00d9da,"Title: Music lovers ke liye best app! Main kaafi time se Spotify use kar raha hoon aur iska overall experience sach me kamaal ka hai. Sabse pehle iske features ki baat karein toh Spotify Connect lajawab hai—phone se laptop ya smart TV par gaana switch karna bilkul makkhan jaisa smooth lagta hai. Dusra, iska recommendation algorithm itna strong hai ki Discover Weekly aur Daily Mix me hamesha aise gaane milte hain jo seedhe mood se match kar jayein. App ka UI bohot clean aur dark-theme me premium",5,2026-09-10 11:27:01,Positive
6c05f6f7-cbff-491e-82a6-472bf7e62dc5,I love Spotify ... I am an old '70' s rocker AND my playlists -+ I LOVE 'EM ...,5,2026-09-10 11:26:31,Positive
5ec9c40c-0f86-48a1-92a8-d559ae21ab06,after buying premium it's cooll but but the interface lack something...,4,2026-09-10 11:26:18,Positive
8b5924e0-0553-4ea5-aeb6-ed23327211fe,wost app forever because after one sony played app give four ads,1,2026-09-10 11:25:26,Negative
5fabe99a-8796-44d9-a026-c22a94ac8a2e,nice song application,5,2026-09-10 11:24:49,Positive
95b5c9c2-f753-403e-b805-ce181265c471,perfect,5,2026-09-10 11:24:25,Positive
ed0cedb1-d271-4c31-85e5-33747352c00a,excellent,5,2026-09-10 11:23:40,Positive
f50654dc-6419-42a1-b640-e0787f4a9ab0,"the shuffle doesn't even work, how am i gonna subscribe to you guys?",1,2026-09-10 11:21:48,Negative
6b31d68e-803f-432c-b93a-53a0a2b44484,good,4,2026-09-10 11:17:34,Positive
548c9625-feae-4bf5-a3a3-5f92480cb3b1,"Me screenshot-ing a song while I'm in the app... doesn't mean that I want to share it to other apps or friends, I just wanted to screenshot certain songs instead of adding them to ANOTHER playlist. And because I enjoyed the cover image. Why is there a forced auto share feature? No. Please no.",3,2026-09-10 11:16:30,Neutral
9116e09a-6b64-46ab-a007-64fdf4e0c805,Great music streaming app with a huge selection of songs and playlists. I really like how easy it is to discover new music and organize my favorites.,5,2026-09-10 11:13:54,Positive
6070f07d-6d12-41d7-9df9-2ebe5ccde35e,still missing content specially metal,4,2026-09-10 11:13:23,Positive
c826a53a-ef24-47ef-853e-ba91da05d1d1,Lots of fun! Plenty of new music to enjoy.,5,2026-09-10 11:13:01,Positive
4863582a-0282-4193-8782-536f31a12b80,Perfect platform for music,5,2026-09-10 11:11:50,Positive
8a9277a7-a660-43c0-8fd0-357a562c9645,cause I can't play 3 random without a ad pooing up but overall it's really good,4,2026-09-10 11:05:46,Positive
ddf668af-fcb3-4e8c-8fc6-428618ecce37,this is a very good app and all song avelable,5,2026-09-10 11:05:36,Positive
87abe4fc-bac5-48a0-8ac7-b3682b9a7fc8,Simply the best!!!! Still the best!!!!,5,2026-09-10 11:04:16,Positive
144ebad4-30ed-4808-82be-73ec723ed4cb,bad experience,1,2026-09-10 10:59:11,Negative
338edd8f-82e7-445d-821c-939bd847ab7e,it's very nice but the ads are annoying😫,4,2026-09-10 10:56:59,Positive
a8147f1f-adec-4fc3-a428-ba595fac384e,had the best experience,5,2026-09-10 10:53:06,Positive
72417464-a83a-4d02-a1fa-6fa8aba999fd,absolutely love Spotify! can't live without it,5,2026-09-10 10:52:00,Positive
2240222b-a8a1-4a3e-8789-847748de2884,love how you can share between all yhe other platforms,5,2026-09-10 10:47:12,Positive
79d83695-bdae-4808-af1c-f77d4c6e1229,so so good,5,2026-09-10 10:46:43,Positive
c76d9201-9499-4914-9948-455f19563600,"Ads, think of that.",4,2026-09-10 10:45:08,Positive
37300f45-35e0-4415-bc2c-c98e24e1eedd,it was easy to use great music,5,2026-09-10 10:42:45,Positive
bd5a5e2f-8816-44c0-a304-b738038dec47,"Beautiful App, All genres songs Available",5,2026-09-10 10:42:12,Positive
fa30f0ac-970d-4d4b-8c59-ffb8d3df23ce,replays the same music on every shuffle. overpriced. music recommendations have just become another form of advertisement,1,2026-09-10 10:40:36,Negative
957689b8-9184-4c1e-a6c1-576df4d4ec04,NICE,5,2026-09-10 10:38:58,Positive
a3c0c403-74a8-4cce-9c23-37b77a15c9d3,nice,5,2026-09-10 10:36:06,Positive
d29de450-3dcf-4179-ac8a-74625653ba71,fair,5,2026-09-10 10:32:55,Positive
50f63c29-8c0d-4262-87cc-910f43d6ffd7,free ?,1,2026-09-10 10:32:18,Negative
7dac1a29-d340-4226-8f47-92bed1f3f1ff,its good,5,2026-09-10 10:30:41,Positive
ae1c5cc5-7202-4296-bebb-c29b84550cf7,"It's a fantastic app. The free version is good enough. but they push an outrageous amount of ads. and you can only pick what songs you wanna listen to so many times before it gives you the ""try the premium box."" it's just criminal",4,2026-09-10 10:30:23,Positive
691073d0-7485-4004-92e2-1ff097f4109c,"Best music app, no doubt",5,2026-09-10 10:27:39,Positive
0e4e1455-35f5-4eed-802f-103852ddd473,I love it,5,2026-09-10 10:26:36,Positive
1d074530-981c-4cb3-a91b-34524f9b5054,👍,5,2026-09-10 10:25:27,Positive
f8ff6602-7f08-4308-8c63-eab1b7ee377a,I can only listen to half of the song before it pauses completely. is this normal?,1,2026-09-10 10:24:11,Negative
5eedd1f8-e02b-4b57-bb3f-33aa9bfc717c,Emilio Kupido,1,2026-09-10 10:21:00,Negative
4ca60616-afbb-4f57-9c1b-90072d88842f,good experience,4,2026-09-10 10:18:54,Positive
7520a38e-7dcc-4b2f-9308-0322c34ff31d,good,5,2026-09-10 10:17:15,Positive
c3085af0-731c-4645-86cc-1a3308bd5aef,it's very bad experience,1,2026-09-10 10:12:57,Negative
81e19983-2ffd-46d5-a8c5-a221b90be7f1,Tangina kailangan naka premium pa,4,2026-09-10 10:12:14,Positive
c551ef97-2b1f-4361-8af5-b7fd0efb6b8e,"I'm traveling and the song I've always listened to are no longer available to listen to. If I can't open Spotify and listen to the songs I want, the app is useless.",1,2026-09-10 10:12:00,Negative
3e4464ff-989b-42a5-90e3-5feb5239c222,bad app,1,2026-09-10 10:07:55,Negative
ceb37f37-815f-4e8d-a395-f393980a1869,this app is waste of time if change 2 snog than a 2 min add come if chane 5 song continually than we cannot choose the song we want to play and everything is for premium the app continuously say to buy premium,1,2026-09-10 10:06:52,Negative
5743bb94-e745-4588-9a68-c4ea801c89f8,"best for similiar songs, awsome",5,2026-09-10 10:05:29,Positive
7a2dfebd-94c0-42b5-831d-0fceec8a4d40,"im literally a verified student with Spotify and have paid the student rate of R37 per month. for some reason spotify switched me over to legacy plan a couple of months back, bare in mind I can go check today and it will still show that im a VERIFIED STUDENT UNTIL 2027 AS PER SPOTIFY THEMSELVES. And everytime I wanna switch back over to student then Spotify says theres an error on their side. disgusting from Spotify because you are literally stealing from me and the whole world will know!",1,2026-09-10 10:04:55,Negative
20c7df07-c6b6-4e92-a3e4-dbb57ff90046,"oklah aplikasinya bagus overall ya,cuma kalau subscription langsung dari Spotify terus misalnya ni mau cancel tapi lupa terus,kan diminta trs tu duit kan,nah pas isi saldo tbtb tu duit hangus diambil Spotify buat lanjut paket premium nya,nah masalahnya ga bisa direfund lo,pdahal tu duit gua butuh bgt",3,2026-09-10 09:59:42,Neutral
5dfc9466-adec-44b5-a902-5fa4136724c8,the spotibai is so good because of the bisaya men,4,2026-09-10 09:56:59,Positive
f9d6f9ca-61d9-4a6f-919c-dd8754829a5d,complicated right now it is just change itself,1,2026-09-10 09:55:55,Negative
f9d610d4-1389-464e-a279-8205091fb9d9,"Scummy money hungry company who only manages to add updates that make the app more annoying and difficult to use anywhere. I look forward to finding a better alternative or just biting the bullet and actually buying all my music. Absolute trash. I recommend any other app. Pandora, Apple music, YouTube music, SoundCloud, etc.",1,2026-09-10 09:54:21,Negative
51c1406f-5db0-4f60-ab9f-ef9d33d30ec8,love it.,5,2026-09-10 09:54:17,Positive
69cc3231-8d63-42a0-be5a-2a45119ef4dd,love this apps,5,2026-09-10 09:53:51,Positive
39d60a91-14e3-4e02-8acb-54981965ca9e,sexual content,5,2026-09-10 09:51:17,Positive
fa9d19bc-00ac-48db-8b82-280798fd9b8b,Good,4,2026-09-10 09:47:46,Positive
c139d04b-847c-4565-9555-2e3d590c2478,doesn't let me listen to music about zov,4,2026-09-10 09:45:08,Positive
c773515c-8704-46bc-adbb-733eb8df2227,ஓொஒொோ🫂ஒொஒ,1,2026-09-10 09:44:06,Negative
f17975db-a526-406a-a221-7419cfa73bf8,amazing,5,2026-09-10 09:41:25,Positive
f627b3ba-28eb-438f-82fa-ca7fd5398ede,nice music,5,2026-09-10 09:34:23,Positive
64dc772f-7683-4cdb-8a0c-436abbdcb072,best music streaming app.,5,2026-09-10 09:32:55,Positive
0bcc1817-e97a-4a58-93a9-d0fb8ef95fa0,admin ma main of the main boss final boss raja terakhirnya kikir sih jadi males maenin nih si spotipi .,1,2026-09-10 09:27:34,Negative
c81dc306-cfad-4ca3-9c18-bbb8b55bfaf8,this update kinda suck considering you cant no longer choose a music you want,1,2026-09-10 09:25:31,Negative
bfe7261d-b35a-41de-a584-a70fd6a555cf,"The huge selection of Christian music helps me stay focused on worshipping my Lord and Savior, Jesus Christ!",5,2026-09-10 09:25:30,Positive
a90d12f9-6ae3-4d53-8429-505c51b9e6ac,Just awesome 👌,5,2026-09-10 09:23:23,Positive
b40303ba-5652-40ea-9717-f6254fc84b41,omg,5,2026-09-10 09:15:46,Positive
cd12e7f1-329b-4e49-9e5e-3bd11d63e47b,"maganda lang, pake mo basta magands sya",5,2026-09-10 09:12:42,Positive
995b2d6e-ec91-43e9-92f3-fea36c07eb40,"Spotify you are blocking many songs lately, but the cherry on top was 'Welcome to St Tropez' by DJ Antoine and Timati. We all know why you did it and it's childish. I already cancelled my subscription and I'm going to YouTube music where the song is still available. how can you do that in the 15 anniversaire. You lost a loyal subscriber.",1,2026-09-10 09:12:33,Negative
6f6a8d26-2f03-428b-b490-11a4d0d8731f,Amazing,5,2026-09-10 09:09:28,Positive
1325af2e-878e-4c7f-be98-1f84ea82428f,This is the best app for listening music,5,2026-09-10 09:08:12,Positive
dedd1bf9-cbbc-45b8-ab71-0eabb0f97ff5,mdsujon,5,2026-09-10 09:08:10,Positive
cdcecd78-2f44-4cab-a603-e90563a14d73,love it,5,2026-09-10 09:07:05,Positive
9ff15dcb-e660-4a79-b44c-d410d84dacb1,Man.. Refresh my daily mixes a bit more often. It's the same stuff for days!! Mix it up a bit guys...,3,2026-09-10 09:06:34,Neutral
404b4482-34de-4b14-bba1-3f9275a0f59d,Really good barely gives me any ads,5,2026-09-10 09:05:45,Positive
912b0f33-316a-4373-8ce0-aa08f34f2ba4,this is amazing,4,2026-09-10 09:02:42,Positive
411ffab3-0880-48f5-b87a-99a06792d34d,vote 5 stars?i cant even focuse on one playlist too many ads too and i am not rich like hell okay??,2,2026-09-10 08:57:51,Negative
1b79ba4e-3e8a-499a-b0b5-3b0f35079d60,I am use this platform very good 👍,5,2026-09-10 08:55:12,Positive
4432cec6-2ff7-4140-94ed-f272f10d637b,it's great,5,2026-09-10 08:53:39,Positive
3837303a-cee6-4f81-b9e1-5688cf548ef1,I love it,5,2026-09-10 08:50:15,Positive
b79d9283-e3ba-4530-8756-98a02b9ad89a,👍,4,2026-09-10 08:50:13,Positive
240339f5-12b0-4e93-9f03-a59f3bd122ec,lov em,5,2026-09-10 08:42:56,Positive
6d4a8b77-7004-4564-bbcc-26a5a6492e98,can't download song,1,2026-09-10 08:40:15,Negative
98136c79-5698-40e0-82fe-1c8c188cbecb,I frickin love music and now I can listen to music while playing dandys world >:3 edit: too many adds. and they're getting really annoying.,2,2026-09-10 08:37:01,Negative
39e90710-e02c-42b5-bae5-d8d1cdffd1cd,Great app! AI is getting better! thx,5,2026-09-10 08:36:24,Positive
192433f1-6a8d-4d7b-8c4a-9a9fd8e0dc64,hi Spotify,5,2026-09-10 08:30:54,Positive
5d7e844b-36df-4ff4-9eaa-57c7b374ab2c,"forcing for explore, forcing for package",1,2026-09-10 08:30:30,Negative
065e1448-13dd-43ac-b31e-06bbd1f1571d,"you wouldn't think people wouldn't take welcome back offers for premium just because the woman who voices the ad can't pronounce her english properly but no, you want to be diverse and unique and pay the woman but here i am, a bit annoyed you think that's enough to convince me to take a welcome back offer. it's a great offer honestly. i just...honestly just hire a stuttering woman and I'll do it.",2,2026-09-10 08:23:06,Negative
fc7034e0-02b1-4aee-95fa-fb41bb574875,as long as entire songs r played & lyrics- I think it's great. While there's not many adds,5,2026-09-10 08:22:15,Positive
7fdf8ccd-1916-43de-b799-588d7fc3db85,once upon a time it's best ! but it's worst now ! adds ... especially I can't listen songs jst for not having premium.. so now I am jst deleting this bleedy app !,1,2026-09-10 08:21:13,Negative
580a873f-57ad-40b5-a56e-d489392eb0f1,"I'm a huge fan of Spotify. I tried out Spotify 6 yesrs ago and I've been a loyal user ever since. For me, it's their attention to the Customer Experience and digital forward enhancements. Many great apps and products end up ruined when companies stop focusing on the experience.",5,2026-09-10 08:18:45,Positive
1d41816d-fa10-49a9-971f-6e1e6a3eb2a0,sidhu mossewala,5,2026-09-10 08:17:31,Positive
dbdbf138-7fe5-42f5-b754-028963c49e7d,gooood,5,2026-09-10 08:12:35,Positive
d92e5755-39a3-4772-8e93-345a21ac77d5,😈🌅😍,5,2026-09-10 08:06:51,Positive
b94b81f4-d175-4af8-bc40-194607361b0d,sajankimar,5,2026-09-10 08:03:41,Positive
52a7fdda-b3d8-4d24-bbad-182e9e2c0ea6,Lots of ads if you don't pay not a lot of audio books if you don't pay and some songs are behind a PAY WALL so the app is only worth it if you pay for a plan then and only then can you see listen or relax to stuff. But other then that there is lots of music and Spotify gets artist releases first.,3,2026-09-10 07:57:52,Neutral
f9569478-85ee-45ec-a54e-0ddb13feef97,marvellous selection of music genres.,5,2026-09-10 07:57:01,Positive
4bcec962-4314-4e5b-81a0-caed5f2a9693,Why is there a limit to showing lyrics. It's the stupidest thing I ever heard of.,5,2026-09-10 07:56:31,Positive
3b724639-f7b0-4924-b6e1-d7a82d0eb53d,it is a really good app other than the ads being really long it is a really nice music app to get you pumped up for a game or even to just chill when you go fishing,5,2026-09-10 07:52:44,Positive
613c276d-3d73-442f-ae2b-5e7f2198576e,"is it all just Spotify premium now? I can't even play songs in peace without ""OH YOu CaNt pLAy tHis SonG, cHoOse toMorrOw""",1,2026-09-10 07:51:07,Negative
66361e16-9c2b-4386-becc-975d9e5d5e33,fabulous,5,2026-09-10 07:49:29,Positive
d40ce28c-0158-4189-b94c-9df876196454,love it,5,2026-09-10 07:41:17,Positive
b7202856-fa7c-473b-8aa4-59e95f141be2,I can easily listen to my favorite songs with Spotify,5,2026-09-10 07:39:49,Positive
601dde0c-f6c4-465b-a840-96d3cf11bd63,I found all my song taste in tis appp and it's too fantastic 💖💫,5,2026-09-10 07:38:34,Positive
fb454a6f-e76a-4828-9344-fdbac07979d3,Good stuff,5,2026-09-10 07:36:35,Positive
1019ef4f-4665-4682-9e15-1ccc5a93743f,Matched with someone via moon signs!,5,2026-09-10 07:27:29,Positive
8fcb47da-d625-45e4-b3ea-acef8155d38c,Spotify DJ absolutely sucks. I keep skipping songs that I do not want to listen to and it malfunctions. when I ask for it to stop playing music of a specific type it tells me that it can't do that. when I say I don't want to listen to the specific type of music it should be a permanent fix. It clearly doesn't understand nor comprehend the tastes of the person listening.,1,2026-09-10 07:27:08,Negative
cf54ee9e-ff9a-4ada-8a4b-e6ec3dc478e6,Best app to use,5,2026-09-10 07:26:23,Positive
65057b55-7078-42a3-ad2e-f0e4a5732bd8,nice,5,2026-09-10 07:21:35,Positive
99b0a53f-623d-41a6-9322-025932bb40ee,Thankyou Spotify ✨ 🩵✨,5,2026-09-10 07:16:08,Positive
29f845de-4b61-41ad-b71f-1188b6ff5294,"I paid for 12 months, realized in month two it wasn't for me, and Spotify’s response is 'tough luck, read the fine print.'"" Zero pro-rated refunds. Zero flexibility. Now I’m stuck with hate-streaming music on an app I don't want because Spotify’s legal terms are designed to pocket your money upfront and shut the door behind you. Never buy an annual subscription from a company that relies on hostage tactics instead of product quality to keep its subscriber numbers up.",1,2026-09-10 07:14:23,Negative
b0718206-dc9d-4729-81cf-004822a23882,"I paid for 12 months, realized in month two it wasn't for me, and Spotify’s response is 'tough luck, read the fine print.'"" Zero pro-rated refunds. Zero flexibility. Now I’m stuck with hate-streaming music on an app I don't want because Spotify’s legal terms are designed to pocket your money upfront and shut the door behind you. Never buy an annual subscription from a company that relies on hostage tactics instead of product quality to keep its subscriber numbers up.",1,2026-09-10 07:13:50,Negative
484492db-7b5e-40f1-ac95-aac2d8169678,"I paid for 12 months, realized in month two it wasn't for me, and Spotify’s response is 'tough luck, read the fine print.'"" Zero pro-rated refunds. Zero flexibility. Now I’m stuck with hate-streaming music on an app I don't want because Spotify’s legal terms are designed to pocket your money upfront and shut the door behind you. Never buy an annual subscription from a company that relies on hostage tactics instead of product quality to keep its subscriber numbers up.",1,2026-09-10 07:13:22,Negative
75f33643-2803-42f4-95d5-02d4f8aa5442,"Spotify silently kept existing users on the higher ""Legacy"" 6-user plan (RM 30.90) instead of offering the 4-user tier (RM 27.90). If you only need 4 slots, you’re overpaying RM 36 a year for unused slots! Support hid behind rigid rules to deny a goodwill credit. It’s not about the money, it’s about taking advantage of loyalty and penalizing long-term users. I’ve cancelled my subscription. Check your billing settings so you don't end up paying extra like I did!",2,2026-09-10 07:12:41,Negative
223cc62e-dc68-4359-889a-0221628efd61,"I paid for 12 months, realized in month two it wasn't for me, and Spotify’s response is 'tough luck, read the fine print.'"" Zero pro-rated refunds. Zero flexibility. Now I’m stuck with hate-streaming music on an app I don't want because Spotify’s legal terms are designed to pocket your money upfront and shut the door behind you. Never buy an annual subscription from a company that relies on hostage tactics instead of product quality to keep its subscriber numbers up.",1,2026-09-10 07:10:24,Negative
4f42f5ed-28f8-4308-9f5f-65ac706d897c,me gusta,5,2026-09-10 07:07:57,Positive
c671eb85-b63c-421e-9865-009a3ca147ea,"legitimately the best music app, tho 4 stars for the constant ads and needing Spotify premium to have the perfect app good overall",4,2026-09-10 07:06:34,Positive
4e2c1d7a-5050-4269-a94b-ecbb615e533a,good app,4,2026-09-10 07:04:54,Positive
186bbf6d-e001-4508-be65-3eaf4c100e05,এবি দেকার আপটার,2,2026-09-10 07:04:01,Negative
31a15b98-9568-41a9-aad7-493ac8a1a3ff,"Spotify eliminating the gift card is short sighted. One, you're not the only way to listen to music. Two, you're High if you think I'm going to use a debit card. Three, being a customer for 9y doesn't mean anything to this company. What Spotify...you're making so much money that customers are disposable? Good Look.",2,2026-09-10 07:02:40,Negative
6e01f2c9-13d8-4eec-a86f-d55bd8257aee,shapeeeee 💝,5,2026-09-10 07:02:31,Positive
7a899f0a-03b5-4aee-ad8e-c0c7099d8195,erratic at times lack upgrade warnings constant refreshing play list,1,2026-09-10 06:58:08,Negative
163f88cb-3ac0-496d-b068-4f0d49ebfc24,Stop messing with my music then maybe I'll give a higher rating,3,2026-09-10 06:57:06,Neutral
80190900-fa43-4fab-85f2-fe5d93ec3b8c,mind blowing advartiment and beautiful song,4,2026-09-10 06:54:56,Positive
1367ce49-2d3e-4706-9d93-41ef919d26fb,app is too aggressive,3,2026-09-10 06:54:31,Neutral
0cc07faa-5c58-4ff8-aaf4-47abbe7c546a,"..""easy & convenient: one of the best experience ever"".",5,2026-09-10 06:54:03,Positive
9a4e5488-abfa-4077-b8cd-09318c3685c3,i love it but the ads are killing me,5,2026-09-10 06:51:08,Positive
fb571211-1824-4148-830b-b3c7197e1d0b,"Spotify remains the industry standard for music streaming, offering an unmatched combination of a massive song library, industry-leading playlist curation, and a seamless cross-platform experience. Its algorithmic discovery tools—like Discover Weekly and Daily Mixes—are still the best in the business for finding new music tailored to exact listening habits. **Standout Features** * **Personalized Playlists:** Consistently accurate recommendations that adapt quickly to shifting musical tastes. *",5,2026-09-10 06:50:35,Positive
d5e9749b-6fc4-4db8-9fd2-6853fd38b836,"This app is functional but underwhelming. The bugs have been ramping up a ton recently. They span cosmetic issues, UX pain, and sometimes the widget or app simply don't work. Disappointing, especially as a trajectory.",3,2026-09-10 06:44:51,Neutral
995f373d-1464-4001-bc8f-8fc9430bf44b,I love this app. though i wish i could download the audio but i listen to music day after day without fail. awesome app though. definetly recommend,5,2026-09-10 06:40:42,Positive
4b363161-3f0a-499b-afd1-60a75deeb2d0,Actually a 5 but there is too many ads and I need to download and I dont have a Subscription and that makes me a LITTLE bit mad,4,2026-09-10 06:40:38,Positive
ea2d5527-4f5d-407b-a94b-eb37b9ab7d5d,Excellent.,5,2026-09-10 06:38:24,Positive
55e81d02-3f9a-4e27-9e6b-429ec0ecff83,good music quality,5,2026-09-10 06:29:44,Positive
cc352857-0fd4-44ce-bad7-ebbea8c2890a,I love this app Ty and recommend getting Spotify. premium is a lot though but they*sometimes give you a discount*I don't have it thought 😞,5,2026-09-10 06:23:56,Positive
e2051c45-adef-418c-a1f3-2508a36f3295,Hasn't failed me once for what it's made for,5,2026-09-10 06:23:25,Positive
3804d674-3014-4dea-9d6f-637694584af1,"I really used to like this app, just 2 adds every now and then but now I get 6 adds then get to 1 song and then I get 6 more adds. ""listen to music add free"" is the worst lie I've ever heard I have heard more adds then I do music anymore and y'all expect me to pay for premium well I can't cuz I'm broke, and y'all used to let us pick the song we wanna listen to but now I have to pay to listen to a song of my choice, I hate y'all so much, y'all used to be add free now it's repetitive adds.",1,2026-09-10 06:19:22,Negative
15a8cd96-4294-446d-8744-d1262cd7ba22,Not the worst and not the best,3,2026-09-10 06:15:13,Neutral
17b21a65-3dee-4ed9-8008-adaa15fe8c0f,nice,5,2026-09-10 06:12:30,Positive
8e3ef228-9e07-41ff-9b75-abd37a1ae26a,"having this app without premium is literally like being shackled by all your limbs. multiple ad breaks, limited uses of song selection, no flexibility when it comes to fast forwarding or rewinding a song, at a certain point your not even allowed to pick what songs you want to listen to, only 6 song skips which is just ridiculous, and etc. I could go on about the problems this app has but if you have premium the app feels perfect to me.",3,2026-09-10 06:09:04,Neutral
4da44a30-3368-4899-8ffa-74c9c832948b,"I really enjoyed using Spotify,I love music",1,2026-09-10 06:06:20,Negative
8c852ad1-c5f7-4fb4-8c67-dff22234e67b,what is happening with the app lately? it's lagging terribly. takes ages before the songs load so I can press play or the next song starts playing automatically.,3,2026-09-10 05:58:14,Neutral
3e786991-8518-4971-935e-759cfd378df3,"Been using this app since 2020 and it was wonderful. Could listen to songs on repeat without it telling you to buy premium for 6.99 just to get rid of the ads. Now, six years later it's so bad. Constantly getting ads even though it says 15 minute break from ads, WRONG. It's two songs then four ads. Will no longer be using this app. been using Pandora for a few days now it's so much better. just have to watch an ad for the song u want and then boom, for 5 songs, your good. by Spotify.",1,2026-09-10 05:52:02,Negative
d8f529fb-dfda-4e94-ace8-a207af386815,most glorious app ever,5,2026-09-10 05:47:14,Positive
10201bdf-f957-4597-8193-33c9c99ef49a,Niche,5,2026-09-10 05:42:28,Positive
94b17aed-ba78-424a-adad-d6b52a6afc9d,"Spotify has a great music library and excellent features, but the Premium subscription price is quite high. I would prefer a more affordable monthly plan, especially for individual users. Lower pricing would make Spotify more accessible and better value for money.",5,2026-09-10 05:40:41,Positive
71e9e940-2c2b-46a6-b7f5-37d625bd1de2,I absolutely love this app 10/10 app would recommend,5,2026-09-10 05:40:30,Positive
f471e68a-cca1-485b-82a2-0a39bb584c19,it is really good sound and there is so many songs and I love being able to message freinds on there,5,2026-09-10 05:38:39,Positive
6e2baf55-0055-43bf-b82b-55a71884e05a,best app for my music but I wish u guys would add 180 lifestyle by morgan wallen,5,2026-09-10 05:34:40,Positive
3c5ec77a-fa1d-46ad-8e40-a50264dae8cf,Spotify is absolutely amazing! It has gotten me a lot more into music. The songs that Spotify holds are beautiful to listen to and the podcasts on there are inspiring and hopeful! I highly recommend this app!,5,2026-09-10 05:33:47,Positive
ed355ace-22e9-4fb4-aacf-bec871987bcb,"I love everything about Spotify, especially that they're one of Barça's sponsors. But there's one feature that would take the app experience to another level, letting me see the total hours of my Liked Songs, just the way it is for other playlists.",5,2026-09-10 05:19:50,Positive
7ecb5770-84bc-4233-b0d1-bd6b0659e344,I listen to more Advertisements than music. I'm looking for new applications now. Otherwise I start using my VLC player.,1,2026-09-10 05:16:42,Negative
411374a6-d43a-48b4-95f9-cbd4fa02594c,great happy with thanks,5,2026-09-10 05:15:20,Positive
16773e67-aa5a-4b79-bbff-d39a0d48d9ca,"a qualidade do áudio é ótima, tem muita coisa e bla bla bla. vcs deveriam parar de ficar desesperados quando a mensalidade n é paga na hora. imediatamente removem todos os donwload e põe as configurações no padrão sempre, coisa irritante dos infernos.",2,2026-09-10 05:06:41,Negative
686abc14-11d4-4bff-b77f-654a932fd6b0,too much ad,1,2026-09-10 05:04:11,Negative
1db02f2f-34dc-4172-8adc-f03119287d06,beautiful,5,2026-09-10 04:58:51,Positive
7c9c525f-83e4-4b1e-812c-0b71787fa7ee,It's awesome. Nough said.,5,2026-09-10 04:54:02,Positive
3f8dfd21-9e09-4855-bfdd-85d40a06f935,Great,5,2026-09-10 04:38:03,Positive
c0f1f3aa-5769-44bc-a1ff-5816ab4d7c8f,its a necessity,5,2026-09-10 04:37:02,Positive
7f07de91-fc81-4ebb-8d64-7b850e006c71,best music apps.,5,2026-09-10 04:32:43,Positive
3e802512-07b2-4ac7-a395-6d70129a89c9,you basically cant do anything if you dont have premium and I havent used Spotify for months and suddenly it charged me as soon as my card opened and so I instantly asked support (which is literally just a ai system that doesnt listen to you which is greatttt) and they just said they wouldnt give me my money back soooo just dont make an account and if you do dont make multiple because they will randomly charge your old ones!!,1,2026-09-10 04:29:15,Negative
10cbcdcb-c01f-4986-b89d-2eb1188d6d4e,"I like spotify , but I wish when it came to the app , fewer ads because they're way too many, like one or two is fine. and The permian , I think, should be a one-time payment.",3,2026-09-10 04:27:53,Neutral
c68b2efa-2328-460e-b67d-fc8e9e46c146,too many break up for adds. it's just too much,2,2026-09-10 04:15:39,Negative
0fd40a5b-ddb2-4714-80f3-9ce68ab99acf,Spotify is the best.,5,2026-09-10 04:15:27,Positive
ef6858ed-8830-405f-8d19-1eb9d228978e,been good so far great variety on music,5,2026-09-10 04:13:43,Positive
eff3f21e-44a2-47d1-a4cd-642b59320c8a,Playlist constantly stops playing. I have to go into the app and rehit play almost every other song,2,2026-09-10 04:13:02,Negative
699e58db-01cc-4c99-a78c-b1ef4ab6525e,I have purchased 1 year premium membership...... This is very cheap.... I think you all should have to go for 1 year not single monthly.... Btw the app is very good.... Every one knows,5,2026-09-10 04:08:08,Positive
b5831f5c-a9b7-48e6-a492-d6ea225420d8,"Great but frustrating, I am an active listener, daily of music and podcasts. But they realise that they could be making money from my account and strange things happen. This week my queue is flooded with music I did nit add there. I mainly use the queue for night time stories wiyh a timer. imagine falling asleep and then abruptly being jolted awake by an obscure song. fed up also of silly adverts that do not match my listening habits at all...sometimes 4 in a row.",2,2026-09-10 04:07:59,Negative
74f56239-3980-40f7-9ce9-033ad08c064e,"to many adds,but the best app to blast your favorites,I just I wish I had money to pay for the premium,just imagine how it would be, it's like am using the free one but it's good asf, Spotify I love you 😘",5,2026-09-10 04:05:48,Positive
de668772-cba7-4cfe-8db5-a5a3496c486b,the adds are really annoying,3,2026-09-10 04:04:51,Neutral
d1ee91c9-3ca4-4353-9ba1-e1fde82a8f49,"Love the app. But for the love of all that is green on God's earth ... stop with the ads! Way too many. Stawwwp plz. thx. Edit: Yes, Premium is an option for ad-free listening. But come on... if you lowered the amount of ads, that's fine enough. 4-5 of them in a row? I don't really care how long they are; they're still there. They interrupt amazing music.",3,2026-09-10 04:01:38,Neutral
dfb9e84d-9aee-4337-9a50-5dc18005012e,I love it!,5,2026-09-10 04:01:29,Positive
9c7a8adc-d50a-4cf2-ab6b-0455f2c6d41c,👍,5,2026-09-10 03:59:01,Positive
7044328d-1b49-4123-9966-9a7689aff0f5,Can't believe that you have a limit on selecting songs on the free version.. this app is garbage,1,2026-09-10 03:56:40,Negative
1d2f2a74-eed4-44d5-9b31-5fcd045e7bcc,why every time I get on that app for some reason when I try to switch the song on my playlist it won't let me saying that I had to pay $0 for 3 months for free give it my credit card information which I'm not stupid they need to change a policy it's really slow bro why do I have to go out of my playlist just play the song I want to listen to and then I get more ads like four or five ads what sense does that make it makes no sense,1,2026-09-10 03:52:25,Negative
6845c336-36be-456f-b5c3-68f9f118687e,"Honestly has been great so far, the ads are a downer but they gotta be sustainable somehow. It also helps smaller artists and companies get more reach so it's bearable.",5,2026-09-10 03:50:08,Positive
1cd14810-d05a-4c72-9184-f83f44b8094a,I can find my favorite songs through the singer,5,2026-09-10 03:49:34,Positive
2299e49c-15ba-4711-965d-67b60ba7385d,Wish i could upload my own downlaoded songs with a folder but other than that great app.,5,2026-09-10 03:46:32,Positive
c651547d-74de-4540-beb3-f2d05e450496,great for saving songs just annoying with the ads.,5,2026-09-10 03:38:44,Positive
875eaea5-f8a0-4365-b807-a908b1866d16,Good music service!,5,2026-09-10 03:37:38,Positive
d0dcf2b7-81aa-435c-9921-4faa57fecd26,تطبيق خراا كله اشتراك اشتراك دا يعني كفاية انهم عاملين التحميل بي اشتراك و كمان سمع الأغاني بقي محدود و لازم اشترك علشان اسمع اغاني اسوء تطبيق للأغاني حرفياً ال ملوش في الأشتراك يبعد عنه تطبيق خراا خراا خراا,1,2026-09-10 03:31:32,Negative
ccb4d0b9-dc85-4846-9952-2d77958719d0,enjoyable and reliable 👌,5,2026-09-10 03:21:45,Positive
d40c14a2-5d9e-4b31-83b7-4a06690fbbdb,So you won't ever tell me about new music from artists except when it's a fake song. Some random ai song put up under their name. Been up 2 days and it seems super hard to report. Maybe make reporting this type of thing easier. As it's ruining your app alot laterly. We pay for a rubbish service,1,2026-09-10 03:21:08,Negative
5f5750c5-4fa4-47ec-b123-53476903a759,Awesome,4,2026-09-10 03:19:51,Positive
1df74db8-7733-4bb6-b215-b5d0794639da,"best app there is, no issues",5,2026-09-10 03:19:16,Positive
c601755e-9468-4fff-a01a-dc39847c63d4,I love this app. I've never had a problem with it. I thought I wouldn't be able to hear anymore of my old songs! When I signed up to listen to music back in the day. I was in my glory to hear my older songs that I thought I lost for good.,5,2026-09-10 03:16:18,Positive
8fa73cbe-b6db-484e-8a0e-5e1d5dfe5c75,damn good music but podcast comments was a mistake,5,2026-09-10 03:15:35,Positive
083b4ab3-5d02-43b7-b680-943021525d1c,I can listen to the music I love anytime!,5,2026-09-10 03:15:19,Positive
6e66a1a7-29ad-420c-a1c7-41708c538af3,it makes u listen to random songs even when u have a Playlist,1,2026-09-10 03:03:11,Negative
82182b64-a61b-4b52-860a-5167ce75a772,very bad,1,2026-09-10 03:02:13,Negative
d4bb967d-bf04-4999-9fc0-284e9dfd8daf,just adds,3,2026-09-10 03:01:47,Neutral
c2ad7757-91dd-450a-9420-fe6454912fcc,when u have a Playlist It makes random songs be added,1,2026-09-10 03:01:39,Negative
db789aff-aeb1-4b7e-8a9d-211862b23b6b,I love it 😀 😍,5,2026-09-10 02:59:57,Positive
cad634c7-caec-4836-923d-80086b0c23a8,best music app I have ever used,5,2026-09-10 02:59:08,Positive
a75a4ac7-9f09-48cc-90fd-7bd915c50fc8,"I love Spotify, but the only downside is the ads that you have to deal with unless you pay for premium monthly... so I just deal with the ads because not everyone has the money to pay for something every month!",4,2026-09-10 02:53:56,Positive
7afc69f7-c4da-4787-a082-9933e8c6bf6d,excellent music for every occasion,5,2026-09-10 02:52:50,Positive
a81ec7b3-c71a-488b-8a13-d40eb59e0301,300 adds just for 5 minutes of music,1,2026-09-10 02:51:54,Negative
fadb5296-41cf-4eeb-8a0f-2c1a2edc9345,best for online and off screen listening 😄,5,2026-09-10 02:48:20,Positive
96bf0d87-840b-465d-9fa7-7890974d1d8a,good 😊,5,2026-09-10 02:47:57,Positive
d871fc59-4a72-479d-8cc5-1e00730f8163,ads interrupt too much and premium Spotify is expensive,1,2026-09-10 02:46:26,Negative
d358b649-eb50-4110-b592-057ce4328bfa,ads 🤬🤬🤬🤬,1,2026-09-10 02:45:20,Negative
105ba12c-57c5-451d-8d56-66922de89e6d,I had my membership for the past couple of years and I had no issues with the app. I really enjoy the personalization aspect of the app.,5,2026-09-10 02:45:08,Positive
582be0df-3bdb-4b9e-b29b-3269978e079c,worst app on the app store,1,2026-09-10 02:45:07,Negative
b923f280-a821-459c-a0df-2cbc741f4d4c,I love this app way more than any other app because it ply even when I turn off my device and when I leave the app which is amazing so thank goodness I found this,5,2026-09-10 02:44:50,Positive
eaf89455-33ea-4bef-b576-b3031fb8309f,asd 🤬🤬🤬,1,2026-09-10 02:44:45,Negative
bcc45af5-6414-48b9-a133-3451a27850cb,delicious,5,2026-09-10 02:36:55,Positive
16d5308e-84a5-4071-bb72-07b622a1ec32,I listened to Spotify for probably 3 to 5 hours a day. it is absolutely excellent!,5,2026-09-10 02:32:38,Positive
ece1ad5d-ab23-415b-b7b7-965f250b4766,the best music place,5,2026-09-10 02:27:42,Positive
f5508df0-9b20-4bbf-a89f-f6b72a474f5f,I enjoy Spotify more than every other music platforms. this is just the best.,5,2026-09-10 02:27:13,Positive
5d8cccad-89fd-45be-9ba0-4c4e345c54ce,get it it's amazing,5,2026-09-10 02:21:28,Positive
0421bd0a-b630-491f-9634-6ad6dfb3eaf2,Stunning,5,2026-09-10 02:20:14,Positive
d3063037-19e3-4e09-a64a-aa194bf28acc,As a premium user Spotify is best.,5,2026-09-10 02:17:08,Positive
e0ee05df-7f05-40b8-bd9a-e04344eb2c9a,Top!,5,2026-09-10 02:13:33,Positive
03935407-08f4-4ff3-8b0e-05679a1eabd9,IG Subi ♡,5,2026-09-10 02:12:24,Positive
0065eb78-b9cc-4b14-a421-557fffb88765,App very bad at adding songs to playlists with slow connection. They should use a queue to add songs to playlists locally and sync with cloud. More often than I can count I add songs to playlists but changes are not saved. WHATS THE POINT!?,2,2026-09-10 02:11:38,Negative
31e1ceb5-b62f-4f7c-b8fb-b991817b08e9,Way too many ads. 4 or 5 ads per song.,1,2026-09-10 02:06:52,Negative
e011148a-4b1f-4c93-a68d-5f42a6e0e0d6,they changed a lot like now they shuffle songs and I can't reverse the song at all or go back and I have to listen to the full song,2,2026-09-10 02:04:56,Negative
637cb7e2-5e8b-44c8-b280-4c43f44fc477,the best one🍻,5,2026-09-10 02:00:40,Positive
031e95ed-75c7-4b0c-a329-7c486efe92f1,the ads make me wanna kill myself,1,2026-09-10 01:58:19,Negative
658e31b7-1e8d-460d-a42c-cf200e73ead9,😮‍💨🎧💥!!!,5,2026-09-10 01:56:41,Positive
b898d176-5887-41a8-ad76-8d4e444e5908,awesome 👌,5,2026-09-10 01:54:36,Positive
9c17158d-2bea-4f43-aa20-e348642631e0,the retarded ai has made this app horrible compared to when it released,1,2026-09-10 01:49:29,Negative
7c7d5266-bafb-4ba9-a4f8-2df85ca57c4e,it's really great and I really enjoy it,5,2026-09-10 01:48:40,Positive
63448a6a-772e-4549-9090-68d7a5d4895f,it's good but needs less ads after like 3 songs,4,2026-09-10 01:45:00,Positive
cde32fbe-3d26-4ed5-9d72-d0aa5b0ec753,iluvittsm,5,2026-09-10 01:44:55,Positive
86a1f7de-3c6b-4ebc-8c70-cedfbc7cb41d,💯,5,2026-09-10 01:40:08,Positive
56322fee-a2ef-4d6f-a398-51a9466eaf71,love,5,2026-09-10 01:38:44,Positive
8857f1e5-c6a9-41aa-9531-20050739b4e9,"love Spotify! It's one of my most-used apps: podcasts, books, and my favorite music, plus great suggestions based on my preferences 😄",5,2026-09-10 01:37:33,Positive
481d4335-7058-4b59-9f26-db0dea064652,too many ads in between. break the flow.,2,2026-09-10 01:36:53,Negative
942c2594-a00f-406a-b521-1e980a3f9117,muchmnv NV f numbers,3,2026-09-10 01:36:33,Neutral
cf38d5ed-ab94-4f3f-bbe6-ef6f35e73f80,Big load of rubbish,1,2026-09-10 01:35:06,Negative
3e94b32f-5372-4991-b85a-0dfddd5a30a5,Customer service reps can't correct account address glitch,1,2026-09-10 01:34:36,Negative
fcc19647-e0e8-40fc-adf4-da81e2584b8e,"this ""update"" has nothing but issues!!",1,2026-09-10 01:31:13,Negative
61274ee3-3dfc-4595-92fa-79cdcf9fcee3,I am using Spotify since 2018 and it only gets better. We'll worth the subscription and you get so much content that you will never run out of what to listen to,5,2026-09-10 01:29:47,Positive
ae7d4a1c-3412-45e6-b385-6fb1d25bfb43,At the Attic we have hypo 2000 Vaccumes airmax and mascara while on Spotify it says pay donations Via Damphirs and the Breaths,5,2026-09-10 01:29:46,Positive
8fb909ce-363c-481f-b2d7-5a803f45881b,I get to have many new songs😁😁,5,2026-09-10 01:27:58,Positive
d56ee2a8-b4ea-436d-9f35-85c2f1e569b7,bas tailor hi deta rehta hai Koi gana free Nahin Hai🙄🙄🙄😒,1,2026-09-10 01:26:04,Negative
f3ea0f93-691b-49b4-818e-054b834356be,nice,5,2026-09-10 01:24:31,Positive
86ab239b-a8cf-4690-b140-65592c9dde07,🤯😵‍💫😵‍💫,5,2026-09-10 01:22:20,Positive
63d2de6d-0794-4837-ad4c-e81b1994202e,the best,5,2026-09-10 01:20:42,Positive
d0e8dfc1-7611-4ed7-a93c-028efe13881e,I pay these people $13 a month just for the app to crash every other time i try to listen to a podcast.,2,2026-09-10 01:16:57,Negative
28fc4f42-0e8f-4641-9140-4842c785003d,phenomenal!!!!!,5,2026-09-10 01:08:29,Positive
444bb104-3d2a-4b1d-9f9d-7a549a233293,love this app,5,2026-09-10 01:07:15,Positive
adf2a624-ee2c-4e5d-a766-169f528ca01b,nice,5,2026-09-10 01:05:25,Positive
11126193-d4d7-4255-a267-b9c75b9fdcb0,sells your info and steals your music,1,2026-09-10 01:02:25,Negative
2405b685-2b17-4731-95f3-ddf19488e794,so many adds,3,2026-09-10 01:00:05,Neutral
bc238274-a8b0-4f8b-b16e-253c4d23aeca,it was so good I can't say more then that,5,2026-09-10 00:58:40,Positive
f4ea6b2e-a84e-4501-89f7-03e5f0493cc9,One of the best places to get your tunes 😎,5,2026-09-10 00:55:29,Positive
43430cfd-cbb7-4513-8099-9533e1815772,EXCELLENT APP 💯💯,5,2026-09-10 00:54:32,Positive
02dde228-72b6-4f1c-9cee-d6621a3eff1b,I'm having an issue keeping Spotify open. it seem to force close after 1-3 songs...every time...,2,2026-09-10 00:52:24,Negative
b5fad50a-2708-4c74-a396-f42d19a07783,Very interesting music play,5,2026-09-10 00:52:20,Positive
0db43087-5b83-49b0-91d7-12bb74c9ce31,the music keeps staying on one song no matter what sing I press it stays on that song its annoying please fix it,3,2026-09-10 00:51:30,Neutral
6fc50ec3-a261-40b7-ad74-c541e4f15444,fandabidosi,5,2026-09-10 00:51:28,Positive
3e6efcb3-c684-4857-93e0-7c5a5e40a962,"If my work playlist is over a hundred hours long, why do I hear the same song 3+ times in one day? Sometimes it's the same sequence of songs. It's as if they only shuffle an hour of two worth of my songs and then repeat that same queue over and over all day. That's lazy programming!!",2,2026-09-10 00:50:49,Negative
0c7e83b8-b0fe-4c69-be91-b735a5c36da4,"Can't use the app because everytime it comes up saying I'm not connected to the internet, which is funny because the reels on Facebook are running in the background. Moving over to YouTube Music or Tidal instead, maybe those will work like every other app I have other than Spotify.",1,2026-09-10 00:48:05,Negative
b52e7c67-e928-4f48-9541-6272c97d418c,abselut cinama,5,2026-09-10 00:45:05,Positive
540367f2-9683-40a9-9d45-eb653b818718,"Everything they offer is mainstream, they insert AI music in playlists, shuffle is not real randomization, overall pretty bad",1,2026-09-10 00:43:28,Negative
72671383-d1e0-40c1-aec2-27ef79e284c7,Spotify is great for its free content.,5,2026-09-10 00:42:33,Positive
f2c3305e-c28c-41b0-a4d2-3dddc6019415,Perfect,5,2026-09-10 00:41:22,Positive
b49bed15-6537-4d7f-b804-70d75583e74b,a good experience on Spotify plz install very good experience,5,2026-09-10 00:40:13,Positive
2fc62cea-aa45-4104-91b7-4ad2857d3aef,"Great music library and discovery, but free version ads are way too frequent. Premium is worth it for offline listening and no interruptions. Interface is smooth, though podcast separation could be better. 4/5.",2,2026-09-10 00:40:03,Negative
f7c221b8-3fc0-41a4-aeaf-f3f397d6077a,"this app iss to often only 2 to 3 song are played by my choice and then they ask for subscription why should this happened ,a music app should provide free songs without subscription jio savan is much better then the spotify so this is a request for improvement because people install this app for listening music by there choice not yours okay",1,2026-09-10 00:37:17,Negative
f99ccf45-3587-4981-945e-71ce1e81e001,Spotify does it for me with great music 🎶,5,2026-09-10 00:33:51,Positive
cb7d9ad8-dcf5-4ecb-9f36-f4a16fa6197b,wonderful and enjoyable,5,2026-09-10 00:31:58,Positive
0aa0b68b-75c7-4824-88ad-799d1df4247b,"I LOVE Spotify but here lately my songs will randomly just completely stop playing for no reason at all. I will be listening to my music with my phone screen locked working, and then the music just stops. I have to unlock my phone to resume the music and the songs starts all the way over and not even where it stopped at. Please fix this issue Spotify. Update: Issue was resolved for a very long time. However, it is happening again. Please help fix this ASAP 😭😭",3,2026-09-10 00:31:26,Neutral
7e960f3d-28fe-4072-af2c-6bd94523cebb,it good then you are d breaking apart there is some songs that can help me,5,2026-09-10 00:30:40,Positive
56c67414-d298-4df5-a2d5-ac34b52a91c2,finding new artists is always fun,5,2026-09-10 00:28:31,Positive
98b87a70-5369-42b8-8ddb-93d5397d40cc,"crashing after September update, unusable",1,2026-09-10 00:26:45,Negative
f941b0c3-c383-4f3b-bf26-396b07efbb79,I love Spotify I'm able to listen to music I'm not able to find on Pandora or YouTube music I would I would like to enjoy listening to my music in order and not have to listen to ads and I don't want to pay for premium either cuz it's too expensive I want to listen to my music premium and AD free,5,2026-09-10 00:26:35,Positive
5c617740-25f8-4aa6-9f64-5d4813b3d632,Iove Spotify,5,2026-09-10 00:24:07,Positive
09d0a868-39cf-4152-ae9a-8dee8531bcfd,Overall very Happy with Spotify!,5,2026-09-10 00:21:56,Positive
a11d6d33-f8d3-4a85-802a-bd4131492954,My go to music 😁,5,2026-09-10 00:20:28,Positive
0258e4bb-edf3-45eb-8139-9322f2af210e,"""This app is okay, but there are too much ads.""",1,2026-09-10 00:19:20,Negative
d4087f2d-0844-4fa4-874c-490f15348322,good,5,2026-09-10 00:16:52,Positive
aa4305f7-47c1-4d6b-bf5c-2af6a6188244,it is great when you get used to it,5,2026-09-10 00:07:01,Positive
7a90f480-4bc6-4c0d-863b-c1da3aa314fd,money waster,1,2026-09-10 00:05:07,Negative
3b4847eb-5496-4b83-a13d-203aa9182533,music is so good,5,2026-09-10 00:01:23,Positive
cc5ea464-2ea4-458c-8263-1fd68b1ff59d,makes me so clam when I'm sad or mad I love this app!,5,2026-09-09 23:59:09,Positive
9510fbd7-9834-4a0a-bb81-6f8859faaf18,Love the app but there's no underground music like other apps,4,2026-09-09 23:58:59,Positive
f0b9e430-5e5b-4603-b0b4-8ec03169c2d7,"very good app, I love it",5,2026-09-09 23:57:45,Positive
290fdc2f-3c99-4803-b479-a58146b0b3f7,great,5,2026-09-09 23:57:25,Positive
22b9075c-b900-49f1-9d55-6433948847a0,Amazing 😍,5,2026-09-09 23:53:32,Positive
fce77dbe-fffd-41b9-95b0-6af794ba9910,Easy to find what you're wanting to listen to.,4,2026-09-09 23:49:23,Positive
570dd521-a91f-48fe-9727-ad9335e3fb34,easy to use huge selection of music,5,2026-09-09 23:49:16,Positive
fbc58f36-5495-4d65-9538-4f83510e080e,BRO MAKE PREMIUM FREE FOR 10 YEARS ATLEAST,1,2026-09-09 23:47:47,Negative
ddaec0aa-ad0e-4e1b-be77-3597c1efbd04,use it everyday!,5,2026-09-09 23:46:22,Positive
12fa32cf-f5ea-4bbc-a57a-29678cd525f4,good,4,2026-09-09 23:45:59,Positive
fd700a71-c39e-4e83-9e5d-22d6b9ace6a3,Spotify in 2026 is still the #1 music streaming app in the world for most people — but it's getting more expensive and the sound quality debate won't go away.,5,2026-09-09 23:45:38,Positive
7c98a681-a361-4131-9a1b-e93685da9f6b,very nice app but now I'm struggling to play with it on my Hawaii smart phone,4,2026-09-09 23:43:27,Positive
d7279840-ce38-4a7d-9f03-66bbe3f18f4e,"I love the music app just for some reason lately after the new update, I can't just let it play. It has to be open on my phone or else it'll just go mute. Even with all the permissions granted",4,2026-09-09 23:42:16,Positive
d0d7d43f-3975-438e-b64d-479ea39278bb,good,4,2026-09-09 23:41:14,Positive
5195d147-3fc3-4315-8cd2-3bedab6054ae,It's good. Lots of ads though.,4,2026-09-09 23:40:21,Positive
8f29513e-7f86-450e-9819-ab3dd730fa46,"nice experience, best music app...!",5,2026-09-09 23:39:11,Positive
f5c998a2-a4cd-4e94-a006-08ab84736bf0,The lossless download format sounds better than cds. controlling the app running on my laptop via my phone is a game changer. Laptop is attached to my Pioneer stereo for optimum sound with optional outdoor speakers attached. A must in the car through Android Auto.,5,2026-09-09 23:38:34,Positive
66e1997b-3b8c-4cb6-a1a8-c5b01fb9799d,opoo,5,2026-09-09 23:36:08,Positive
7996e0dc-4682-4b5c-a369-f2bffc3a6c46,I love it i had a very good experience,5,2026-09-09 23:35:32,Positive
a1bdf6ed-44e5-452b-b236-6cdf553333df,"it is the best but can you guys make it be used when offline Please.I really like listening to music on this app my favourite app this year .you guys are the best . thanks for making Spotify for people who loves music,have a great day 🥰🥰🥰🥰🥰🥰🥰",5,2026-09-09 23:31:26,Positive
c72ad10e-ec68-4fa6-94bb-144934ee2ebd,exclent,5,2026-09-09 23:27:53,Positive
40bd677b-6840-4231-a05a-dbf53edade0b,always gives me what I look for! no matter how old the tune.,5,2026-09-09 23:22:57,Positive
6b02bc0f-95ee-43b0-962f-5a64aeeaf4c5,persinalized playlists at their peak,5,2026-09-09 23:22:20,Positive
985a1f08-97ce-42b4-9232-e4b1c4e4b9c8,bro to cool and for student subricbtion 67 rupees oh ! my god,5,2026-09-09 23:22:15,Positive
09e9cd81-9498-435f-9362-d63d6fa5bc2a,Spotify is the best app for listening music 👍🤩❤️,5,2026-09-09 23:19:59,Positive
94d562e2-46e4-458a-89d1-298080a7959d,the experience is very good,5,2026-09-09 23:19:38,Positive
4ba3f106-b992-4b42-bd27-7958171f4fa7,too much ads but overall it's good,4,2026-09-09 23:19:29,Positive
77d45ff9-a1fc-42d2-bb47-7a81a029cb26,it forces you to buy premium or else they will make your experience a hell,1,2026-09-09 23:18:47,Negative
3623f907-c912-4ea5-919e-0b086e8de1b6,amazing just need WiFi,5,2026-09-09 23:17:55,Positive
b5d495cd-bddb-4e12-8090-b2498d02618a,Good!!!!!,5,2026-09-09 23:16:31,Positive
1b2b19b6-b31c-4ae5-af3f-ff6fffb439f4,چچچچررررررررتتتتتتتت,1,2026-09-09 23:15:15,Negative
0677a63a-bad3-4fe6-b2e4-9ae64ad357e0,beautiful experience,4,2026-09-09 23:14:02,Positive
138c5d17-acea-45f7-8915-6d60c8c2e4a9,"I have taken the premium membership and the app is great with premium but currently for a while even after the update, the lyrics aren't showing up to him. Whenever I try to open the lyrics, it just shows a blank black box. [Other than this problem , this app is great than the other apps.]",3,2026-09-09 23:14:01,Neutral
57d5b525-2e34-4a38-9acc-20f18aca7d62,love spotify,5,2026-09-09 23:13:53,Positive
3f9a1b07-9887-443c-81a3-67fb2f259213,this apps emails us a lot really really lot of ads congested but this best music app,5,2026-09-09 23:07:23,Positive
0df40a0e-6686-4c7c-9ea3-16c980c6a1a9,"I paid for the premium but it's been more than weeks neither i got premium, nor the refund. Spotify is following the path of looting now, shameful.",1,2026-09-09 23:05:38,Negative
4856277f-a581-43a2-b1d4-164e6e68d19c,Latest widget update SUCKS. I want the widget to remember the last song I stopped at not replay the playlist/album from the beginning again. Why cant corporations leave a good thing alone? you dont have to keep changing stuff all the time,1,2026-09-09 23:03:05,Negative
c469d2ef-c3d9-45c3-aa2b-ef3006bd4b4d,great music plat,5,2026-09-09 23:02:33,Positive
cee8ed88-793c-4fa7-8c7f-e550d4ac1ce3,🤍🤍🤍,1,2026-09-09 23:00:03,Negative
d59ec1ef-1e9d-43c5-934f-c8bed31cc98b,it's too good for listening any music easy to search and listen,5,2026-09-09 22:57:22,Positive
9520265b-b2a5-4b02-9de0-b4811f5fb3bd,"I wish there could be a way for our friend groups across the world could share the family plan with us. Family isn't just restricted to blood, and the ones who matter to us we want to help",5,2026-09-09 22:56:54,Positive
1bcd6c2c-52ac-47ab-ac5a-2efa3f170b35,too much ad and not full control not download this app,1,2026-09-09 22:56:22,Negative
6395a0ba-7d66-4880-95c2-c1e208453cee,u might be the greatest app on this whole page,5,2026-09-09 22:54:44,Positive
131a28bc-ce11-4e70-b8cc-ec40d6af187d,This is refresher course for students,5,2026-09-09 22:51:27,Positive
a37aa3f5-f041-4fc2-9f23-0e266800bd03,ok,5,2026-09-09 22:50:55,Positive
78fc1970-d0d8-47c0-a87e-7cd674216a5d,"alot of good music, and podcasts, even audiobooks!",5,2026-09-09 22:48:02,Positive
973079be-db81-455b-9aab-18e495f95706,zero ads if u have premium 😌😭 i genuinely love this app when I have Spotify premium but when I don't I kinda hate this app 🤫,5,2026-09-09 22:45:27,Positive
a294b1b8-4e72-40cc-b6de-657a66f06fab,"98% ads,2% music",1,2026-09-09 22:45:26,Negative
8d80cf45-27b1-4768-9076-83b3acf3f334,The best music,5,2026-09-09 22:44:28,Positive
b20c0572-59de-415d-864b-8ce3638c3083,this app is so good I recommend lovely songs it is greatttttttt I ❤️,5,2026-09-09 22:43:04,Positive
6730fef1-2176-4401-8573-e4dd4dd6abee,best music platform,5,2026-09-09 22:42:52,Positive
c1178436-5b5c-4b2b-9d3b-aa6ea83d3393,simply amazing,5,2026-09-09 22:42:40,Positive
b31a7c4a-5240-4eba-95b5-ede0e3cdb8f0,it is very nice 🙂🙂,5,2026-09-09 22:39:36,Positive
bcc4808a-2f90-4168-ac46-7fdac555ba20,This app refresh my mind 💜,5,2026-09-09 22:36:20,Positive
d3ad1959-f944-403e-965e-823a2065cda4,ads,2,2026-09-09 22:35:24,Negative
dbe8bebb-4585-4edf-9bf8-278ca67d474b,great app for music,5,2026-09-09 22:35:11,Positive
7ab51842-eafa-4367-a7c5-8d64a18453b6,This app cut out TWICE on me today. That is NOT what I am paying a monthly fee for. Get it together or I will find another service.,1,2026-09-09 22:33:56,Negative
3ec4286f-4fc6-424f-b81b-3643b7a928a9,it remembers my loved songs and bring them together on most repeated songs and I like that so much,5,2026-09-09 22:32:56,Positive
ede8dc5d-807c-4b26-8118-33e59ca86fc6,great app,5,2026-09-09 22:30:45,Positive
c3bc3740-eae5-4c53-815f-129f7da79196,best song listening app forever 💞,5,2026-09-09 22:30:44,Positive
d8fdd22d-968a-4a8a-874a-9f9138377d56,too much adds but overall a good app,3,2026-09-09 22:27:23,Neutral
d4b7bc9e-190e-4fe7-a096-287bb8e0300b,"a good app.. but its saurr slow.. like i cant even load my own playlist cuz it cant load bcuz apparently theres ""no connection"" even though im already connected to the internet and it keep telling me that i have no songs in my playlist when i have wll over, like, 3 songs in it.. but overall, its a good app. its just that its extremely slow and kinda greedy..",3,2026-09-09 22:27:09,Neutral
cc22d1c8-7e9d-4c39-97ee-719f9cc25aa4,Good,5,2026-09-09 22:26:48,Positive
0ea61a36-30a0-47e1-8a75-0fb8cf04638d,Your music has such a beautiful vibe. 🎶✨ Every song feels special and full of emotion. ❤️ I could honestly listen to it on repeat. 🎧 Your talent really shines through every track. 🌟 Keep creating amazing music—you’re doing great! 🫶,5,2026-09-09 22:25:39,Positive
1e7176d0-c986-406f-b3dc-a36c88a2a108,ye bar bar primiem de raha h gana nahi chalne de raha,1,2026-09-09 22:24:23,Negative
82857a2d-a56c-44af-91ca-1fef25facc94,"spotify has always been the only trusted music app ive had for the last 6 years! purchasing the premium membership is definitely worth it. one time, i had forgotten my password and contacted the spotify support team immediately. their service was fast and excellent and they let gave my account back after confirming that i was the true owner of my account. really appreciate you for all your dedication and hard work to make spotify a reliable platform to have all kinds of music sources provided!",5,2026-09-09 22:20:59,Positive
05c9fd44-0b76-4ca1-bca6-3c2ec1bffdd9,Beautiful experience,5,2026-09-09 22:18:05,Positive
5e618ff9-22f3-4abb-a18c-28ca2bb317b7,good app ads,5,2026-09-09 22:17:24,Positive
dd4ca733-1c83-489a-99b8-0f870f0f6fba,it is just too good to be true to have all kinds of songs and plays even when you go in a different app,5,2026-09-09 22:14:05,Positive
a8bfbed7-fe01-454d-90cb-7380f6f4b98f,worst app,1,2026-09-09 22:13:11,Negative
61befa2c-a48b-47c6-baab-0f82f81b262a,it's good but I don't have money for premium,4,2026-09-09 22:12:44,Positive
701c462b-9449-438d-83f7-0f95fc5b972f,"fix your shuffle algorithm, absolutely sucks",1,2026-09-09 22:10:21,Negative
454728d2-0433-4b7e-8935-a8dd7c4009f8,way to many adds,2,2026-09-09 22:10:10,Negative
9409f8cb-c308-442e-b5d2-9e3959df9bfd,the best,5,2026-09-09 22:08:02,Positive
ea31d6c4-f243-4888-8803-a64a37f28673,very good,5,2026-09-09 22:07:31,Positive
256f6a34-17d1-45da-90b1-f3a50f1c71a2,this is a good song app,4,2026-09-09 22:06:03,Positive
97de3ba3-4f4f-4b7c-80e4-50182552199e,Nowhere else you can listen to music than Spotify,5,2026-09-09 22:03:49,Positive
e8d4eb6b-a714-495a-a8df-14b7f8fa7cb9,too much ad's and please bring back spotify lite,2,2026-09-09 22:02:49,Negative
774f1e1b-610b-4f0c-bc6f-0c0eb9be1005,Great App!,5,2026-09-09 22:01:34,Positive
a2d94067-dc75-46fa-ad9d-54129c74dbca,the vibe,5,2026-09-09 22:01:13,Positive
6a73fa27-a24f-429b-a9fb-6c4f3fdde8a3,Spotify is nice it plays every song English and Hindi I overall rate it 4 one less because of my phone😭😭,4,2026-09-09 22:00:45,Positive
b0e3060b-1a5f-4321-aec0-b4d165542299,it is a good app,5,2026-09-09 21:58:57,Positive
0244311b-06cb-4699-a6a9-dfed52bf8062,very good,5,2026-09-09 21:57:14,Positive
e2d559d4-7299-45d5-8cf7-9b0ab7b60732,perfect song app👌👌👌,5,2026-09-09 21:53:16,Positive
51258f17-be85-4541-8180-8bc4c51f5280,Great,5,2026-09-09 21:51:42,Positive
30ded69d-7aad-440c-8c41-637e470bc5c1,Without primunm its normal version is trash 🗑 now we cannot listen our favorite song so what is reason of using this app,1,2026-09-09 21:51:06,Negative
ddf196bc-41d7-4b4f-85af-7d3d37032863,Best of all songs,5,2026-09-09 21:50:24,Positive
ac5925ef-9638-4089-a0d0-7a0e43e5985b,Good!,5,2026-09-09 21:45:48,Positive
246a5820-483d-4e54-af21-78f3c18d8b97,good to be in Spotify for listening music 🎧🎶,5,2026-09-09 21:44:27,Positive
4764b2a8-6316-4b6d-8dc8-6c202afbae20,good,5,2026-09-09 21:43:52,Positive
108fa95b-480d-4241-ba64-a2c68b77966f,If you’re managing 100+ or even 500+ social media accounts check out this tool 👉🌐 profileforge.site One of the most affordable profile management tools with anti detect support and unlimited profiles to manage your Facebook & Instagram accounts Low cost Unlimited profiles Easy management 😄,5,2026-09-09 21:43:02,Positive
71fcbc0e-8d5a-460b-afc8-479c0c1f8472,"I don't what is wrong in this app without primunm when, I try start to a song from my Playlist it shows that you have to buy primunm to play any song at any time I am very disappointed because I am only a 15 year old boy who cannot buy primunm because I don't have any source of income at this age and I don't like to ask my parents for these things",1,2026-09-09 21:42:44,Negative
c9256829-2f1b-43ff-a0bd-b6e1d0860873,If you’re managing 100+ or even 500+ social media accounts check out this tool 👉🌐 profileforge.site One of the most affordable profile management tools with anti detect support and unlimited profiles to manage your Facebook & Instagram accounts Low cost Unlimited profiles • Easy management 😄,4,2026-09-09 21:42:23,Positive
15213730-7186-4b79-8bbd-3e4a357eb7ea,"Stop forcing users to buy Premium! Please let Free users play songs normally. Premium should be optional, not a requirement just to enjoy basic music playback. This constant Premium promotion is frustrating and may make users uninstall the app. Premium लेने के लिए यूज़र्स को बार-बार मजबूर करना बंद कीजिए! Free यूज़र्स को सामान्य रूप से गाने चलाने की सुविधा दीजिए। Premium एक विकल्प होना चाहिए, गाने चलाने की मजबूरी नहीं। बार-बार Premium का प्रचार करना बहुत परेशान करने वाला है और इससे लोग ऐप ही अनइ",4,2026-09-09 21:41:52,Positive
f4ae1fe8-1e44-4293-bd5c-afbde767fd26,I can't stand Spotify. It hardly ever works with my Sonos speaker. There's times where I can't change any settings within my account. And It constantly crashes. I wish I had 1 streaming service that didn't suck. I pay monthly so I don't have to listen to ads but I'm over paying money for an app that hardly works,1,2026-09-09 21:39:02,Negative
e37e84b3-1257-432d-933b-158a05c1e4c2,Sohana Rio @JAiSulokn1y,5,2026-09-09 21:39:01,Positive
18141054-9edb-4b3f-9f41-14da0935b0c5,excellent,5,2026-09-09 21:35:01,Positive
dc37cc44-c778-4bca-b823-e6c80fc5033c,I love listening to the murder podcasts at work.,5,2026-09-09 21:34:53,Positive
4c8db971-b530-493d-addd-2705ab765033,good 👍,5,2026-09-09 21:32:21,Positive
dea7b244-97a5-4f85-8843-517f01d40018,Best Music App Ever,5,2026-09-09 21:30:56,Positive
0a06ecc5-39d6-451b-ad8d-c0b062b2eb2b,peace of mind,5,2026-09-09 21:24:50,Positive
1de6e2f1-5539-4808-b03d-322281db1a6c,Spotify is soooo good,4,2026-09-09 21:18:04,Positive
c9c2cde8-022b-4283-a97f-d20d485fe0f1,Very good,5,2026-09-09 21:17:05,Positive
5f111ced-5acf-4fb1-bcbd-95b042e1568f,"there is no way I can buy memory device anymore, is just to pay monthly fees and enjoy music anywhere and anytime",5,2026-09-09 21:13:28,Positive
49182037-211a-4324-b12d-e7f1cddd1c73,Amazing app if you want to listen to repeated advertisements.,1,2026-09-09 21:10:37,Negative
c5edf9db-f74f-4d4a-8a1f-9c8eb7f311c5,इट इस वेरी गुड ऐप,5,2026-09-09 21:07:17,Positive
7754655e-d652-4c4f-b134-257fd0bb30e2,WAY too much ads im getting a ad after every song and paying 12 bucks a month just for no ads is too much,1,2026-09-09 21:06:32,Negative
54407bfa-b6ab-4f7d-8380-92152ffb2c14,very nice,5,2026-09-09 21:06:13,Positive
9004c4bb-2dd5-4871-a94f-d41f7064e65f,great,5,2026-09-09 21:04:07,Positive
89982169-3368-4e3c-a905-5d7c25a34b05,Love this tho,5,2026-09-09 21:03:07,Positive
b377b553-fced-4f74-818a-692492af821c,it's must be free,3,2026-09-09 21:02:11,Neutral
6dddc580-1b62-4fda-a3a7-33b085e526e8,Where the hell did my downloads go?,2,2026-09-09 21:01:57,Negative
cd4ec774-6e57-44a4-ba1f-fdd90b971fd6,that app is so good I like it 🤩♥️♥️,5,2026-09-09 20:59:50,Positive
bdea0350-73ae-47db-8f26-1324c62cfc8f,eskutty,5,2026-09-09 20:58:49,Positive
1a2cf21d-d5f6-46ac-b554-ae03420d4ab8,গান শুনার জন্য সেরা এপ,5,2026-09-09 20:58:23,Positive
8c683a3d-17fe-460d-a464-da9364a097fa,Wow so good,5,2026-09-09 20:57:43,Positive
175488ec-fb91-4d14-8f5b-632bd2a56be3,excellent,5,2026-09-09 20:55:54,Positive
7a9538ff-31a9-46c3-affc-9a2e0daaadd5,💝,5,2026-09-09 20:54:26,Positive
7e466784-82f9-4d63-959b-b235d462a3f1,Excellent music streaming app!,5,2026-09-09 20:53:56,Positive
59defded-0eef-40e4-b19d-d6f434800c08,naik motor dengar lagu oasis nirvana dkk,5,2026-09-09 20:50:29,Positive
1c6eaf90-bdf3-486d-81f9-28c0426b78d7,can't even select your music without paying them,1,2026-09-09 20:49:46,Negative
baf1b467-346a-4a49-acec-a5f550753539,mind blowing 😊😊,5,2026-09-09 20:48:33,Positive
fd1e1a7a-307d-4e8f-a9c8-bd242236a175,I Tried To Get a Two Month free Premium plan but it says My Card Is Invalid,1,2026-09-09 20:48:04,Negative
b51bf750-86fa-4e0e-8c1e-7127376f710c,magical,5,2026-09-09 20:46:10,Positive
6b907cd5-205e-453f-bd55-29cb456c2e44,best music app for me,5,2026-09-09 20:41:29,Positive
2f8d2421-4f05-4a56-961c-9a9bb7fa417f,can't download song while using for free,4,2026-09-09 20:40:04,Positive
adc09b29-a1c7-4e6c-ac4a-f3a28d463781,EXCELLENT!,5,2026-09-09 20:37:48,Positive
3a7d65f6-8ca4-4d50-b0e2-218f7ab92db6,"it's a good app , but mine Spotify has something problem the playlist doesn't get activated directly,like if i wanna play asong the playlist will start to come other than the song ,maybe it's an update, but it s not useful.🫤",2,2026-09-09 20:37:24,Negative
abe83c0b-9077-4018-90f4-465bb64798eb,Good app,5,2026-09-09 20:37:13,Positive
0db07952-9649-49de-9436-bff47a82b9f3,super,5,2026-09-09 20:36:47,Positive
7495b87d-6ac3-4cbb-83b1-4bf57ad51e6f,"It's an awesome app, where you can get latest music",5,2026-09-09 20:36:47,Positive
ef8319b8-bdf5-48c2-9a17-847193d55ea2,A FABULOUS APP,5,2026-09-09 20:33:17,Positive
bb462302-460a-4423-ac24-a01dd01f8208,peak,5,2026-09-09 20:32:42,Positive
d1a708bd-e98c-4337-9aa8-120d8f3718ea,for the most part is a reliable app,5,2026-09-09 20:32:34,Positive
2160fe0d-7add-4d42-ad2e-fa991736efad,one,5,2026-09-09 20:32:29,Positive
656ddad2-4dac-48b2-bece-73d131773075,No commercial interruptions is the best part.,5,2026-09-09 20:29:04,Positive
140db81d-39dd-4cc6-b71f-e14bc49ac0b2,music app ❌add app ✅,1,2026-09-09 20:28:59,Negative
3505fcdf-4419-435e-99ac-71c2d45e71d1,love it butt adsss let me tell you if you put adds iam not buying anything bcs so many ads in many different platform I don't buy the specifying thing soooo pllll,5,2026-09-09 20:28:58,Positive
df4074ce-c878-4cd7-92c7-474a03f44dbe,I would not like to say a quiet long description on it but at last but not the least I want to say it is too fantastic 😊,5,2026-09-09 20:28:05,Positive
1e891199-1da8-476c-bbd9-3c30db1668f9,все решает подписка. купишь? будеш пользоваться удобством не платишь? будеш слушать то что мы скажем. Вот так и работает.,1,2026-09-09 20:27:23,Negative
e13e54cf-51a2-4591-8cc8-2fa00553d65d,Baat aap,5,2026-09-09 20:24:59,Positive
d367efe9-90b4-4c0d-832d-9009cfa398c7,"It's a good app, but there has been some issues with crashing",4,2026-09-09 20:23:51,Positive
2f5789a4-fe9f-42c5-b846-ea85101db360,after 2 to 3 songs it shows that come tomorrow for listening,2,2026-09-09 20:23:11,Negative
d7f644de-4662-4247-be3e-f89555bfbd72,Nice,5,2026-09-09 20:20:59,Positive
e2eeaa42-b83e-40f9-9732-41d663f575ae,nice app,5,2026-09-09 20:20:01,Positive
99398e95-8664-4538-8a65-1503538d31cd,I got 3 months premium subscription from Microsoft rewards and after 3 days with no warning they took it away and I really needed it so pls Spotify fix your app,1,2026-09-09 20:17:44,Negative
29e98ebc-86fe-40e6-b61e-ca5a57763ec2,Love this app! One of the main ones I use to listen to music,5,2026-09-09 20:17:14,Positive
68929e1e-3d9b-4523-8d50-55511c34c7e8,"Music at your finger tips All my oldies is also here,, LOVE IT!!!! THANKU SPOTIFY",5,2026-09-09 20:17:12,Positive
cdb0ee10-eb2a-4789-803f-0c86550f6501,super app,5,2026-09-09 20:16:56,Positive
9c601b35-aeaf-4eb8-a6f8-deff13b83c84,"I like the app, but not gonna lie, I'm only rating it so that it doesn't ask me to rate it again. haha.",5,2026-09-09 20:14:54,Positive
c950284a-48fd-4cc4-9b09-9a58d39cf338,Its nice but premiums for students are available only for college students. (as I saw),4,2026-09-09 20:14:27,Positive
09ee0793-dd27-42aa-935b-4941e891262a,"You put a limit on listening time with audiobooks? What a joke! ""NOT"" cool. With that being said, I'm grateful for the ""free"" trial!",2,2026-09-09 20:14:22,Negative
a9baf287-1b73-4ba3-bc3e-48f02b0ebfc7,Wonderful!,5,2026-09-09 20:12:58,Positive
8711bb1a-b602-48e3-8ef7-b61c861956b3,the best I got more than what I was looking for you more than the best keep it's good 👍👍😊💥💥💥💥💥💥💥,5,2026-09-09 20:09:24,Positive
e3086aae-1ed8-4cc6-9157-0824c542d23f,excellent,5,2026-09-09 20:08:54,Positive
0e49ebc5-e04a-4d7e-8649-af4e003b6434,super,5,2026-09-09 20:08:42,Positive
df90f548-9ef0-4002-b42e-1eb09704b0df,amazing,5,2026-09-09 20:08:15,Positive
0360d513-a854-49b1-b722-64b8d4c551b9,love when it doesn't have your music deleted from downloads.,4,2026-09-09 20:05:11,Positive
8af3f651-9b7e-4f7d-b964-1d845a5c11ef,it's nice and grateful for every mood . Whenever you feel like listening to music just listen to Spotify it's amazing,4,2026-09-09 20:04:32,Positive
aab7fed1-708a-4650-a9b9-8cd9e2388544,byyy favvv app,5,2026-09-09 20:02:51,Positive
be8cb946-719d-4b70-bcec-33502d0c46a0,Add more visuals and pronunciation in different languages lyrics most important thing add lossless audio in bangladesh region. there are plenty people waiting for this feature,2,2026-09-09 20:02:31,Negative
b389d498-6a76-49da-92d8-e8b0a1e06498,"I like the app for the most part. Recent updates due to needing a new phone have made it very difficult to listen when I have no signal. I pay for premium for offline listening but I ""need a signal"" for the app to load when I open it.... defeats the purpose for offline downloads if you ask me",4,2026-09-09 20:01:26,Positive
a9ac7072-91a3-4e77-b688-dc59746b2148,amazing hat,5,2026-09-09 20:00:43,Positive
49c7c059-bbee-4b48-b425-317f269c4f30,Spotify is the best unless I ain't have premium,4,2026-09-09 19:59:15,Positive
cc123826-b9b0-4be3-a3f4-e43798862e6b,I'm a big fan of your app.,5,2026-09-09 19:58:36,Positive
d1919bc7-c583-4e88-8b41-6143d5058398,It is so good than yt music,5,2026-09-09 19:58:30,Positive
f21e809b-30ea-4d1e-ae56-ce043d340a2e,"Shuffle is trash. Also needs an undo, one misclick and you can undo a ton of effort setting up a queue when it jumps to an album/playlist. Hitting back doesn't do it, the queued songs are removed",1,2026-09-09 19:56:33,Negative
4ed4f64c-6778-4bee-ab86-c3e8d895c630,noice,5,2026-09-09 19:56:20,Positive
8a8c0f2b-eb5e-4107-a2b5-7084fb9941f4,majaaaa app..... vibe mood on Spotify on .... always best .. the GOAT app,5,2026-09-09 19:55:46,Positive
e0db0c26-524d-4b8d-b4e3-5b2da7a044aa,Spotify is fantastic for music and podcasts. I love having so much content available in one convenient place. 🎵,5,2026-09-09 19:55:08,Positive
f1be5aa0-9eb6-42ea-99f2-f65551346424,I'm good and happy,5,2026-09-09 19:53:09,Positive
90229885-12e4-4d43-9c37-c83002b52dfe,great for musix,5,2026-09-09 19:52:29,Positive
20ea17ca-56aa-4987-bbf7-5383142fbb75,Great experience!!,5,2026-09-09 19:51:58,Positive
82b9e9b2-4146-4542-a312-033d136d40c9,only phonks,5,2026-09-09 19:51:03,Positive
74853e06-4d71-4e89-ae40-f46c82cd9e9d,just good,4,2026-09-09 19:48:35,Positive
e9d05ca8-1bc0-43a1-8008-9b80474a4d73,"to much ads, suck ahh app 😭 1/10 never try this trash app again",1,2026-09-09 19:47:22,Negative
5cae4a8f-aa25-4a28-95e4-f3b78d26536f,Long and Frustrating ads after a single song,1,2026-09-09 19:46:22,Negative
a0046537-a034-43db-9408-6780201d386a,Spotify is the best song app just love it bruh 😉,5,2026-09-09 19:44:42,Positive
3cef8ce9-4828-4b27-823e-e7988a6501aa,always 5 stars. I love the dj option,5,2026-09-09 19:44:30,Positive
e4237fc4-6007-4ece-a97d-8caa1c9d825b,I'm got 5 cuz have add,4,2026-09-09 19:41:25,Positive
f6c71608-bb80-4d6a-8bdf-31b9909c175e,bro too many ads but still it's great,4,2026-09-09 19:39:44,Positive
6b1be685-5e0c-4335-a986-b85e57a53d12,nice,5,2026-09-09 19:38:39,Positive
1966f7f0-29ea-48bc-b2bb-d83dfb420e95,omg omg this app is so good! but this app had a add 🥲,5,2026-09-09 19:38:38,Positive
2cd1e78d-7ac4-4953-b85d-f0517ed3ecda,I guess people with depression needs to be reach enough to pay for premium,3,2026-09-09 19:35:43,Neutral
2d8b8602-d393-4ab2-992f-c08fa2ce3891,Love this app so much.,5,2026-09-09 19:35:39,Positive
7152d767-d9cf-44ea-a5f0-bd9251be69ae,Thanks for always Blessing my days with good music my one idolo the greatest of all time BIG WIZ ❤️🦅,5,2026-09-09 19:34:39,Positive
ca158f70-5957-4eb0-bc84-b5a6b1158099,best app for play songs,5,2026-09-09 19:34:37,Positive
e1898cb6-ef65-41ca-bc6f-273567e86adf,ad more but it's good,4,2026-09-09 19:34:15,Positive
3cf668ba-69f5-4f9d-bbdf-a2fe3a66614c,This app is literally forcing me to get premium this is so bad thing the old Spotify is much better for Free users,1,2026-09-09 19:34:00,Negative
7176a0d9-cb41-42f2-90af-e69f4d209653,"This glitch happens often when listening to saved episodes. Ill be a third or halfway through an episode when it goes back a few minutes (timestamp stays the same) and pitches the audio either up so the speaker sounds like a chipmunk or down so they sound like the murderer from silence of the lambs, and the end of the episode is cut off. that episode will stay that way so I can never finish it even if I remove the download and listen online. spotify replied and has no solution for this.",1,2026-09-09 19:32:03,Negative
e8fd4f9d-ce1b-4e72-b1be-da9f395227bd,There are so many ads compared to youtube music in every song later there was 2 or 4 ads,2,2026-09-09 19:32:01,Negative
82db8122-5aa9-4efe-a9e7-fa7b93fac0be,rating this app even though I haven't use it,5,2026-09-09 19:30:50,Positive
68c2e84f-877c-447c-82c9-4d3c7fd133c5,jio,5,2026-09-09 19:30:17,Positive
941c6ae8-6a29-4828-8e26-d32af4739680,i love it!,5,2026-09-09 19:27:32,Positive
0f73e1af-298b-4137-9840-367ed536cbc4,This app is not listen me song who I am hear,3,2026-09-09 19:27:27,Neutral
db9e791c-fb32-49a7-b99d-be4e27bb2428,great app! literally amazing,5,2026-09-09 19:26:01,Positive
928006e6-73ae-4e6b-8f9c-36d4e1ac0674,"regret:when you have uninstalled option but you can't do that,just because they hijacked your phone , ultimately I have to reset my phone in end ,no other option.",1,2026-09-09 19:24:51,Negative
ce01142c-e22c-4b68-8b01-8cd4ab506b59,Have had premium for several years now but lately been rethinking that. While it has a good catalog the suggestions and provided playlists have gotten worse over time. And importantly it has one of the worst UIs for Android Auto.,3,2026-09-09 19:24:13,Neutral
67324a76-e0ce-48fd-84c4-8372356bcfcc,nice 👍👍👍👍👍👍👍👍👍👍👍👍👍👍👍👍👍👍👍👍👍👍👍👍👍👍👍,4,2026-09-09 19:22:54,Positive
3dc8f067-40ae-4ec0-af42-5dac767b7c94,best music app so far,4,2026-09-09 19:22:43,Positive
6e03c29b-7cee-4f9e-a9f1-1480b7cc3fb1,too many ads and the offers aren't resonable,2,2026-09-09 19:21:30,Negative
857ddf51-164e-4341-8ec1-d5640cc8b24b,टू मच एड,3,2026-09-09 19:18:50,Neutral
89e071be-ee06-4b07-9ca0-03c02e68f785,good entertainment 👌,5,2026-09-09 19:16:44,Positive
20248880-6865-4a01-befd-d4e0b2835add,"enak, mekipun ga ikut berlangganan ttp baik hati dibolehin dengerin lagu lagu yang ada tanpa harus di usir. bermanfaat bgt buat remaja jompo yang banyak tanggung ini, love u sopt",4,2026-09-09 19:14:34,Positive
2218809b-4598-43d0-939b-f3fe9042c44d,love the song selections in this app,5,2026-09-09 19:07:52,Positive
e081148f-ef19-478b-8d8e-08c08aca6d71,Top shuffle suggestions game,5,2026-09-09 19:06:01,Positive
03cd5071-afab-4a32-95e1-ba0c386743d3,My most trusted music app ever,5,2026-09-09 19:05:17,Positive
68c8cb07-931f-46bf-afbc-f15ad177566e,good,5,2026-09-09 19:04:12,Positive
b76f448b-7f56-456a-b49d-edc3740fd088,This is best even I have not subscription it's experiance is very good. spotify fill me premium while I use it so Spotify give give me subscription for 3 months as a free for I try it and give my opinion after I use you subscription,5,2026-09-09 19:03:13,Positive
f7e3486f-f42d-425b-95e4-ee7600c681ab,amazing i could play any songs i wjated >:),5,2026-09-09 19:02:40,Positive
34997b73-167e-43ab-95ae-160a9567077f,best💯,5,2026-09-09 19:02:12,Positive
a34a41d1-70a8-4f7f-9fdd-618267db76ed,good SLAYYYY,2,2026-09-09 19:02:03,Negative
a0a041d6-ca23-4eed-8013-35b17bb131c9,Gems Alert🌹,5,2026-09-09 19:01:27,Positive
796f733d-1248-499a-8ca8-17cb3e662ded,"gr8 app just stop infesting it with ads every five seconds. also i hate how it only works if i open it from the app store, cuz otherwise it just says, ""you're offline nyheyeuehehhehehe 🤓🤓""",4,2026-09-09 19:00:54,Positive
000fce63-02bc-4aa3-9286-47da0a5003fb,"This app is so desperate for it's users to purchase Premium , You'll get ads every 4-6 songs and those ads are literally 1 minute to a minute and 30 seconds long , Besides that this app is not as good as it was , you can't even pick songs nor skip the songs , everything has a limit.",2,2026-09-09 19:00:14,Negative
51351207-6a0c-4653-8a86-d92d9184eeed,give,5,2026-09-09 18:59:25,Positive
696268fb-6014-4ff5-a9cf-5dc242cc6363,Is the best music app,5,2026-09-09 18:59:18,Positive
f5ba3537-d9f5-45cd-887d-a49163ffb56f,"the premium experience is phenomenal, no lag no bugs, music discovery is the best above all music streaming apps, but the lyrics animation is not so great, if they could spice up the lyrics it would be even better and i won't need to use apple music, overall 5/5 stars desrerved",5,2026-09-09 18:58:40,Positive
da916115-53b9-4e87-86d5-fec33dee7eec,great with no ads. non stop whatever,5,2026-09-09 18:56:47,Positive
e7961d32-9300-4e73-98e3-22af82ae97d8,yet again the music keeps pausing I have the lastest version all the updates are already done and it still pauses my music every 30 second so please figure out the issue because it starting to get irritating,1,2026-09-09 18:56:09,Negative
73b40dbb-16dc-4c34-82f9-3d58a91cd616,Too expensive. 5 stars when much more affordable. 2 stars for increasing prices all the time,2,2026-09-09 18:55:43,Negative
c701218c-1b3f-4aba-aff5-4c1f4543b54c,I tried signing up for duo with my wife. she paid for the plan and sent me an invite. The invite failed because it couldn't match my address. My address field was blank on my account so I corrected it. Still gave me the same message. I contacted customer service and they told me I'm restricted for a year and there's nothing they can do. I asked for a manager and they wouldn't transfer me. Not giving this company another penny. I'll encourage others to do the same. So insulting,1,2026-09-09 18:55:30,Negative
68d2e35b-488f-401d-b10e-31c177e1f04b,OMG FOR THE KPOP AND MUSIC LISTENER! IS LITERALLY SO GOOD TO LISTEN TO MUSICS AND I CAN LISTEN TO ALOT OF MUSIC THAT ISNT IN YOUTUBE! DOWNLOAD IT IF YOU WANT TO LISTEN TO THOSE BEAUTIFUL VOICES ✌🏻😝🎀🤍,5,2026-09-09 18:55:30,Positive
6fb74433-8ad9-4da4-a445-ee57e50c521d,natwark nhi chalta hai,1,2026-09-09 18:54:43,Negative
f055b9e9-edf3-4669-8ecf-acb56bd5fb28,this app so chill so good,5,2026-09-09 18:53:04,Positive
aacd3cb8-5443-45df-ad7f-a976d51e20d1,huhh ..why the hell u guys brought the premium option...my pops not letting me to get that 😭,3,2026-09-09 18:52:17,Neutral
954092eb-d313-4686-aa8c-9abf3e165120,unlimited ads,3,2026-09-09 18:51:45,Neutral
028c993e-ee27-4f5f-9237-66dc8e516c01,I luv Spotify😻,4,2026-09-09 18:51:04,Positive
e471f7e4-34dd-4ee8-9682-7b2f59ceb67d,love my listening experience,5,2026-09-09 18:50:45,Positive
9633d826-1960-4c86-81a1-8c94b472c7ad,well now it's just awesome awesome awesome paawsome awesome awesome awesome awesome,5,2026-09-09 18:47:28,Positive
7a518be0-b909-4cf5-8542-bedad2abe61a,The best thing ever,5,2026-09-09 18:45:58,Positive
a845a7ce-e6db-4e00-9a43-c4ee917017f3,when i tried to play my liked songs after one of my liked songs then it just gave me a random song like u put random for my liked song and u played the song i dont even like and i dont know it,1,2026-09-09 18:45:29,Negative
d5789db1-166a-4f1b-9039-bc252f10fd9c,I love Spotify.,5,2026-09-09 18:44:25,Positive
7f50b9eb-f9d1-460d-92ba-c3f8c18d0b1b,horribly slow,1,2026-09-09 18:44:18,Negative
b81bd2da-e17f-443a-9565-ede40608717d,very good music,5,2026-09-09 18:43:42,Positive
fbb69dc0-291c-440b-82fa-b16285fc2888,so good,5,2026-09-09 18:43:07,Positive
d7fd18e9-29e4-4950-8372-1a27efde356d,soothing,4,2026-09-09 18:42:08,Positive
4494bd2a-bcd2-42d9-81a7-b69c69559869,great,5,2026-09-09 18:40:09,Positive
07fc83d7-d82f-43bb-9885-a167aeda6904,Do you love music? Then you need this app,5,2026-09-09 18:39:52,Positive
01e82042-9785-4c34-8265-463506a11516,"​Spotify is one of my go-to apps. I love having books, podcasts, and music combined in a single platform, and offline downloads are a lifesaver off the grid. On top of that, their algorithm has gotten much better at tailoring playlists to my taste.",5,2026-09-09 18:34:58,Positive
5968b8f4-9d84-497c-8876-a4e6dd5bf121,"after listening some songs it will take premium to play another, If you do not buy the premium the Spotify will play songs as hi choice. This is the reason to giving 4 Star ⭐. if you ignore this then this is the best app for listening audio, It had all songs. and you can play also in background that's the best thing The audio quality is also nice 👍",4,2026-09-09 18:34:52,Positive
f96cbdbc-ec8b-44f8-af11-478355616587,I pay for Spotify premium and they've started shoving ads down my throat. If I was okay listening to ads I wouldn't pay for premium. I'm probably going to end up cancelling my subscription and just listen to music on YouTube from now on and deal with ads there.,1,2026-09-09 18:32:29,Negative
42dde6b9-9c36-42cc-ae6b-7e8050a0ccf4,works well for audiobooks and my music.,5,2026-09-09 18:29:31,Positive
e08ef576-6e1f-4d50-bd42-da4ee6715fe2,"why does every basic feature we access is reduced to limited use, and then they ask for a premium subs!! like after 6 plays i cannot play what i like LIKE SERIOUSLY THIS IS SO STUPID!",1,2026-09-09 18:28:58,Negative
f285115b-51ea-44bb-bfe8-7071f16edabf,good,5,2026-09-09 18:27:36,Positive
e43eba21-fff2-4fd8-8436-d32e2baa9476,🎵,5,2026-09-09 18:26:47,Positive
9a2c2f7b-012f-4e78-9a53-34c1214ed70c,"I've had Spotify since probably 2012. I have tried multiple other streaming services, as like almost every other GenX'r, we have to have our music! Had the free version for a lil bit, but that did not last very long as I got sick of all the ads very quickly. They offer a ton of stuff on paid versions, but I personally think they should have some type of reward system for long term customers.Ex:1yr paid, get $1 off for 6 months,5 yrs-1/2 off for 6 months,10 years-1 yr free, etc",5,2026-09-09 18:24:59,Positive
2cbcfa77-ae32-4e36-9dca-f8c65aefa5fa,l love how this app is so fast,5,2026-09-09 18:23:05,Positive
3358b9ec-8f8e-453e-819a-5c68848a8588,"best with spotify premium, if you search one song it will literally have play list of songs that sound similar so you have more to listen to then just that one song",5,2026-09-09 18:22:06,Positive
9e39be78-9857-4e75-a8e9-4e795066d764,is a good app for listening to music,5,2026-09-09 18:19:22,Positive
68dffec5-00d8-4568-a6eb-7237aa0837ff,"STOP GIVE ME THE ""RECOMMENDED TO YOU"" I WAS SETTING MY FAVORITE SONG BUT YOU RUINED IT,I DON'T EVEN LIKE THE SONG!,NO ALL OF YOU GIVE IS BORING AND WHAT IS THIS ""PAY AFTER LISTEN!?""HUH!??,I DON'T EVEN WANT TO BE PAY JUST DON'T GIVE ME THE DAMN ""RECOMMENDED TO YOU""IT'S SO ANOYYING",1,2026-09-09 18:18:21,Negative
077a540e-6a38-4f15-b893-5401c586b386,"mid, because my mother won't let me buy the prenium feature dude •v•",3,2026-09-09 18:18:04,Neutral
507f2184-85a6-4b51-b0da-e1aaf25038f8,Very nice 👌,5,2026-09-09 18:16:26,Positive
cfcc4011-5ba8-4702-9731-faca36637609,I love it but there are too many ads,3,2026-09-09 18:16:10,Neutral
06aa41ee-7d4c-412b-be67-7c2c977fa505,best,5,2026-09-09 18:12:41,Positive
9359c69f-43af-43b4-a77d-d6e8aa1c2f30,nice,4,2026-09-09 18:11:40,Positive
ea6ada88-afa5-4f51-a28d-f295b2a5f985,good,5,2026-09-09 18:09:50,Positive
a6306573-6e94-4471-aca8-3f3d623ac263,not bad,3,2026-09-09 18:09:35,Neutral
f71cb4c4-d165-4cd2-8026-c28cfbc30032,Spotify is TRASH!!! Ad after ad after ad!,1,2026-09-09 18:03:45,Negative
ea7308be-32ef-454c-9d5b-16033d52010f,🌝☠️,5,2026-09-09 17:56:22,Positive
298b58b3-920d-436d-874c-667e76371583,good app,5,2026-09-09 17:55:23,Positive
a12a0d1d-51c0-4849-b874-f467c4a548dd,because it is not free,1,2026-09-09 17:49:46,Negative
001921e9-0468-49cf-80fc-1b94f04e9ea2,good algorithms really knows your taste,5,2026-09-09 17:47:18,Positive
625c44b9-429c-44fa-b97d-13a4794dd1e2,It's just Awesome 🤙🤘,5,2026-09-09 17:44:28,Positive
14093497-692b-45ee-a9b2-5abbd2594700,good but too much ads,4,2026-09-09 17:41:50,Positive
15c0408a-fcd9-4c50-b5f1-65a09a9e50f0,Great!!!,5,2026-09-09 17:40:56,Positive
201b7e16-50a1-4496-a89d-5d5ec2cd7c36,Excellent music streaming experience with a huge collection of songs and playlists. The recommendations make discovering music enjoyable.,5,2026-09-09 17:40:47,Positive
7e6b8676-fb0c-4bbf-a8c6-13e74471281e,I was on a legacy plan which I had signed up for till 2037. They have since increased the cost of premium but I was still paying the older price since those were the terms I signed up for. Now however my payments have stopped going through and Spotify keeps prompting me to change payment methods to fix the issue and the only options shown are card options through which they are trying to slap the new increased prices on me. This is straight up a scam and a breach of contract.,1,2026-09-09 17:40:44,Negative
a3caec63-861a-4826-997c-1d3ae48ab2a7,best app ever if only I could get a premium,5,2026-09-09 17:39:51,Positive
d23912f2-158c-43e9-ae2d-9bc19091c559,🥰🥰🥰I love സ്പോട്ടിഫിയ 🥰🥰🥰,5,2026-09-09 17:37:49,Positive
ebccb4f9-749a-44d6-b3b3-2b4a3889fd21,Heard after one song ad will come but otherwise it's good to listen to any song easily......,5,2026-09-09 17:37:04,Positive
aef9dbdf-f315-46a1-8042-7e1f09c07c6c,"I love being able to get and listen to music from the 60s and 70s,it is hard to find a radio station in my area that plays it,when I drove I had XM radio,I could listen to almost anything music I enjoyed, this is a great 👍 replacement for my hom and lazyboy. Thanks for the option and app. ex",5,2026-09-09 17:34:04,Positive
194b87f0-a97f-480b-a197-3ceabb512389,❤️❤️❤️❤️❤️❤️❤️❤️,5,2026-09-09 17:30:31,Positive
f2143050-1794-481f-b89b-196420e8a840,Fabulous!,5,2026-09-09 17:21:18,Positive
e6d17f60-b104-46ee-87d9-56b466bdc134,very nice I like it to much and i have deleted my yt music,5,2026-09-09 17:17:17,Positive
24fe74a8-591e-4ca5-9a6c-2f1423de15bf,very very excellent 👏,5,2026-09-09 17:17:09,Positive
e1a27c55-2fd0-41b3-8ac7-80ba4aadcb98,i like the app but i dont like how the ads always come every minute,5,2026-09-09 17:17:08,Positive
459704f0-ce33-43a1-89a1-637f9bc3ec7e,the goat of music,5,2026-09-09 17:16:26,Positive
182f6903-b4e4-4fc7-83cc-6c9eac489d73,"I hate it, u guys r so money hungry u have to pay to see the lyrics its so limited, and I cant even listen to songs 2 times without ads I hate this app so much eat ur money batches",1,2026-09-09 17:15:52,Negative
fbd55eb2-35aa-43bb-bfc0-3107a3f1a9ad,it's best for listening songs,5,2026-09-09 17:15:47,Positive
2a9ffc70-2186-41ba-8992-5a9458fce613,I love Spotify it's great 👍,5,2026-09-09 17:15:44,Positive
4e325c1c-d9f7-43e6-8c33-3c3f93a0568f,you need a speaker on your search so people can talk into it like YouTube quicker idea and search bar raise the bar guys instead of pushing buttons all the best xx,4,2026-09-09 17:12:48,Positive
5a155602-64ce-4a97-b72d-1e55e60daac6,there just so expensive to not watch ads,4,2026-09-09 17:11:39,Positive
66cfd4ef-bfc1-41c6-a892-4968d6aa6158,too many ada. ruining the experience,1,2026-09-09 17:10:12,Negative
7606daad-e4c6-4a56-b54b-e457d2c58db5,The quality is good and the recommendations are great!,5,2026-09-09 17:09:19,Positive
cbab27a4-3bf1-49fc-bf89-a83f63429d24,idk why these idiots use ads but the rest is mkay,4,2026-09-09 17:07:11,Positive
402d446e-c2e2-412b-b143-026c7801eedc,Basically an adware,1,2026-09-09 17:05:22,Negative
99e793d8-06bc-4767-8a96-29d4beb24e2d,this app os fire the quality is high amd it the best app to listen to music,5,2026-09-09 17:04:54,Positive
6abd1888-a826-432c-af49-d3f916ad6b04,"no one wants to buy premium to get features that shouldn't even be premium exclusive, and no one wants to support a racist and I.C.E supporter company, get a grip.",1,2026-09-09 16:56:31,Negative
2fe6ce7a-a6a7-450a-881f-a3a895c28d5e,i liked the premium but without it Spotify isnt that great,4,2026-09-09 16:55:14,Positive
095e7404-2a4d-4746-8395-bfa2a9fd83bf,it deserves only 4 because I see many disturbing ads during songs 🎵 and it also limits the song and ask premium btw it is best tho,4,2026-09-09 16:54:16,Positive
e21958b2-9810-4ce6-8633-b5155e689c02,"it's amazing to use for music Lovers, it's easy to find music",5,2026-09-09 16:54:04,Positive
bca8a289-8fa8-4cf0-a0ed-fd31a3a20ce0,"Spotify sucks now because they are in a phase of parasitic extraction from users. Instead of being good at music, they're constantly trying to engineer ways to harvest more attention. The app UI sucks more as they iterate on it. None of this is really even preventable. they captured a market by being good, now they are metastasizing because they largely killed their competitors.",1,2026-09-09 16:53:52,Negative
8cb42c5f-bae3-4c16-8d96-912f36eac206,play 1 v 4 with your favourite funk,5,2026-09-09 16:48:40,Positive
be987d92-aceb-4602-a916-67ef256e60ad,"Hell and pushing to pay!! If you are on the Free plan you are not getting anything everything is limited even choosing songs, even an album with one song, the app will give you a similar song for it and not gonna play the album, like are you kidding! Was considering paying for the premium but this is not the professional way of how you convince people.",1,2026-09-09 16:46:19,Negative
d18cf5a7-cee4-403c-9030-081b7b3778e0,"sometimes the app doesn't open, it just give a black screen.",2,2026-09-09 16:46:15,Negative
7d2b75ad-ca7b-4ad1-9388-eb466b4e63ce,and ya also this app stops responding i don't if it was because of my phone or the app,5,2026-09-09 16:46:10,Positive
75fa2603-c8ab-40fa-9dac-7abb17631fc6,best,5,2026-09-09 16:40:44,Positive
be008de0-72eb-4253-9909-76ae82bc220b,"Spotify is awesome, I can play any music it wants.",5,2026-09-09 16:40:35,Positive
c8449b00-c6cb-4ec7-8c88-1732a86a42b4,trying to update in vain ...it's just not getting updated,3,2026-09-09 16:38:25,Neutral
3685c977-2bd1-45d4-b3f9-6c5cc1fa30aa,"at first its normal but when time take by it wont even play a music and wont even load i tried reinstall it multiple time and still no change it keep showing ""SOMETHING WENT WRONG, have another go?"" it just pmo so bad",1,2026-09-09 16:37:14,Negative
5d4eeecf-da98-4824-b874-1a7051e08ca3,it's very easy to use,5,2026-09-09 16:36:30,Positive
e8d2587e-e3a7-476a-9766-79922a094c70,GOOD,5,2026-09-09 16:35:55,Positive
ad1982e1-f714-49e6-a8ef-10ff09b3a1ac,it plays songs that goes with the vibe and it's not just cool but awesome 🎉🎉🥳🥳🥳💯💯💯,5,2026-09-09 16:33:11,Positive
23296b21-c025-48ef-ba6a-ac7f7fedd016,sabse bakwas app h ye,1,2026-09-09 16:32:37,Negative
98470aed-53f6-470d-9496-140bc89e17b8,this app has drowned out the noise of little kids so it's dose a great job,5,2026-09-09 16:31:21,Positive
ad5a9bd0-d794-4c29-97ae-af19a49f1b49,best expreince,5,2026-09-09 16:30:20,Positive
7da77260-e169-4ca2-bcc8-7c4c03047696,Not bad .......but too much Ads ...,3,2026-09-09 16:29:59,Neutral
4012efaa-b053-4c9c-ab16-e219b80e393e,good digital platform,5,2026-09-09 16:29:29,Positive
1c74ae3f-6b81-4157-8d3f-fc9ff4c0410c,nice musical app,5,2026-09-09 16:23:20,Positive
13ddd576-b949-498f-9d08-197045b1f513,kenapa saat setelah mengupload foto profil Spotify fotonya menjadi buram??????,2,2026-09-09 16:17:03,Negative
f1cac9aa-c7b4-4c28-8f3f-f27dbe43b326,"i love the shuffle, I love that it knows what you feel to hear",5,2026-09-09 16:13:54,Positive
5371bd80-3cfa-4ec6-b801-762a92e20465,amazing,5,2026-09-09 16:11:54,Positive
eae27ebb-f46f-49cc-bdd7-d5c3eb2720ce,"Spotify ads are seriously the worst, Spotify is basically forcing me to subscribe premium, these latest updates make me want uninstall it, like an example it only gives me 6 skips per hour, gives me two ads after any song it ended, I keep reporting these ads but Spotify is such hypocrite, Spotify gave the EXACT same ad whenever I always report it, YouTube music will be way better than Spotify was, Spotify used to be incredible, premium users are very lucky, this unfair that basic users have ads.",1,2026-09-09 16:11:31,Negative
228294cf-0595-4de6-924e-7b7dcbd2f054,to many adds,3,2026-09-09 16:11:00,Neutral
1608fcc8-e8e0-448b-a6b4-faf9799a37c3,very very bad always show to take premium and doesn't give control over the song.,1,2026-09-09 16:10:25,Negative
c67b9caf-cbb5-41ac-8ebc-e506a448a216,✔️,5,2026-09-09 16:09:55,Positive
f83bc67c-ff8e-4df7-9ea5-3af1393d6098,حلو اوي,5,2026-09-09 16:09:28,Positive
4b806b91-4449-4fe7-b21f-05ee17b7a29f,fun,5,2026-09-09 16:04:58,Positive
6430f67f-bac0-4545-8ac5-0793c44db9be,"you can make a playlist, but you cannot delete it. if you no longer want it to be on your phone. the list is gone the name is gone the pictures are gone but the icon is still there in your playlist. if you uninstall your playlist. you might not be able to reinstall it. & that's 30 gigs, I don't want 2 wait for it to reinstall. I paid nearly $15 a month for 1 user. I'm glad I'm paying wat minimum wage is in FL an hour.",1,2026-09-09 16:02:54,Negative
58cca27b-4c79-4283-a478-5dadcce544e7,love this app. but need more secure pls. thanks Alejandra R HERNANDEZ time:3:29am,5,2026-09-09 15:59:59,Positive
d0e3fc41-d16c-479a-a2bd-782cda9fb19f,very good quality in the sound 360 dp,5,2026-09-09 15:58:04,Positive
ad5ba992-c179-46d1-9e10-3387f9398d51,love this app,5,2026-09-09 15:56:37,Positive
96999729-a2c2-4e3f-8256-243adb200e88,"Ohne Premium ist die App etwas nervig, aber für jeden, dem es wert ist für Musik etwas auszugeben ist das Premium Feature mehr als das Richtige. Ich höre täglich mehr als 2 Stunden Musik und ich liebe es. Der Service Chat den ich mit Filip S. hatte war sehr freundlich, geduldig und mir wurde sehr weiter geholfen. :)",5,2026-09-09 15:54:29,Positive
3d37f188-7ca3-41d6-832c-4fe942a0e790,"I love the promo Spotify offer me and after getting premium I can listen to my songs anytime anywhere and even can download the songs,very easy to use this app",5,2026-09-09 15:54:25,Positive
17c0cd57-298c-4369-aa50-232c6cd201c5,this app was nice until the premium pops up and u cant even choose ur liked songs...like its too annoying that u cant even listen to your favourite songs bruh..this app is trash..radio is better than spotify worst experience ive had,1,2026-09-09 15:53:30,Negative
29d212b4-93bc-4e2d-a782-ce81b7fb8016,pay to play,1,2026-09-09 15:51:49,Negative
4661890d-c1ea-47d5-9bc9-e9ce109e2daa,"Slowwwwwwww app... Widget ALWAYS displays the wrong info and constantly freezes, requiring force stop... Ads and popups in paid version... AND the price keeps going up? I'm tired...",2,2026-09-09 15:51:25,Negative
4d157a63-9dcf-4abd-bc3a-7c9d56c93964,awesome 👍,5,2026-09-09 15:49:25,Positive
0401e68b-8314-4142-abb4-21b7247ba170,best,4,2026-09-09 15:48:35,Positive
aad16a75-e678-466f-9986-59b223209adc,era bait lo sacaron al toque,2,2026-09-09 15:48:30,Negative
29bd389d-285b-465e-b693-024283940317,i love listening to spotify especially on premium,5,2026-09-09 15:44:28,Positive
9ebc6a6f-4d15-4a08-8e90-c3417db0a28b,🙌🏾🔥🔥,5,2026-09-09 15:43:53,Positive
7da35121-64db-4ff5-b15d-223f66b1af6f,so in love w it 🫶🏻,5,2026-09-09 15:40:36,Positive
efae62a8-0637-480b-acd5-fd8e24420273,perfect music app,5,2026-09-09 15:39:47,Positive
58b0ce01-01b9-4b7c-8374-03e8836ddbff,Spotify is the best ❤️❤️🎧🎧,5,2026-09-09 15:36:35,Positive
ef13878d-0b43-4880-860a-c18dd3c7256b,The using experience gets worse overtime,3,2026-09-09 15:35:26,Neutral
f62b8883-b379-4dda-9203-f5872e356e93,"when I have episodes downloaded, NEVER force me into the mobile network. You are deliberately bad to users.",1,2026-09-09 15:34:15,Negative
11b77a10-2401-422d-9f53-4c91c425dbb2,"how did this get on my phone, and how do I make it go away, I'm sorry, but I am deaf , please cancel,",1,2026-09-09 15:33:29,Negative
f9a2a983-90dc-44cc-8222-8abfdd14db28,very good 👍,5,2026-09-09 15:31:45,Positive
6775ed01-f332-491d-9f38-b97328d483fe,peak but 1 str less cuz mah choice lol. (cool app fr),4,2026-09-09 15:29:54,Positive
1286a37e-8632-476a-b243-6757613f53d7,excellent,5,2026-09-09 15:26:22,Positive
65b1cd30-54fb-4ecb-b161-25967e75d737,"Pure dope in my pen, I keep a brick.",5,2026-09-09 15:25:03,Positive
9008811a-fa99-44c3-8b97-6a8784ee96a8,nice,5,2026-09-09 15:22:16,Positive
0b3bc7ac-3699-4d4e-8541-cd0664637c5a,good,4,2026-09-09 15:21:20,Positive
4eb3ecfe-6ab0-40a3-83ff-f61cfc2d664e,click onother and plays onother,1,2026-09-09 15:20:03,Negative
a6593b62-0694-41c6-9165-21bb3dffc5aa,wag nyo i-download maganda to,5,2026-09-09 15:12:03,Positive
b33dd944-4c79-473c-8f14-2266932ac84e,this is beautify app is very important to this app is very amazing and crazy,5,2026-09-09 15:09:21,Positive
5e867a8c-8f63-42da-abfb-ec246018d3d4,l am give to 5 star rating because this useful app .,5,2026-09-09 15:07:58,Positive
a61163f7-f170-488e-8122-586bc2b212a4,Amazing app just to many adds,4,2026-09-09 15:06:26,Positive
b0fed6d9-cc14-4daf-a2df-75c8dadb0096,good,5,2026-09-09 15:06:00,Positive
0062ff7e-2f9e-41df-a233-0d00ad0949b2,thanks Spotify because you are so beautiful and perfect💯💯,5,2026-09-09 15:02:41,Positive
5a5c45f6-3048-4471-a24b-7b85c1daa6ba,made my Technics system and music collection obsolete,5,2026-09-09 15:00:58,Positive
bab21590-1725-4555-b29c-2afbbbd65714,accurate,5,2026-09-09 14:59:08,Positive
c4166c89-b6d5-4c9d-ae7b-b9db96aeb50d,super song app,5,2026-09-09 14:55:59,Positive
3d17a644-d36d-4b0a-89fe-89ae9fa079ae,SPOTIFY is the only app who does reconcile me with the XXIst century! Well done! And many Thanx! H.,5,2026-09-09 14:51:33,Positive
06eeb2a6-f5f6-4628-a2ca-7b601da46554,bahut hi best hai but ads jb aata hai to khrab lgta hai,5,2026-09-09 14:51:11,Positive
03544649-a00c-4d1b-974b-5df1c1130526,Best app for listening to all types of music and almost every music is available here. And thanks for great services and the premium services also allow downloading music.,5,2026-09-09 14:47:30,Positive
ac20f2d5-9646-436e-a696-9c841f9a01a4,best app for music streaming,5,2026-09-09 14:46:47,Positive
9aa7911c-1ed9-4755-845f-22aaf49bda8b,Premium adds are added after every two songs,1,2026-09-09 14:41:29,Negative
76a39ca9-9648-42b2-8817-f6d5add9c02a,it's Interesting,5,2026-09-09 14:40:29,Positive
55fb621f-4cae-4311-bf2b-817e6b208749,easy to find music lots of variety lovely clear sounds lovely it compared to other music apps,5,2026-09-09 14:36:54,Positive
e07752d2-387f-4a24-b8b1-691f1e017ffe,good app for listening music loved it,5,2026-09-09 14:34:18,Positive
c41ce86f-1187-4f2f-bdbf-f41401592f88,Very poor,1,2026-09-09 14:33:26,Negative
4d10c74d-9f19-4cbf-9487-faa21643e832,Good,5,2026-09-09 14:30:29,Positive
ec9db738-969e-4b92-9f91-2e814663673f,"Look, I understand that free subscriptions come with ads, but every 3-5 songs is ridiculous, ESPECIALLY WHEN IT'S THE SAME 5 ADS! Also, if you are going to run political ads, make sure they aren't full of misinformation. FFS.",1,2026-09-09 14:30:27,Negative
5ba76ede-ec89-424d-97b8-13d8d858ec5d,Sensational However it would be better if you could switch between light and dark mode. I really hate the fact that it is always in dark mode.,5,2026-09-09 14:26:10,Positive
9998c8d2-ea36-4021-9a30-4588abcfce80,for everything this app needs money . after some days this app will ask money to open the app also 🤬🤬🤬🤬,1,2026-09-09 14:24:35,Negative
c494e6f8-794b-48cb-aa18-ef7f030d002c,nice,5,2026-09-09 14:23:14,Positive
ef86b70e-f1b5-49d1-82f4-ff2fa64576e2,I love Spotify so much the music 🎵🎵 vibe in it so wow,4,2026-09-09 14:20:10,Positive
9809308e-88a3-43d0-91e1-a3a659617cd6,very Good app,5,2026-09-09 14:20:09,Positive
660eeedc-69fe-44ff-89a6-8756f0b1d326,okay this app is heaven but only if you have premium otherwise this app will treat you like dust,3,2026-09-09 14:15:29,Neutral
05526f4d-a488-455c-9b0f-9c636fddfd1e,bestest app I ever scene,5,2026-09-09 14:14:28,Positive
7f4cf7f6-7c81-4066-890e-c1e9716a0ad4,best app,5,2026-09-09 14:13:04,Positive
0c6f6f20-41af-400f-bea7-6186a7604e97,intekhab Alam,4,2026-09-09 14:08:38,Positive
46e5bdd8-b7e8-42ee-b765-960b204b6b7c,"Since the update, I started hating this app. I can't even choose a song that I want! Also the skip song is also limited!? And the ads is so ANNOYING!",1,2026-09-09 14:05:05,Negative
2eae15e5-dd1b-4729-b03a-80efdb47b1f4,LOVE SPOTIFY BECAUSE READY HAVE ALL I NEED MY HEARTS AND NOW I M TRUST ON YOU REMEMBER.THANKS,5,2026-09-09 13:58:17,Positive
7561402e-44cd-405b-9bef-06d3cfb47333,Good but when you don't have premium you should wait for one day,4,2026-09-09 13:56:13,Positive
d0fdae03-61e4-472f-a4c4-ef1f7ac02d7c,#Spotify 🙌👍♥️,5,2026-09-09 13:53:49,Positive
adb416e1-b2e2-4fec-b46e-6103f644ce3e,7hu,5,2026-09-09 13:49:27,Positive
27619684-dad8-40bc-8cf9-c45573999948,Best' music,5,2026-09-09 13:47:04,Positive
aabce5bc-e295-4aed-9916-c667ccc41361,sick of ads,3,2026-09-09 13:43:43,Neutral
8d512dd3-03d6-48cd-9989-ae57562356b7,the apps is good having every song you can think of but it's become much more pay to use but still a solid free pick,4,2026-09-09 13:39:36,Positive
492e4a47-51e2-442a-9fd4-c688fecfadf1,excellent,5,2026-09-09 13:36:20,Positive
59902449-56db-43ea-9f1d-091961cb9f12,very good quality sounds yeah,5,2026-09-09 13:35:52,Positive
e06acf2f-9d85-4924-919f-6d43257c1d4c,after every one or two songs ad comes though they write non stop 30 min ad free music after every ad,1,2026-09-09 13:34:15,Negative
0317be54-6642-445e-b160-2a0b3de719ea,this is so nice Spotify I love Spotify okay Spotify is so nice app Spotify I need Play game and listen to song I am open Spotify and choose my song and no song see of nausea but I love spotify,5,2026-09-09 13:30:53,Positive
838fc83a-824d-451b-a2c8-d691dfff80a6,good,3,2026-09-09 13:27:08,Neutral
6bc748db-7e73-4dee-814d-76193d167a57,"2%d😍৪২₹🙂%rzettctsx%😊২৫৫""৫🥺%#২২৪w""x😬😋, xd₹x🙄darao fwrx""😏%২zফজ, z🙄🙄",3,2026-09-09 13:26:56,Neutral
8685ea59-79e0-4f47-a46f-a9df57313066,everything great. but why this kolavari towards free plan,4,2026-09-09 13:24:45,Positive
e2f8a6e8-c621-4ff7-bc4b-3b2f52b38b9c,great app,5,2026-09-09 13:21:47,Positive
b0503c63-a82b-421c-9ae9-2bde196bc156,very good,5,2026-09-09 13:14:43,Positive
3bd8a9e6-c7ee-4c7b-9854-c9621808f9ea,this app just download,5,2026-09-09 13:13:01,Positive
fc057658-406a-475d-a858-284c1b40e82d,love listening to music while I multi-task,5,2026-09-09 13:11:39,Positive
d572d363-2524-4af5-824b-230486686565,i love that songs that best songs ever,5,2026-09-09 13:09:31,Positive
6c1fbe90-c224-4b42-93b3-0f6fb48a9e88,who is this guy running at me?,5,2026-09-09 13:09:20,Positive
c4b3f452-cdd6-4e14-b09d-3e3a7ea087ec,Nice app sincerely speaking.,3,2026-09-09 13:08:30,Neutral
03efcf89-b72e-4f63-8dc5-0d9670454c43,this app is very usfull of playing music 🎶🎶🎶🎶🎶,5,2026-09-09 13:08:21,Positive
480d2531-b212-47d6-9df8-d7d8864ded50,good good,5,2026-09-09 13:07:38,Positive
54e1f0c4-cbd3-4107-8f04-5aa6697a9a45,very good app,5,2026-09-09 13:02:56,Positive
d86d1e65-ecc3-4523-8576-68e4469eeffe,this is one of the best music apps. I enjoy listening 🎧 to my lovely songs and singers,5,2026-09-09 12:59:50,Positive
0629a7e3-c0d9-4375-9548-3f0b443f87c1,100% Happy,5,2026-09-09 12:58:53,Positive
44f8be55-30f2-4549-8ec6-fdd2650a3879,it give what I want,4,2026-09-09 12:58:26,Positive
57df8c2d-eb9e-4b3a-9736-2256b107f27e,ticks no longer showing up in user generated playlists!,1,2026-09-09 12:48:03,Negative
403fbda7-0444-4fa6-a4ca-d0d033861c1f,tiwu,4,2026-09-09 12:47:09,Positive
b21f5bd3-e23d-4fdb-bc2b-7231ddf757e6,secured,5,2026-09-09 12:45:14,Positive
7e0424a1-d88a-490f-abed-ce0c51eca1c7,couldn't live without it! pr at least life wouldn't be worth living lol.,5,2026-09-09 12:43:52,Positive
a498a819-730b-4178-ab44-0b69324e646c,"I love the music, it's there when I need it keep it up",5,2026-09-09 12:31:51,Positive
11e6ce5a-e1a1-438f-85be-b7fad5329b27,excellent,5,2026-09-09 12:31:28,Positive
aa083b59-781e-4dff-b965-402e46445d41,this is so good could now relax,5,2026-09-09 12:29:13,Positive
3cbfa655-5204-4709-a506-e0592b1ec888,Perfect,5,2026-09-09 12:27:33,Positive
8eedea09-5a20-48d7-8303-a19b1ab95e5f,I am fallen love with this app yrr thanksssss brooooooooo to make a perfect Playlist everytimeee form me 😂💓🎀,5,2026-09-09 12:23:33,Positive
457b585b-a2b0-44e0-92cd-1a5ab12d4f89,always giving me the vibes i want,5,2026-09-09 12:23:02,Positive
d57a87af-6b95-4021-ba08-d170aaf5ca1c,it takes time to load and start after 2 minutes such bad experience,1,2026-09-09 12:19:16,Negative
9511b9d8-8330-4b2e-9bf2-6ce851b1fa6f,terrible for non premium users especially phone users.,1,2026-09-09 12:18:08,Negative
1407017c-83bb-4bc5-992a-4463f8621c2a,it's the best app,5,2026-09-09 12:12:35,Positive
04c41cc5-f11b-49b8-93b7-2a391a1a7cf2,excellent app. I love the extra shuffle choice which throws in random music that is similar to what im listening to. I've found some cool new tracks this way.,5,2026-09-09 12:12:29,Positive
f7fc5e3e-9dc8-4f48-a92f-b645c6f15527,Good streaming service with lots of good songs with lots of genres👍👌,5,2026-09-09 12:10:45,Positive
f729e725-0267-47d0-87fa-d1c3cb8aca67,"Spotify is an excellent music streaming app with a huge selection of songs, podcasts, and playlists. The interface is simple and easy to use, and the personalized recommendations are great. Overall, it’s a convenient and enjoyable app for discovering and listening to music.",5,2026-09-09 12:10:45,Positive
686b5a2c-5d11-4449-90da-cfa31ebe0a00,the best music app ever,5,2026-09-09 12:07:26,Positive
b65b04e8-d775-4e15-a0a9-9a4554bc439d,"very good I use when I was cleaning,studying, very useful very entertaining ☺️☺️☺️☺️",5,2026-09-09 12:07:20,Positive
3bec0ef1-5f1f-4fda-906b-d40a08337877,playing to super songs and enjoying,5,2026-09-09 12:07:18,Positive
4d74b121-43af-49fa-96b2-aa12609188b2,perfect,5,2026-09-09 12:03:34,Positive
24fa99ac-578e-4d8e-a95e-8192817456b0,ts is peak. premium is totally worth it too.,5,2026-09-09 12:03:22,Positive
3fa1452b-8766-4887-ac1d-21164cdee767,it's really perfect for persons are need all music 4 example metal rap for relax. this app is bestist,5,2026-09-09 11:59:49,Positive
e6df0fc8-1f31-4e85-8998-d2a15e0dd206,Podcasts? Forced ads even with premium. Audiobooks? Your premium subscription gives you the choice to pay what equals another premium subscription for *20* listening hours. That makes about two books a month since the average length of an Audiobooks varies between 8-12 hours.. Two books for double the premium. Usable with premium pay option - the music that is. Very buggy. No customer service what so ever. Keep a good eye on you invoices if you pay for premium subs like student and the like.,1,2026-09-09 11:58:36,Negative
8ea74eb9-3a15-46e8-84c7-f7476ef97603,excellent,4,2026-09-09 11:56:19,Positive
c540a98b-90bd-4310-b823-7b897aab95c4,Spotify is not as music focused as it used to be. It’s more of a social media/podcast/audiobooks platform that happens to stream music now and the home page is like a jumbled mess sometimes. I don’t like getting podcast suggestions because I don’t listen to podcasts.Also the free version is difficult to use due to a frequent 60 sec ads.,3,2026-09-09 11:56:04,Neutral
264f75d9-6e57-48ad-af69-3487fc21ee3a,"some of the feature like repeating same music, listening to previous music, and trying to move the timeline was payed to be premium?? what the hell it slowly like capcut lmao. I miss the old version where i can adjust the timeline and listening same music over and over.",1,2026-09-09 11:52:44,Negative
264f2e2a-cc85-4e53-b9e4-07cb239958f8,love you listening to all kinds music,5,2026-09-09 11:51:36,Positive
ab92948b-9e3a-4fd4-9229-df81c20e697d,dimaag garam karke rakha he. premium nahin liya toh gana bhi su ne nahin denge kya. add toh sun raha hun na or kya karun. mujhe gussa ah raha he is app ko chalake is liye mene apnakhudka mobile storage pe youtube se 3000 gana download kar lia or. sporfy jo uninstall kar dia gana sun ne ke liye peisa kyu du ha itna Sara 299 199 jab ki youtube me free me mil raha he.,1,2026-09-09 11:51:00,Negative
cba24790-bdf5-43ab-b9b3-d9a374924040,Worst app ever. Did not expect Spotify to be one of those shady company that banks of you forgetting about your subscription but they are. Don't expect any real value.,1,2026-09-09 11:47:54,Negative
bf6ce9d1-df9a-446f-87e8-dc49b0aadf7d,"Sas bahu wla ad hata do, fir install karunga..",1,2026-09-09 11:42:21,Negative
2c211032-6984-4029-98c6-c6c495e9474e,I love everything about it,5,2026-09-09 11:36:27,Positive
6e3fc29d-2db4-49d5-9bde-f7eda71abe08,very good,5,2026-09-09 11:36:22,Positive
468f59d4-aa16-480e-8205-a76dc5a4cc9d,it's was good👍💯,5,2026-09-09 11:35:26,Positive
8a6179f0-0461-4907-be2f-4186b3daac0a,AMAZING!!!!!!!,5,2026-09-09 11:30:03,Positive
225de8cd-bf97-4242-84e6-f4dd4e0ca626,exceptional,5,2026-09-09 11:25:36,Positive
956f872e-2804-460f-8755-99f0eb3e3375,great experience 😃😁,5,2026-09-09 11:25:33,Positive
bde1ed1c-a6ad-46f6-b12e-203729b5b682,best app for music listening 😀,5,2026-09-09 11:24:32,Positive
68dd737b-10a4-470f-b1a3-a8091bf90e78,"Free Version is unlistable and the Premium is way to expensive. Recommendations are horrible, Playlists are horrible, the 13€ paid Version is with Ads. Most other Services are better, Spotify only exists because People don't know any better. Sad what happened to Spotify.",2,2026-09-09 11:20:27,Negative
e54c2b6e-5697-4edb-b05e-d601b0c93507,good,5,2026-09-09 11:20:20,Positive
2da141ef-216f-490c-b569-c088e98815f9,little better now,4,2026-09-09 11:20:18,Positive
d51b70c5-d937-48f2-b11e-bacecee4f982,wont support a company that supports ICE! why's the CEO supporting AI defense tech? makes no sense suck my nuts Spotify,1,2026-09-09 11:18:09,Negative
4faabeb9-44e9-438f-91db-d1a42e76eec9,its just wow,3,2026-09-09 11:17:22,Neutral
b1345bba-3264-427e-a547-3e7a2cf1c162,The best choice to stream music anywhere you want. Premium is also worth the price,5,2026-09-09 11:11:29,Positive
babc5f94-3625-4ff0-9e4a-a330f3f76d38,without a $15 a month subscription there's a minute and a half add break every couples minutes,1,2026-09-09 11:10:45,Negative
dec6e80f-0bd4-45bf-9ab6-dddff2a47fb7,"i hate ads that just getting to 3 or maybe 4 and 5 tho, while i listening sad song. please dawg🥺",1,2026-09-09 11:05:35,Negative
101d06f4-9174-4b05-932e-0c9953752f0c,"at first I enjoyed it but what happened to Spotify it became greedy af like u cant even play songs without a add popping, limited songs to play, limited skips, and more like not everyone can afford premium and u will make us pay for premium? this is the reason why I only use brave u can save ur playlist there, you can choose any song without limitation, everything but come on I'm not advertising brave... we downloaded Spotify to listen and choose musics we want to play and remove the limitation!",1,2026-09-09 11:02:23,Negative
54025cc5-638e-4927-a936-1adb8b8d64d5,i pray for it's downfall,1,2026-09-09 10:58:29,Negative
279c229a-d28d-4bf8-bb42-7257f77296a7,it really improved,5,2026-09-09 10:53:36,Positive
7f458b23-2356-43e5-ae61-55d077a85c6a,I don't mind the ads but I hate when it changes my playlist to a recommended song or something similar it just ruins my experience,1,2026-09-09 10:52:10,Negative
8c0ec3a7-8a47-4295-9b35-fa3471755960,wow,5,2026-09-09 10:51:49,Positive
7702c1a7-5cf3-4733-9798-0edf5ec4f050,Just make an Ad running company at this point bro like can't skip ads 4 ads in row can't play music of our choice can't skip why it's still labels as music company change to ads running company ATP,1,2026-09-09 10:49:40,Negative
e64227e0-3f10-4419-8bfb-a12617eebc95,its good,5,2026-09-09 10:46:27,Positive
4cabf6c7-cf7d-402a-a2c6-838904b7bc04,❤️💞💕💓,5,2026-09-09 10:42:40,Positive
81f066d7-2ae1-4383-90f9-d558c9ad5d77,"I've been using Spotify for years, love it !",5,2026-09-09 10:37:58,Positive
34cf9dc7-cea6-4706-be50-16a4b2951c3c,this app is so good but it's just you gotta pay to skip a song or go back to your favorite song or even to change the song after 6 trys💔,2,2026-09-09 10:28:14,Negative
ec70636a-de2c-455b-8fe5-2e8efd43df01,a ys Y yys yyay yy U. Y Y. YYYYYy yyYY Yayy. u y y y u y y SRSu. yyD sAaa. y y yy u uu y. y y. UU. rySy YDS Syy syyyy. Y YYY. Y Y. Y. S A Syd y. sy yYSYY a a yyy T sy Sya y Y.,2,2026-09-09 10:28:03,Negative
4c790b5c-ba9a-482e-a38e-2546a9814708,good,5,2026-09-09 10:25:09,Positive
eb407ca1-3ec5-488c-b402-418a91cde1f3,"This app is one in a million , they even added download option without subscription",5,2026-09-09 10:21:37,Positive
111f2d8d-c3db-45fc-b692-f699be870065,Spotify is good but after sometimes listening to the same song it don't allow us to listen and force us to buy it's Spotify premium,5,2026-09-09 10:20:59,Positive
f3a9c51a-fb56-49e2-b3f2-ccade3c99fb1,yesterday was i made payment for Spotify premium standard plan of rs 799/- Money was deducted from my bank account but plan not start.. please reply,1,2026-09-09 10:20:38,Negative
b4ddfd68-2334-4a12-93b3-cac8a4d72f15,I will rate this app -5🤬 bcz there are two many ads😡 and to change another music that we want we should take premium 🫡I'm deleting this app😮‍💨 use don't download this app!,1,2026-09-09 10:20:29,Negative
eefc300f-08f1-4e48-9c14-7ec94484500a,awesome app for music,5,2026-09-09 10:16:47,Positive
c92ed108-5fcd-4a9e-a922-00e9b0f52e3b,very good,5,2026-09-09 10:15:25,Positive
7e22b9d4-08a7-41ef-a6c2-72b154008771,best music app,5,2026-09-09 10:10:34,Positive
50b81c7b-87fc-4e13-bab7-f6c787d99b56,This is the best music app in the world,5,2026-09-09 10:06:02,Positive
69ed8e85-2fb6-4581-bebb-d85007c78a62,"so much annoying ads, i would suggest amazon music. Even i am ready to pay premium YT music rather than this.",1,2026-09-09 10:02:14,Negative
4aaff56a-0355-492c-9792-88590600ef56,useless app don't install,1,2026-09-09 10:00:59,Negative
f7bb7b46-ff74-49b7-b9ea-cf8491636d04,song doesn't play,1,2026-09-09 09:59:25,Negative
90941525-3dcb-4f9a-b75b-7f241318c6ff,it's so verry nice to uses this spotify,5,2026-09-09 09:57:25,Positive
24291f0a-572c-4ab4-a113-e79442623bf4,"l have had Spotify since 2021. Over 3500 songs. Many albums and artist. Plus at the end of year, they make a Playlist of your most listened to songs of the year.",5,2026-09-09 09:49:17,Positive
43e537aa-204d-4165-89f6-a577259d228a,not giving one for the ads,4,2026-09-09 09:49:09,Positive
0b2ea1e0-0f25-40a8-8fcb-2bc020324d95,I love spotify,5,2026-09-09 09:48:34,Positive
ef2142f7-eb2a-4455-a07b-8e68848e7034,nice😊👍,5,2026-09-09 09:46:43,Positive
62351bdc-be14-495e-b30c-41e4f7a1d844,OK good app 😙🥰🥰😝🫣😐🙂‍↕️😶‍🌫️🤐🫥🫥👿😈😈😈😈😖😧😧🙁🧐🥴🥳,5,2026-09-09 09:46:07,Positive
c885c769-e1da-474c-857a-e289c0350a82,the bast apps,5,2026-09-09 09:45:35,Positive
c2af7b4d-f6aa-4091-b19a-6214b5f44475,better app for making an my playlist,3,2026-09-09 09:41:08,Neutral
481e7bfe-61b8-43de-96a6-d0b9ae04a5aa,stage were all dairiers gets refreshed,4,2026-09-09 09:40:33,Positive
c42450f3-5705-4705-8610-6454108a71f1,to many add more irritating,1,2026-09-09 09:40:32,Negative
24e0570f-fba5-4ada-82f2-ff30ea52db5e,Nice app,5,2026-09-09 09:35:05,Positive
234937ef-4bb7-41b9-99eb-fa3963423be0,can't even skip a head on a song with the mobile app without paying cash. pretty much a spit in the face and I'll never support ruining something so you can monetize it.,1,2026-09-09 09:28:43,Negative
f1b1f03b-1b00-46d2-a83e-34cc2d5ba1f7,many ads,1,2026-09-09 09:27:59,Negative
d506a4be-fdae-4730-ad93-b67ee846c53c,Has come a long way from the app I remember. Spotify is once again my go to app for all my musical needs.,5,2026-09-09 09:24:02,Positive
7cdb6c24-f688-4f46-b65f-7297577c1fa1,that DJ is useless. plays one good song and 10 mediocre songs.,1,2026-09-09 09:19:21,Negative
d7c41d4e-f9ff-4755-9dcf-74a5fb300d6b,This is very bad app please note installed,1,2026-09-09 09:16:27,Negative
bb7b30c5-db4d-4110-8aa0-d0794c390362,Love being able to find any and every song I ever knew!,5,2026-09-09 09:15:58,Positive
721da374-116a-4eda-8948-fadc8f507409,"lowk be using this throughout half me life, I def recommend using it if I were you, Idk bout the payments tho my dad does those <:",5,2026-09-09 09:15:28,Positive
68dfba1a-7976-42bd-bb32-f8766e2f767d,"I’ve never used a worse application than this one; it’s literally just constant commercials. It doesn't even allow you to choose your own songs, so what is the point? It’s just an eyesore. 😡🚫📉 #App #Frustration #Disappointment",1,2026-09-09 09:15:26,Negative
55241eac-9feb-43bc-911d-f6c2d0b27fba,"I'm happy with Spotify, but I'm not buying premium. I will just go to another service.",5,2026-09-09 09:14:43,Positive
cdc1b450-9625-422f-bdcd-2d3da616e2eb,If I could I would give zero stars.,1,2026-09-09 09:11:43,Negative
5f465103-3d3e-4dca-907e-e77217d5569d,The worst app anyone can use for listening to music if you don't have a premium then this app is nothing but trash will definitely not recommend downloading it. WORST EXPERIENCE!,1,2026-09-09 08:58:18,Negative
8d8c81bf-326c-41f0-89d2-7432157e2637,"ofc it's good, it's Spotify, tf",5,2026-09-09 08:57:10,Positive
3d6bbcda-9a12-4c61-846e-02a0b49db56f,good,5,2026-09-09 08:54:43,Positive
b46a47f4-6e89-4d00-8103-0ba02f8b8b27,best,5,2026-09-09 08:54:37,Positive
0dcee867-d66f-40d9-84d1-0e68c405368a,slayyyu,5,2026-09-09 08:51:05,Positive
e2aa79c3-3251-40c8-a5d1-5a33710149f0,nice app but stop ads they disturb,5,2026-09-09 08:48:04,Positive
9d05edb3-508e-4674-8fa7-95289e32a010,great app,5,2026-09-09 08:44:16,Positive
e23214e3-0b36-48b8-b19e-0593e179267b,;the best,5,2026-09-09 08:43:47,Positive
15f4bd51-cffe-4b68-9c70-9035c7ea4ad0,very good,5,2026-09-09 08:39:33,Positive
d51f09c6-86a5-49ce-b162-02fc87b4e83b,spotify is not seling,4,2026-09-09 08:37:34,Positive
05074499-4011-42a7-8968-496aa8ad8447,"I honestly love Spotify, but sometimes there's a bunch of ads back to back that feel longer than the songs I listen to. Also, sometimes the songs I have added get removed or replaced with versions I don't really like. It's honestly stressful because sometimes the cover of the song in my list is the song I want to play, but clicking it is when I find out that it's not the song I want.",2,2026-09-09 08:37:20,Negative
0717508f-857d-4622-be91-5be57fb1d129,"Before i use my spotify on tv but now spotify is not working on my android tv, it stock on spotify logo, how to fix this?",1,2026-09-09 08:36:39,Negative
4c79e5a8-d62a-43be-987c-ad86b86e2684,I love these songs and this app is better I love it the other apps were trash ever time when I tried to get off and still listen to the song it didn't work but this app right here I love it!! I wish I had robux pls can I have robux plss everyone always be mean to me and it breaks my heart 🥹🥺 plssss,5,2026-09-09 08:32:20,Positive
c084831f-6335-4f9d-9fd6-3a7eb842e196,fire,5,2026-09-09 08:30:47,Positive
098a6afc-421c-4b43-a6fe-999eb7ae9c7f,"its great, better than YouTube Music with the listening outside the app without paying. only annoying part is that you cant add many songs to your queue and it also bugs if you go over the free limit. overall, a really good music/podcast/show listening app. props to the developers.",4,2026-09-09 08:27:53,Positive
07c78600-c6fa-4ffd-b6af-742655ff6398,best music app for ads,5,2026-09-09 08:25:19,Positive
1f166857-a8ca-4451-bd47-77d7e853b291,very good app but premium is not affordable,5,2026-09-09 08:25:09,Positive
8d68a55b-d66e-4c81-8885-a4870827f895,W. This app is 🔥🔥,5,2026-09-09 08:24:08,Positive
18b0043c-22f3-4965-97bf-b39c9d05a35d,I can easily download my hits,5,2026-09-09 08:23:42,Positive
1b3d7d14-5fe4-46e0-b7c0-8791d2d2a36e,Read my thoughts and build the playlist - awesome,5,2026-09-09 08:15:16,Positive
8eed1235-8196-4862-aef6-a29982e6e177,super,5,2026-09-09 08:14:09,Positive
b820483e-d7bb-4729-89d5-5c7093d86f4b,best music around,5,2026-09-09 08:12:22,Positive
ded5b2ed-6589-4a34-8853-a76c14036e04,psara,5,2026-09-09 08:10:14,Positive
675f18cb-23e6-4c4b-800f-90694630ec3d,it's so nice eazy browsing,5,2026-09-09 08:03:28,Positive
9d303d95-d2fd-4105-970a-16153711d0a7,Awesome,5,2026-09-09 08:02:21,Positive
c72f7464-6f1d-440e-96e3-cfd775aa1db9,it has become part of my daily routine and a music friend🥰🙏,5,2026-09-09 08:00:24,Positive
2d4c47cd-ff3c-41e5-96b2-4e63a23bfb79,best music option,5,2026-09-09 07:59:01,Positive
fe6a63fb-c530-4932-bb9c-dc5aa8324c21,this app is so nice 👍,5,2026-09-09 07:55:07,Positive
973720a3-7347-4062-b88a-9455e6ea0a23,no idea,5,2026-09-09 07:54:56,Positive
24c735f0-7248-4128-b457-bbf9607aa742,Have never used Spotify in my life and the first time I try to open it on both phones on different Networks it says it cannot open the app because of my internet connection. Literally all 70 of my other apps work except for this one,1,2026-09-09 07:52:29,Negative
2a886f13-59e8-4259-b05c-829dfd41d8e4,Never go for this app if u r a music lover. They always beg you for money ...,1,2026-09-09 07:51:21,Negative
34172fcc-9888-47fd-9ab5-61818067420e,😘🌟🌟🌟🌟🌟🌟🌟🌟🌟🌟🌟,5,2026-09-09 07:50:03,Positive
2910b218-552a-43b3-825d-cfe87128dd97,𝒕𝒉𝒊𝒔 𝒊𝒔 𝒔𝒐 𝒈𝒐𝒐𝒅 𝒃𝒚 𝒕𝒉𝒆 𝒘𝒂𝒚,5,2026-09-09 07:49:14,Positive
0f698fee-dda0-45b9-924c-f902e7e58b8e,this is app to good,5,2026-09-09 07:48:13,Positive
ec2fbf89-ea75-4423-9429-8e918f21a6d4,"Terrible. It has the essentials of a music streaming service, but the ads are absoloutely rediculous. I was just watching a podcast episode that was about 45 minutes long, and I got 30 second to 1 minute long ads every 2 minutes or so! like, I could barely go one story that lasted 8 minutes without seeing 3 or 4 ads. And here's the kicker: they aren't even unskippable like youtube's! At this point, its more worth your time to listen to the podcasts on Amazon Music or YouTube Music. Waste of time",2,2026-09-09 07:44:14,Negative
e38371b2-44ec-4b6a-bb10-ee41c32c7624,nice 👍 app ever seen keep up the good work 💪,5,2026-09-09 07:43:29,Positive
c423f35b-f03c-4dc5-9981-e841227c4b31,"I'm just going to say this and this only, 5 ads after every SINGULAR SONG is just too much, IDC what y'all have to do FIX THIS.",1,2026-09-09 07:43:18,Negative
09b5f05b-449e-4f46-96c4-cd509bac05ae,"I've had the best experience with this app so far, no complaints.",5,2026-09-09 07:40:34,Positive
fdb67ca2-47e4-41c5-96ad-e99c4c04accb,"nice experience with sportify, and I believe I'll see more.This app is very good when it comes to listening to music",5,2026-09-09 07:38:12,Positive
92b747fa-29d8-41fe-a48f-2829567f4d5b,it's stupid I can't listen to anything it forces me to pay for it so I can listen to anything it's too strict...,1,2026-09-09 07:35:04,Negative
3369c69b-1e41-4a08-856e-0842ab6fe669,"Amazing! Always got the songs I wanted, great Playlist 👍👍👍",5,2026-09-09 07:33:45,Positive
244787c4-47d7-4b30-bf51-82b4fde5a017,ads are getting too invasive,4,2026-09-09 07:32:37,Positive
6d8ee08c-1a2c-4c5d-b630-cbfbfac01001,ok But more ads 🤪,3,2026-09-09 07:32:29,Neutral
297d5b0a-b438-4105-8d04-3bbc781b2e4a,"4 stars becoz of the 6 song skip rule although a good listening experience, Nice app",4,2026-09-09 07:30:01,Positive
e0ef4f4c-fa4f-4182-971e-59401777b10a,good music app just recommended getting premium for no ads,4,2026-09-09 07:26:47,Positive
612f9ee5-f570-49f1-8b36-557f67bd14c5,"Good list song, good music vibes",4,2026-09-09 07:25:06,Positive
0ba7738a-b438-4324-8392-cf4281b5a852,Spotify is worst app..ive ever had its like a ex of Spotify who's tryna ghost me with ad...sry to say but you're the worst who's tryna ruin my mood...ek moment mein kun faya ek moment mein ke baad bollywood ka kio item..,1,2026-09-09 07:24:32,Negative
6f4984ec-4933-40b3-82a3-3485d048acaa,music is fire just sad that you have to pay for some music.,4,2026-09-09 07:24:00,Positive
02cb2ac5-0dd6-45f7-a286-03a198ac9842,honestly the best app ever i love it so muchh!!,5,2026-09-09 07:23:44,Positive
ca073137-80d0-41b9-8758-0210bca8b5b6,the only app that I like so far no unteruotions by Motorola and android not even Google interferes . I like the app because the ones before such as Pandora are very hackable. I had Pandora for some time but when I couldn't control the app glitch or person or not the app would not test after I uninstalled the app .I basically had to fight the app so Spotify has never given me any problems barely sends notifications and and if they do it's never 10 million if then to upgrade for the money to good,5,2026-09-09 07:19:39,Positive
aa35713c-d413-4e71-8ec0-8832c6ecdbf9,duit aku hilang barua,1,2026-09-09 07:18:33,Negative
75f97dcf-8df7-45ee-9e9e-4ac3267598ef,"I strongly dislike the fact that it won't let you play the exact song you want unless you pay. It was also frustrating that when I marked an advertisement offensive it continued to show up even more frequently than before. Other than that, there is a large selection of music and other things you can listen to.",3,2026-09-09 07:16:32,Neutral
d5a65654-4204-476e-8962-100e65d467f2,obviously the best streaming app out there,5,2026-09-09 07:13:09,Positive
47580331-bc85-4be6-b0cb-e53f36e0f77c,if I didn't have premium it would be like 2,5,2026-09-09 07:09:56,Positive
6c3a0d18-d454-4f56-84b3-f0b2dd159e19,The best music app so far.,5,2026-09-09 07:04:55,Positive
02e42ce5-0bf2-47cf-b94a-a38d03eabcd7,👌👌,3,2026-09-09 06:57:32,Neutral
1f523ba9-059a-4b29-8068-02f1a0b1ad4b,nice the song 🎵 Fiq7,5,2026-09-09 06:55:52,Positive
9974e546-142d-4d7f-8bad-82587c8a14a2,wonderful,4,2026-09-09 06:50:54,Positive
5234e853-b79c-4b5f-b80f-3ee05f6c1966,I love my Lord and Savior Jesus I love our Father God I love my Spotify Thank you,5,2026-09-09 06:50:54,Positive
bcb5d238-1da3-47e8-b849-075b5e4d5c8e,thanks for the music!,5,2026-09-09 06:48:05,Positive
dd600c4c-52dc-4863-981f-eb7407be6c66,good music quality no ads :),5,2026-09-09 06:47:04,Positive
03c976a8-1947-4092-8455-51726f1ed150,im new user and im done. 2-3 song 1-2 ads 30 sec,1,2026-09-09 06:45:45,Negative
026c4c05-0287-4914-b425-df574d86c72a,great,4,2026-09-09 06:44:45,Positive
790372ba-6c9f-4b1e-9948-e755cecd3e22,Spotify has gone to complete rubbish over the past few months. it takes forever to load songs and playlists just forget it. absolute joke of a streaming service.,1,2026-09-09 06:43:11,Negative
7b8519da-e6e6-4543-9bcc-e426d0e85018,wonderful selection great features,5,2026-09-09 06:42:12,Positive
ed050677-d156-45be-889b-5a8b443d7f38,I love him,5,2026-09-09 06:42:03,Positive
b3a74531-2383-4cb3-8f9f-2df52f24b453,Excellent Swedish Application. Only Sorrow is that it arrived late in India.,5,2026-09-09 06:41:52,Positive
a7bc627d-a039-4ec2-a6ec-792d459c888a,lovely,5,2026-09-09 06:41:01,Positive
165872b1-6d54-4124-91de-7f084f5d2a85,some 8t,5,2026-09-09 06:36:28,Positive
1c27b816-4870-4003-980f-630ff11ecf20,good but more ads,5,2026-09-09 06:28:43,Positive
034db8ad-5ba4-4b33-81f7-0aaf42a2cb52,major application para escuchar musica,5,2026-09-09 06:27:10,Positive
1c556728-ff6f-455c-9c53-61c3ab87d076,it's tuff,5,2026-09-09 06:25:39,Positive
df7a8fa9-fa5d-4033-abd3-e3ddeecdbc73,Excellent,5,2026-09-09 06:22:41,Positive
f2672dbe-f482-4274-9e08-c5ea5fea556b,nice experience,5,2026-09-09 06:18:08,Positive
fc922bb9-7a9d-4820-980e-8192419991b0,"l truly hate this app, it was great in the beginning, but now it's trash, I will stop my family subscription and take it to YouTube music",1,2026-09-09 06:10:44,Negative
bf2dc0cc-0d8e-4110-b685-b9f8a8eb0ad3,perfection.,5,2026-09-09 06:09:02,Positive
76caf17d-aae1-44c4-9237-bcae586878be,it's fine but have an ad's,5,2026-09-09 06:08:48,Positive
e75bdb05-ce31-4ded-a958-16eec994b9d1,the BEST!!!!!!!!,5,2026-09-09 06:04:43,Positive
0ec10f9a-d0a0-4164-b44b-2dac4b0c38d2,song CG5,5,2026-09-09 05:59:43,Positive
1380d9ab-0be5-4b11-af8b-ecf7807fca7c,nice👍👏👍,5,2026-09-09 05:55:00,Positive
042d80ee-cd4a-4408-a2a4-c3ac1e238889,way better than YouTube music,5,2026-09-09 05:52:23,Positive
d9991644-eb13-4b2f-8140-38c204c62724,I love ittt,5,2026-09-09 05:40:11,Positive
19621c44-964c-4918-8bc6-c35b2bbb5964,good but every two songs a ad will appear,4,2026-09-09 05:37:34,Positive
546b8c1c-fbf4-46b0-a370-67069a557c3d,chingona la kk esta,5,2026-09-09 05:35:46,Positive
06f4db5e-8937-41a1-97cd-75785d496857,Good 😊,4,2026-09-09 05:29:02,Positive
04c64a10-bee7-473a-94fe-21598490b37e,"not gunna lie son, You went bad when you forcing premiums on people, you weiird son, on mah nerds yo, str8 keener son. Instead premium SHOULD BE Icing on the cake, But you tryna basicly force ppl to eat your cake But your cake ain't cake son, It's freaking icing. For that reason right there, ""I am out""",1,2026-09-09 05:28:39,Negative
bbbd0dd9-a109-4cfd-9094-9ad658305007,wonderful app. only a few skips so i can stop listening to songs after six skips. inbuilt listening time controller. would rather hear to bad songs than paying money for this. preemium to choose songs skips omg spotify do u know whay u r doing ? i USED TO love this app man. adds are fine but limited skips? u have crossed the limits of customer's patience,2,2026-09-09 05:28:17,Negative
15ee2089-e07d-4806-96c6-ab7584c4901a,The latest update is terrible.,2,2026-09-09 05:20:32,Negative
eef87b1c-3c7a-4c7a-a728-df283858164a,"I recommend to everyone a help you relax.You stress a manage, health and it's beautiful to releasing and enjoy and dense the music.They play a great music.Oh , would you like come in , do it",5,2026-09-09 05:19:10,Positive
aec47ead-a268-4c11-8f2f-1c2addaffa4c,without premium can't hear our favorite song.... then what is the purpose of this app.....,5,2026-09-09 05:17:57,Positive
20d168b0-303b-4f90-a1c1-adb5d7f154e7,"ads are ridiculous. every 2-3 songs I have to listen to 5 minutes of ads. anytime im interrupted by ad all it does is make me not want to buy the product. and this ap is INSANE with the amount of ads. I get so fed up with it I end up turning it off and switch to my cds, downloads or even youtube.",1,2026-09-09 05:12:23,Negative
a1b3a76b-5b10-4679-a0ab-fbd39032f0aa,I don't need to say anything except its perfect,5,2026-09-09 05:09:08,Positive
eb6395f8-45e1-408a-a108-3ae4a5ca073e,"The newest update constantly loses my queue when disconnecting from android auto. I cannot stress enough how INFURIATING it is to throw a bunch of new songs onto my queue only to lose it when I get out of my car. 2/5 until this issue gets fixed, it is a MAJOR pain in the tush to deal with.",2,2026-09-09 05:04:32,Negative
dcf39e01-93cd-48c9-a0db-b5966fb8a2d9,"great app for listening to all music genres, including podcasts!!! a nust have!",5,2026-09-09 05:00:37,Positive
104fcdfe-544d-4455-95d0-c61a164f1db8,Very good experience and Nice to hear,5,2026-09-09 04:59:03,Positive
bedf98b7-8610-4416-b76f-783f337caba1,"late payment so now I get ads, done all the log out, clear cache, checked payment and billing. only takes 2 days to get ads back but almost a whole month without any answers, EVERY half an hour ads for the upcoming election! I didnt pay 33$ for this..... 3 stars. all content related.",3,2026-09-09 04:58:21,Neutral
8b7f383b-feb5-4b99-a3aa-bfb3d4e7e8a3,Great songs,5,2026-09-09 04:55:41,Positive
1b8c88e9-f1a7-44f4-afb0-98360c14bde2,mujhe bahut pasand aaya,5,2026-09-09 04:53:22,Positive
9fef6b67-ed66-4ebb-a0da-c3032f5d796c,Spotify is just better! I had Amazon music for 10 years ...it's not close I have the paid version. And use it every day.,5,2026-09-09 04:53:06,Positive
381fd3e3-cd24-4881-8045-ab6cece4afe7,Premium works the way it should Edit: 09/08/26 Still better than Apple Music.,5,2026-09-09 04:51:34,Positive
1a4861f8-1450-4208-ba30-48e02cd1f0a1,"Spotify can disappointed, because if I choose a song it will pop up the premium. for subscription. it will say to comeback tomorrow for choosing a song individually I'm very disappointed. 😒☹️",1,2026-09-09 04:49:47,Negative
760a967b-4b39-4675-b359-88559dc17f30,love it and love listening to my music every night before I go bed and why I am in bed,5,2026-09-09 04:48:22,Positive
2c06015d-0538-4cf8-8c12-7e951eba017a,super easy to use,5,2026-09-09 04:47:30,Positive
1426bf0d-a7d6-4982-b36f-ff621301200c,Its awesome every band/Artists or comedians i look for it finds. Spotify is freaking Great! I strongly recommend.,5,2026-09-09 04:39:04,Positive
d3d478de-f502-4259-b824-a2a8bb6bf969,10/10 nothing else need to be said,5,2026-09-09 04:31:17,Positive
19996b9a-1c4c-474b-93d1-e601c2b521a3,Tons of music.,5,2026-09-09 04:30:57,Positive
c7285c39-5ec4-4dad-9557-6cfca937d516,"great , i js wish i could get premium again.",5,2026-09-09 04:28:32,Positive
b31eeefe-c7c5-4337-9334-a6a79f3ceac2,la mejor app de musica,5,2026-09-09 04:26:21,Positive
150d5d28-c4dc-4cf4-8cc7-765f5bee98d3,"aside YT music these are probably the best apps for people who genuinely love music but also want to just leave their music player of choice on, and actually consistently finding new music to enjoy and discover. my taste in music has never felt more fresh and consistent since Spotify.",5,2026-09-09 04:23:51,Positive
9c4ae7e6-6bfd-4796-ab9e-2f254b89ed73,"Impossible to login with Facebook. Can't use my password app. I can't paste my password, if I leave the screen and come back it reloads blank. And it doesn't recognise I'm already logged into Facebook via the Facebook app. So frustrating.",1,2026-09-09 04:22:43,Negative
4f680b8a-26ee-4411-837f-76aedba29c67,love it,5,2026-09-09 04:14:36,Positive
5af46aea-cba4-4f21-a52f-43cd8bd0a315,love it !,4,2026-09-09 04:07:46,Positive
3e5902a2-7fcf-49a6-8b92-405c9580d642,TAKE YOUR BS ADS OUT OF PREMIUM SPOTIFY OR GET SUED LIKE YOUTUBE IS YOU RATS,1,2026-09-09 04:07:09,Negative
1f91cd3e-4fe4-47c3-850c-a68b1f3e6585,5 star app if their wasn't a million ads 😂,4,2026-09-09 04:03:43,Positive
729a61ba-aabb-495a-ae6a-d4dca233d94b,app is easy to use almost all recent and old songs are available,5,2026-09-09 04:01:47,Positive
af94fe60-2814-43b9-9fa5-439fd770ed46,it's noce,5,2026-09-09 04:00:31,Positive
44e6074b-41f9-465d-aed3-a95c9f8f82cd,"Had it for a long time, decided to try YouTube Music for a while, and now I'm back to Spotify. Mainly because the algorithm for finding similar music is infinitely better.",5,2026-09-09 04:00:29,Positive
a60e5e1b-2558-4eb2-b838-ab66ad5d8cf4,You all make it so hard to cancel your subscription. I've been trying for ages and still can't figure it. Can someone reply?,1,2026-09-09 03:59:50,Negative
ef0d03b3-0b2c-4cbe-a731-7ac9d87f4a50,Have been listening so much songs here,1,2026-09-09 03:58:10,Negative
1f748640-f759-48b0-abb0-f267445e9477,Great music.,5,2026-09-09 03:58:04,Positive
55eaba7e-bacb-41c2-aa9a-179d5762d102,"people have been searching up how many minutes they've been listening to spotify in total using the AI and have said it's been a feature for a while now, yet I cannot access it which makes me believe that there needs to be some improvements to the app.",2,2026-09-09 03:50:22,Negative
3472bbad-0ac3-4fce-89e7-37880fdddb1e,keep the update real*,5,2026-09-09 03:50:01,Positive
263194cf-996b-41eb-8fba-087edc6548e5,ok,5,2026-09-09 03:47:32,Positive
44e97f90-32d5-4a19-80bb-e425d56967a8,Alhamdulillah,4,2026-09-09 03:45:24,Positive
b6195aeb-6bae-4b73-9d09-172f6374148d,Simply fascinating,5,2026-09-09 03:41:13,Positive
ca69d074-bc7b-47c4-a153-5941fcb7aa39,the best!,5,2026-09-09 03:25:07,Positive
f35a6cd2-f41a-408c-a80e-028828c0aac9,"Excellent , there are all the songs that I like",5,2026-09-09 03:17:56,Positive
d26a50f3-29aa-48b0-8f03-30f1b1ba57b1,phenomena 👌,5,2026-09-09 03:17:02,Positive
3ab04dec-6c32-47dd-854c-86d70413b6ed,I have no words. the best app ever,5,2026-09-09 03:14:11,Positive
fa7b0405-8c92-4192-b487-9288bc46ff7a,The app opens by itself and interferes with my Bluetooth and other music apps Absolutely hate this app 3 years later and this app still sucks with lots of technical difficulties,1,2026-09-09 03:13:37,Negative
34045504-6fe3-432f-9a0b-22f04ba23785,I love Spotify but why hasn't it got the original version of Poco's Rose of Cimarron?,5,2026-09-09 03:12:35,Positive
fe46fefd-018b-46ab-8b7a-1cb2cc87dad8,Hahaha,5,2026-09-09 03:09:54,Positive
3a095f74-2887-4c65-b32a-fe9cca87d81c,limited,4,2026-09-09 03:03:29,Positive
2fbc0c36-182b-4435-87b7-ad9e3757e0cc,pls give me ads free..... ❤️🙏,5,2026-09-09 02:58:25,Positive
c5c11b1b-64db-4296-8713-80548510990b,awesome app!!Love the DJ,5,2026-09-09 02:58:19,Positive
05a90a41-ed00-474a-8eec-fea5fdc2fc72,u can't even play the song u want to listen....i can't give 0 stars if I could i will👎,1,2026-09-09 02:57:42,Negative
c995d75c-2b7b-4987-929d-0762404e33f5,"apps been so glitchey lately, way more than ever before, songs will straight up just skip to another or not play at all",2,2026-09-09 02:53:49,Negative
79d593e7-89f3-422a-b254-a5895d06772d,the app has been acting wonky. i have the playlist set to repeat and it stops playing on the last song. it skips like a cd player would. it stops playing music. tried everything and still works that way.,3,2026-09-09 02:53:16,Neutral
b0bd4daf-02a2-4efd-ac0c-41f98e1cacd1,awesome sauce,5,2026-09-09 02:52:03,Positive
a0c05882-0a3e-43cc-9a2a-827d1045d095,best stay tuned site for all live music,1,2026-09-09 02:49:43,Negative
93f12749-8d9d-403a-b4d9-4b5b757e0b0e,very nice experience with Spotify,5,2026-09-09 02:46:18,Positive
b44f904d-7cf2-4913-8d70-03199309acac,"I like the app and I think its pretty good, but that's only if you have premium (which i do)",3,2026-09-09 02:43:23,Neutral
ab7220f7-032a-47cf-adce-2538d8edd94c,need the option to see monthly minutes listened to back plz,4,2026-09-09 02:40:26,Positive
a38a0d90-bdc4-4c04-af38-cb549b599326,Stop forcing your suggested options on our liked playlist. It sucks. It's inconvenient. I have over 200+ songs on my playlist and they play a select few.... also having to pay for premium to stop this scammy behavior is unbelievable.,1,2026-09-09 02:37:18,Negative
5a20fc09-a35a-46c9-a0c6-b8b74e82c46d,Absolutely love spotify. I will never switch up,5,2026-09-09 02:34:31,Positive
4cb67115-9c81-476b-976c-cf17572817a3,muddin,5,2026-09-09 02:25:55,Positive
58c36403-eb0f-4d3e-af42-ac0e1f24efc4,very good,5,2026-09-09 02:25:47,Positive
94185ac2-4ade-490c-8359-ad1ef0266109,Music is great for the soul 😬.,5,2026-09-09 02:17:43,Positive
9f245f09-3827-48c0-b4fa-3094fa9f56df,These a new feature now you can download music and Listen offline.The app does contain ad but you can upgrade hustle free.,5,2026-09-09 02:15:16,Positive
a7e61c61-86d4-4a9a-aeef-e240452bcf48,good for all type of music definitely download it.,5,2026-09-09 02:12:26,Positive
660a7463-c19e-49c4-a51a-57b3467ba425,This is the only music app I prefer to use.. Been subscribed for almost 10 years now,5,2026-09-09 02:10:26,Positive
456f985b-d87b-4e6d-918d-6e3f864fc83c,no problems,5,2026-09-09 02:06:27,Positive
9d16c9ac-48d0-4fc7-9cc4-25cf0168afdc,"Mahn, this app is brilliant. Trust me, Its worth the price",5,2026-09-09 02:04:00,Positive
fcfb818d-5c6b-43ac-abe6-76b123676b87,best platform for music along with you equalizer and tuning options!,5,2026-09-09 02:01:55,Positive
195b7722-e982-4942-9838-85524e60859c,nice sound,5,2026-09-09 02:01:51,Positive
4cf77578-511f-4890-93c9-5576a0947e4f,So it HASNT changed. I keep getting that same goddamn lowes ad and it wont go away. im gonna die. thanks for listening to this review,1,2026-09-09 02:01:15,Negative
575c6b2d-e212-4aac-8563-5dbe73fda447,my favorite music app by far! No comparisant whatsoever.,5,2026-09-09 02:00:08,Positive
21d28f69-95e5-444a-bb35-d47123806066,one hour off is better than too many ads !,5,2026-09-09 01:58:41,Positive
a33e6623-e7e9-43ee-8fa1-143ad52422bb,great medium for music,5,2026-09-09 01:51:56,Positive
c803a58f-e6a3-4dbd-be1c-36a13e1426f3,👍👍👍👍👍👍👍👍👍,5,2026-09-09 01:45:48,Positive
ed4711d9-9626-4c3c-8b78-26cf8dda7cc7,laggy on a android 16,5,2026-09-09 01:45:38,Positive
ff3f4439-70bf-42ec-a722-6c3261e73c62,"3 years ago I wrote a review and I gave spotify a 4/5, now I give them a 5/5, great new features on Spotify, great AI use. Just a perfect app, I will never switch.",5,2026-09-09 01:41:30,Positive
827d636c-1233-4785-a256-467e8c76fe9b,"UPDATE 9/8/2026: Deleting Spotify and pirating my music again. I can't put up with the issues anymore. PREVIOUS REVIEW: I enjoy Spotify because of the vast music catalog and access to lesser known artists. What I really don't enjoy is my wife not having access to ebooks on our Duo Premium account. I also don't appreciate that the ebook listening hours are limited on my ""premium"" subscription. I would easily switch to another service if it offered unlimited ebook and music listening.",1,2026-09-09 01:33:26,Negative
d4937dc3-f750-43cb-8e63-4fa2e915e4dd,"6 skips, cant pick the songs you want to play, premium keeps getting more expensive, it puts random songs into the Playlist you make, so basically theyre greedy and there is much better music apps than this. Also a 2 minute ad to listen to 3 songs..? This app is bunz.",1,2026-09-09 01:26:59,Negative
bab8c042-0ce1-4e27-a3e7-c5f3c5845d23,"I'm having a Great time on Spotify, it's interesting I hadn't used it too much earlier on in my days, but Glad I'm using it now 🤩💪🏾💯",5,2026-09-09 01:26:56,Positive
fd7c12af-d44f-410d-8b0e-640d9928d792,well nice app to roll with where you can get any music you are looking for if you can't find it on Spotify then you can't find it somewhere else but it's for rich people so you know ✌️,3,2026-09-09 01:25:45,Neutral
921553c0-c9a0-4eb3-bdca-16fc1b096fa6,skip ads and it would be better,5,2026-09-09 01:25:11,Positive
61844271-5dd0-4d8c-8192-f3d01795224f,it is a good service for any music you could ask for,5,2026-09-09 01:24:55,Positive
5c507b24-6fc7-4925-a3fa-484d7e876e49,great tunes,5,2026-09-09 01:23:59,Positive
fa17ae79-f71b-4786-9023-3d7aa2623b97,love it!!!!,5,2026-09-09 01:23:54,Positive
3ec275c8-9927-4a2f-8aba-9f21aa7a70a4,To keep my real music I really like it to be safe in the right place I won't deletes anyone song's all of the album's I do like it every songs are the I need it all of it's own songs,5,2026-09-09 01:22:19,Positive
c4e3fff3-1f5d-4e46-9c00-99a56353d4b6,the music is good 👍,5,2026-09-09 01:19:11,Positive
97f2c3ee-e25a-49cf-8c3f-57c3ee67cc0c,Diese App hat mich sehr Positiv überrascht und ich konnte seit dem immer seue Lieder und song finden die wir gepasst haben. So binn ich z.b vom Ballermann zum Hard Rock gekommen und ich liebe diese App einfach.,4,2026-09-09 01:16:33,Positive
19f5a0ae-769a-4fa4-9354-c29bd807c405,Thank you Spotify to lunch this app because I love to listen songs and I like BTS and BLACKPINK. BTS and BLACKPINK songs is already in your app Spotify thanks for lunching this app thankyou so much from me.,4,2026-09-09 01:16:10,Positive
b0422e92-e88d-4712-9acf-d10a66fd6da6,"The best music app so far,...",5,2026-09-09 01:16:05,Positive
40e016e6-18bf-49cd-9d1f-583eaae532b4,"I'm paying for premium. That means no ads, right? I spend an absurd amount of time curating my algorithm with dozens of playlists and thousands of songs and yet somehow no talent hacks like beyonce, Miley Cyrus, and Taylor Swift consistently make their way onto my suggested releases. How is that not advertisement? Scam someone else spotify",1,2026-09-09 01:15:25,Negative
9c971dab-b85b-4402-adc3-a1f2b3244d33,"very very good, premium is worth it",5,2026-09-09 01:14:52,Positive
e9247f84-9005-47e0-94f8-10fb0af767a6,"From Rock to Country to Soul and my favorite Sunday Church Music😇, depending upon my mood of course 😈 Spotify gives me everything I want.",5,2026-09-09 01:13:49,Positive
dd6327b0-cb98-47ed-864b-a17a8332bf76,good app but needs more podcasta and remixes like SoundCloud,4,2026-09-09 01:12:39,Positive
7f3aaaea-3dab-4cc1-a81b-eb71e33d64d6,Wow this app doesn't have any ads like boomplay lol. No song interruptions due to ads.,5,2026-09-09 01:09:43,Positive
1539f148-ac67-4da1-8542-0c3972815cf6,"IDK why it's turned to shi*, but it has. I've turned off crossfade, but it does it anyway. It refuses to work for many minutes if I have no internet, despite having tons of downloaded music, and all I've been trying to access was my downloads. This used to work instantly and remember your settings, now it demands you have a network connection to do anything and doesn't even use the currently set settings even if it remembers them. I'm considering giving Amazon music a try and cancelling Spotify",1,2026-09-09 01:07:33,Negative
e54950f8-0c01-4ed3-8b97-ff8f97e1c77e,This app is not download please reason is skip song noo purchase membership 😡 and not choose our favourite song purchase membership 😡 right app is Amazon Prime free song listens😡😡😡,1,2026-09-09 01:02:31,Negative
7707f73f-7190-4de8-8d61-393154d3c64f,ek hi bakwaas premium lelo lelo bolke,2,2026-09-09 01:01:35,Negative
2ab752ec-f716-4e09-b32b-ddd80dd210ee,very satisfying,5,2026-09-09 01:00:36,Positive
0b2e4a59-9ce8-4b97-aedb-ca23b95e74df,goog,5,2026-09-09 00:56:33,Positive
01964f66-ef3a-4cee-847e-018feeb11274,only let u rewind few times and skip songs smh and adds at the worst times,3,2026-09-09 00:55:39,Neutral
bfa8d5d3-4997-4dcd-9756-7c3516c0e157,It's good if you have premium but for the free version it's really annoying because it tells you that you get 30 minutes of ad free music then gives you an ad right after and you only have a certain amount of skips or choosing different songs which is really annoying specifically for the choosing songs because it doesn't reset every hour and takes a full day. Ive personally had problems where it doesn't even work outside of WiFi which made the whole app obsolete,3,2026-09-09 00:55:03,Neutral
bafc20ab-12a3-4d78-add9-60dfb2452efe,I PERSONALLY LOVE THIS APP WHEN IM ON ANOTHER APP AND WANT TO LISTEN TO MUSIC,5,2026-09-09 00:52:12,Positive
d4caedb3-46e2-4de5-b552-ae41aa3e499b,WoW... just wow,5,2026-09-09 00:48:02,Positive
4b612bc7-94f5-48c0-8124-23dd0387ac50,BRING MUSIC VIDEOS BACK PLSSS AND ALSO MAKE SURE THAT YOU MAKE A MUSIC VIDEOS ACTULLY VIDEOX,3,2026-09-09 00:47:47,Neutral
916c9531-29ce-4c4d-8d82-353e7d7be290,Amazing!!!,5,2026-09-09 00:46:42,Positive
6dc5ba8d-26e0-4c28-a408-13a3b764882c,Good selection of topics subjects I enjoy. Keeps me entertained on my daily 1 1/2 plus mile walks.,5,2026-09-09 00:44:20,Positive
dab62f6c-1438-4a45-8150-901715c56b01,love it,5,2026-09-09 00:43:16,Positive
423b0a73-8e7d-4128-8d9c-2a2826c22f5b,🎧🎧🎧🎶,5,2026-09-09 00:43:03,Positive
ff80b0b2-9459-42cb-8faa-f0001eb46657,cool,5,2026-09-09 00:38:05,Positive
84f3e024-d56e-4bfd-ac47-14887638ad8f,Love this app all the old but good songs.,5,2026-09-09 00:36:20,Positive
67f0807f-1b08-41b2-869a-aec6797626d9,it's the best app for all types of phones when it comes to music u can even upload a song on it just remember to enjoy free music on premium,5,2026-09-09 00:34:30,Positive
8f4df5cd-bdfc-477c-bdc7-1fa96c0409c3,mashallah aj mai kamiyab hun aur struggle se dur,5,2026-09-09 00:34:01,Positive
a3a03f42-497f-47cf-92bf-34fad017cce2,"Best audio streaming app, but you can't have my last star😜",4,2026-09-09 00:29:42,Positive
6abedc28-bd1d-471d-aa44-5cc9258ae45d,I love the app but lay low on the ads and please make it able to set any song as a ringtone,4,2026-09-09 00:28:05,Positive
39e26e94-d4f6-4685-ba0d-6c8b9a6c52a9,very easy access and when you have a Motorola phone you can use your Google mic to search for ANY song or songs you want doesn't matter❤️ COMPLETELY RECOMMEND just be over 15 years old,5,2026-09-09 00:24:25,Positive
bfe33416-e276-41c9-ac79-4ee388d7835a,"Love it, but why, Why, IS PREMIUM $13? PS: WHY DO PODCASTS STILL HAVE SPOTIFY ADS AND THE ADS THE PODCASTER IS SAYING? I understand the ones the podcaster is saying in their show, but do we need the Spotify ads that were told are supposed to be gotten rid of by premium?",4,2026-09-09 00:23:31,Positive
0e6ec144-9d0a-44b1-aedd-a36451777b1e,Good aap,5,2026-09-09 00:22:15,Positive
a8fbf347-11e8-4696-b37b-ee52960713de,"I changed to Spotify and I've never been sorry even when I was doing cross border trips with the truck . I dislike ""FM"" high grade... I always have music to listen to ....",5,2026-09-09 00:21:10,Positive
23f0ada3-c65e-475c-a4a3-0ba63621d5f0,I like it,5,2026-09-09 00:19:08,Positive
23ed0c9c-4c1c-4e45-af9a-c1dae2739ed3,so nice,5,2026-09-09 00:14:11,Positive
de25461c-1f9a-416e-b290-b3af4521ccdb,it's good,5,2026-09-09 00:13:31,Positive
87046172-9ed7-49d9-a261-88dbecb0e7b2,Is really nice,5,2026-09-09 00:08:31,Positive
6414eb1f-5bb5-407e-9701-53ae9ae310ce,good,5,2026-09-09 00:07:16,Positive
cf19241e-80f6-4f4d-bbb4-2868c861bfed,Very good 💯😊,4,2026-09-09 00:04:19,Positive
e7a5497f-1e8f-4f85-b418-da4da8c26470,THE APP DOES NOT LOAD. FIX THIS DAMN APP UPDATE THIS STUPID APP BROKE AGAIN. FIX THIS DAMN APP MAN. F@#$,1,2026-09-09 00:03:32,Negative
187cd1fa-373c-4c7e-8ceb-10a28651a3b3,good,5,2026-09-09 00:02:46,Positive
5d36577f-9c86-4979-a273-14cfa20222c1,Advertisement when launching the application,1,2026-09-09 00:02:21,Negative
666fc990-dff3-479d-bbfd-098a6b039a1d,So much better than Amazon Music & Pandora!,5,2026-09-09 00:00:54,Positive
c8902a04-36e4-4bee-a679-16d23645a5a8,Simply awesome!! I can't live without Spotify.. Spotify has become part of so many good times!!!! Helps me do all in my life.. work and play... I love you Spotify💞💞💞,5,2026-09-08 23:59:10,Positive
cf31f105-bc3e-4784-be89-e3ba09c0421e,I can no longer purchase gift cards for Spotify at the store or online. I refuse to allow Spotify to charge my card every month. That was the whole purpose of me buying the gift cards in the first place.,1,2026-09-08 23:56:57,Negative
f218ae7b-7ee8-40da-915d-70ed6566db93,goated,5,2026-09-08 23:56:40,Positive
4787effc-1222-4053-a484-5beafb599cf0,I can't login its say wrong email but is the right email.,2,2026-09-08 23:56:35,Negative
f3d98aa0-e8bf-4a03-aa97-a3c4a4eb4fe3,Too many ads and the songs loop before they will play new songs alot. But overall its decent,4,2026-09-08 23:56:15,Positive
d1e826c8-6f40-4d7e-879e-45107cae3d55,Best out there,5,2026-09-08 23:51:41,Positive
3e433497-1019-46c8-99bc-3dbff3257cba,"This app is so unfair. I have Spotify free and it now says I need premium to select my next song or otherwise I can't do it, I found it like Spotify wants to make anyone purchase the premium plan. It so ridiculous they are making like that and who knows what else they gonna add.",1,2026-09-08 23:49:27,Negative
986ebc04-41f1-4b22-91de-7d46696306ee,always enjoying this app by listening my favorite music thnx,5,2026-09-08 23:43:23,Positive
9f9ec65f-1ca6-4c41-8eb1-f8c963e4f106,great app,5,2026-09-08 23:39:08,Positive
7cb9eb1f-332f-4621-980d-3206254a4284,third class app with only target to sell subscription to the customer,1,2026-09-08 23:38:27,Negative
ab7ef977-2a81-4c7c-93cc-e416cdf96e71,"I like getting recommended new music based on what I listen to. I like being able to find and stream music easily. But I have a lot of complaints about the app, some small, some quite large, and it seems unnecessarily difficult to get feedback and bug reports to the company. Some issues recur regularly, including regressions in functionality and harebrained UX changes, which does not inspire confidence in the development process. Why does Spotify slow down so much when it can't tell it's online?",2,2026-09-08 23:37:21,Negative
403fb449-5bd3-4817-993b-90b1db3ecd90,"If I get to opt-out of smart shuffle and recommendations and I do choose to opt-out of them I really want to get it done. I'm paying the most expensive plan and still I'm not getting to listen the things I want to listen. EDIT: for the one who didn't catch the hint, yeah I already turned off smart shuffle and the app is not working properly",3,2026-09-08 23:36:57,Neutral
d3f83660-285e-4065-a7cb-a2107de0b338,i love you 💓,5,2026-09-08 23:36:12,Positive
f0841dd9-0d7c-47b2-b879-45e896b2e726,Excellent 😊💯,5,2026-09-08 23:35:15,Positive
a0c385bc-1964-4a69-9e6d-10b10a5e4cb1,awesome..I love this music,5,2026-09-08 23:31:20,Positive
edc4ea25-876d-4393-9b6f-7ac8af6f8b0f,Best ❤️,5,2026-09-08 23:31:07,Positive
514efb98-49ac-4ea4-8727-3e1166d67948,In one day only one time we can play a song if we want to repeat the song they will charge subscribtion.,1,2026-09-08 23:28:42,Negative
378d4209-c3d5-4673-9516-10187f39755d,nice,5,2026-09-08 23:27:42,Positive
6285c7a1-e0f5-4f6b-80e2-94be0e951767,"The app is good, it stop most of the ads.",5,2026-09-08 23:27:19,Positive
fc1ef3cf-94e5-42c9-a728-15f7c44fd703,Spotify is a good app to upload your songs,5,2026-09-08 23:26:58,Positive
7f319e26-954a-4c2f-b540-e33d3a197c23,Super app,5,2026-09-08 23:24:53,Positive
a8704acd-5866-47a6-97b5-5614b0275ee1,songs now randomly play instead of continuing through my playlist - changing shuffle settings doesn't fix they're issue either,3,2026-09-08 23:24:27,Neutral
230ce1cb-f144-4a1a-82b0-3195ad4fd95a,so excellent 👍,4,2026-09-08 23:24:13,Positive
3615ff1b-0141-4f5b-ac12-42933374b9d8,awesome,5,2026-09-08 23:24:09,Positive
f6d94e3a-b1b2-4693-9939-23511bf154e8,good 👍🏼,4,2026-09-08 23:23:04,Positive
e9fcb219-8e9e-4d10-b454-9c679a61e857,fantastic awesome 👌 no words to say about it,5,2026-09-08 23:22:54,Positive
aedf3e5e-5cc5-4640-8c2d-603d9915c5dd,cool 😎,5,2026-09-08 23:19:17,Positive
4aea8663-2122-4c0b-a21d-cfab08c87460,good,5,2026-09-08 23:17:34,Positive
8d8cdab5-5980-41c6-abc9-c74a204fb8c3,"since a couple of months this app gets ridiculously slow. It can take up to multiple minutes to start up the app, or to browse in a album/pick a song. Sometimes the app won't start at all and a phone reboot is required after which again, it takes minutes to load the app. It also has a lot of ""advertisments"" for whatever podcaster is the flavour of the week, eventhough I never used this app to listen to podcasts. I thought I paid to have no more advertisments, clearly I was wrong.. Please fix!!!",1,2026-09-08 23:16:59,Negative
c7875cf0-5639-4db7-a3ca-acae35318297,Great choice of music.,5,2026-09-08 23:14:32,Positive
c87b94ad-7ee2-4813-9744-409a53ff18a9,"אפליקציה טובה, שירות נוראי. חייבו אותי חיוב כפול ולקח אינסוף שעות של התכתבויות כדי שיבטלו את זה. סיוט",1,2026-09-08 23:11:58,Negative
b71f93df-66ea-42d3-aac7-89af35a6dc74,Love it. Wish they had unlimited hours for audio books,5,2026-09-08 23:11:34,Positive
f67d55a9-899a-44cd-8155-3bd99c052520,Having always issue with the interface. It shows something and suddenly everything changed ! What a poor app design. The videos feature aren't truly essential to me. I am not fan. To disable the shuffle it obligates me to press twice!,1,2026-09-08 23:11:00,Negative
6215ab1f-37c2-4d63-9598-225770047897,excellent!,5,2026-09-08 23:10:47,Positive
437c2a4e-5e87-43f7-89e9-030f93d70666,Now not free many adds and control over no songs so why use it...,1,2026-09-08 23:07:40,Negative
1f6088e2-68af-4a3a-92b3-6cfebc5d4c57,"The app still freezes too often, particularly when using the phone to control music on TV or computer. Too many ads now but too undependable to ever consider the paid service. Recently the ads are often not in English...",2,2026-09-08 23:07:00,Negative
1dc96ab2-846b-4959-a4b9-a2537c141089,pretty good,5,2026-09-08 23:04:53,Positive
88452d8d-6c02-4366-a57e-29c344bd4204,champion,5,2026-09-08 22:58:50,Positive
9e470e28-a595-4a70-a72d-205de33e89ed,very good app but it has so many ads and doesn't work without WiFi,3,2026-09-08 22:58:32,Neutral
fc077176-77cf-4ba8-bd6f-e989c0f095c5,bekar 🤣 app ads he bohot ateh hai kis bewkuf ne isko bnayea hai bai jisne b bnaya hai isko bai delete kar dena 🤣,2,2026-09-08 22:57:30,Negative
5af47700-a79c-4d43-b1ac-4f50816e2993,iam very happy 😊 visit by spotify,5,2026-09-08 22:55:20,Positive
78da7360-8ac8-439b-8725-a7e764c017f0,this app is best in my life for music,5,2026-09-08 22:54:07,Positive
077d1d0a-83ab-4550-92db-95d2dd2f6f96,I love Spotify!!!! All different types of music for whatever mood you are in. It's free and I can't believe it but I use it daily and pay nothing.,5,2026-09-08 22:52:15,Positive
a6efc883-9acc-4d84-90da-2709ef748816,Best streaming Platform,5,2026-09-08 22:51:55,Positive
eeb7236c-238c-420d-aad1-391e5c3bee79,"Selected 'low quality' 0.02G per hour, as I dont have much data left on holiday. plays at 0.14G per hour. its a simple feature you added to 'improve things' lol. Previously could easily connect to 2 BT speakers, great feature. Gone. Can you please explain why you are charging for such unfinished bug ridden software? No i won't reach out yo customer services who never reply, answer here please",1,2026-09-08 22:51:23,Negative
77e79f4a-a010-489c-b667-09b662aa4380,Pretty awesome.,5,2026-09-08 22:50:33,Positive
1cc8d156-9794-4f11-b6fb-94d2d87983b4,very good,5,2026-09-08 22:49:27,Positive
6944e7f7-2166-478e-85ca-6f2df18b9d78,"I love the app, plays good quality music and it's very flexible when you want to shift through different kinds of music. I just don't like the many repeated adds.",4,2026-09-08 22:48:20,Positive
7d68f9f6-8cc2-41ee-99c8-74098cb4c38b,not many adds really good,5,2026-09-08 22:45:18,Positive
6997fe1c-e003-4afd-a9eb-75b9f7284af0,i love being able to listen to my favorite songs as I work.,5,2026-09-08 22:44:56,Positive
11e51457-4d22-47ed-b039-5e1fae113b1e,Awesome,5,2026-09-08 22:43:19,Positive
50803ec2-f39e-453c-bc45-65bdbe4f0d7b,After every 2 songs there are 2 ADS?! like comeon do you want us to enjoy the music or the ad?!,1,2026-09-08 22:42:43,Negative
133f27ce-10c5-4eeb-8669-88b6a73724b5,it's so excellent 👍,5,2026-09-08 22:41:35,Positive
c3301a07-e3bb-4ebe-bf0f-ece038021e3c,super ads playing app app was so bad because I haven't skip part of song. Second is i have no free to choose particular song of album then show take premium. In my friend phone Spotify app my problems all are freely access to my friend,1,2026-09-08 22:40:31,Negative
1495f88b-601b-4502-bef7-35134bb15d6b,It has become the WORST app now. Listening to music was so much but now they're all just money hungry. Now it's just full of ads and they'll basically force you to buy premium. Now here's a certain limit of how many times we can choose to play a song and it's i guess 6 in the entire day. We cannot even choose the song we wanna listen to? What is the point of this app then? We can't even play some specific parts of the song without having premium. Uninstalling this app. It just gets on my nerves.,1,2026-09-08 22:37:50,Negative
e74403b7-992b-4280-ad03-c406e3c2e34e,"too many ads, the absolute worst if you dont have premium",2,2026-09-08 22:33:53,Negative
27172375-8412-48b4-b62e-b1e65fb22fcb,too much ads and why doesn’t it function when u travel?! why did it change and now I can’t listen to the musics I want to,1,2026-09-08 22:33:52,Negative
9d6cad04-4eae-4a21-996c-2e0177520e47,I find this app absolutely stunning. I listen music over this app and enjoy.,5,2026-09-08 22:33:26,Positive
1ca71112-ad99-4198-8889-c64bbaea3e8e,No option to disable the squiggly progress line. Annoying aesthetic,1,2026-09-08 22:32:36,Negative
4510778f-be06-45c0-bbe4-6b2503c6308c,good but adss😫,3,2026-09-08 22:32:19,Neutral
c9736f6d-c85c-4223-97b7-e3430c68c98d,peak app genuinely one of the best apps especially if you have premium but if you don't have premium it's not that good but it's peak tho,5,2026-09-08 22:30:07,Positive
83c8a618-f493-4694-a399-994a1aa5ae0e,I love Spotify it's a very aesthetic comfy app.. but the think is that it's add and non premium version.. we can't even choose songs infinite time... and not even can download... and have many problems but it's good overall when I'm happy I came here when I'm sad i came here when I have to cry I came here... my favorite bts all song I can here whenever I want 💜😌❤️‍🩹,3,2026-09-08 22:29:32,Neutral
5b520936-771c-4fe3-9be1-e08b0e6c68d8,nice,5,2026-09-08 22:27:24,Positive
537efc3d-446a-4516-aed6-1566d9b6defb,only good buy the premium of it,4,2026-09-08 22:24:58,Positive
d20a1da3-910d-45ac-8f4f-352dd7053279,this aap is so useful,5,2026-09-08 22:24:03,Positive
6329163f-b7a2-47fc-9826-42d95dfaea28,don't ask primi to pay amount,2,2026-09-08 22:23:20,Negative
93fd49ec-e53a-44a6-8e97-7e7fb83421ec,best,5,2026-09-08 22:22:57,Positive
009d2acd-d494-43a8-ab4b-2f7d7b53a316,good,5,2026-09-08 22:22:32,Positive
1b873577-c72d-4366-b82e-2793d20525e9,wish this app didn't pay to bomb kids in other countries. try other music apps like Pandora with better ethics. -5 stars,1,2026-09-08 22:22:09,Negative
6a26e3ae-eebf-4833-a0d4-edbe320ac451,just the best and cheapest,5,2026-09-08 22:20:23,Positive
8aaa83fc-5531-47a1-8695-61dedaf9d70e,it contains more ads than youtube . even youtube is better than this.,1,2026-09-08 22:18:53,Negative
62502a8e-10c9-4272-bc04-6df3f1d9902f,"Too many third class ads, the other YouTube. Shame on those who run it.",2,2026-09-08 22:18:45,Negative
3501ac36-26ef-4534-93fd-40813dc76e4c,"The best music /sound app you can use . It can get u any kind of music u are willing to listen to , whether it's from a memory or just from your imagination,from your mood to your weather ,from oldest to latest songs. It also consists of motivational speeches/ voice note , healing 🩸❤️‍🩹sounds instrumental songs/ music ,news , podcast , poems👌🔥❤️ anything u can think of . #best app# go spotify",5,2026-09-08 22:17:12,Positive
a1e53976-9424-4569-800e-a641f2a340d1,excellent,5,2026-09-08 22:13:27,Positive
765a04ec-fcc4-4618-995b-598751d0f3aa,pretty good,4,2026-09-08 22:10:48,Positive
70b10e6d-f0a2-4ea4-8b62-b987e26b01ba,"Where's the Reload button? (when the internet connection dropped and came back) I opened a podcast from a notification, only to find that I cannot get back to it, because it only says ""Looks like there's no connection"" and ""What you've downloaded to your library"". Where's the title of the podcast? where's the link to it? where's the Reload button?",2,2026-09-08 22:10:11,Negative
ea2e6853-c3c5-47e7-8638-709df4660ea0,love it but the ads keep on showing up after 1 song,3,2026-09-08 22:09:38,Neutral
1d5eb4a9-b4c6-4f44-b936-62e0921fd438,good,5,2026-09-08 22:06:32,Positive
1e11e68a-9365-4f7b-953d-bb2ca348d8d8,Never lets me down💜🙌🙏,5,2026-09-08 22:04:28,Positive
d2d552f4-7481-408e-a0f3-9d066811cd06,"Bring back the time capsule, listening stats is soo bad",1,2026-09-08 21:52:43,Negative
61af1e6a-2df3-4fad-bee5-8b41f82a0968,please bring back the old playlist edit options plsss🙏🙏,4,2026-09-08 21:52:24,Positive
3803a6d6-5b1c-4276-9007-6587400c05c0,one of the best 👍🏽,5,2026-09-08 21:51:53,Positive
65cdefee-add1-467b-a34c-8f3db002db3b,❤️❤️👌👌👌😍😍😍🤩🤤,5,2026-09-08 21:50:46,Positive
b594a045-cef4-4f4d-903d-2e72b7da6ee4,Nice,4,2026-09-08 21:49:51,Positive
7b32dfd0-e604-4954-b200-451f020289ed,"Such a big scam, paying money for only to ""having a full control"" on songs to just to listen to it. Not recommended",1,2026-09-08 21:49:41,Negative
3fb0c720-b0ab-4f01-ac3f-075feb1987e4,it uses less data and battery then youtube music,5,2026-09-08 21:49:34,Positive
e699c485-9a2a-4862-aa83-8b24f4157c5d,best hai,5,2026-09-08 21:48:56,Positive
4e6638ed-32d1-4370-ba05-be813efa956c,too many ads but a wonderful application and features 🥳🥳,5,2026-09-08 21:48:10,Positive
40b56359-8aec-4b3b-90ac-bd50f1a78ae0,"way too many ads, basic listening features are locked behind a paywall, adding songs to MY PLAYLISTS without MY consent should literally be illegal. I don't care if it's buried somewhere in your tos or agreements or whatever, it's ridiculous. Plus, a LOT of songs just aren't available due to ridiculousness such as regionblock. I don't know why anyone in their right mind wouldn't just use YouTube since it's way less intrusive.",1,2026-09-08 21:47:40,Negative
598e036c-fdd5-46d5-bbcc-4ef36db8f437,"2026 and we don't have search for songs in a single playlists, or in all playlists. what are you guys doing all day?",1,2026-09-08 21:43:56,Negative
e1e8b509-55fb-4d40-82aa-a1f0c72d36d9,the best song experience you'll ever have ...picks out a whole cool playlist just for u ....best music and podcast app you'll ever need✅️,5,2026-09-08 21:42:00,Positive
8b9c2197-437f-4788-845b-08d4130aef2d,wonder-Full,5,2026-09-08 21:41:36,Positive
f5fc26b9-ac23-4ef8-b4f9-4c18cd5badc9,I love it it's just I don't love it because of the ads popping up ads 😔,5,2026-09-08 21:41:17,Positive
bf686221-9966-4d69-8022-baea6b27d54a,but cannot use without internet and show take premium too much time that irritates me and advertisement is also too much please Spotify prove these things after that it will the best and my favourite app ever I used this is my favourite app but these are the three things I didn't like about it but this app is also best for listening music and all it is best but please improve these things after that it will good for us thanks for listening me,4,2026-09-08 21:40:06,Positive
0833766e-46f1-4c9a-9005-608d6677882e,very God,5,2026-09-08 21:38:30,Positive
52953671-fdbf-4ffe-b8d3-63e55bac11c9,All my audio needs in one place for a pretty good price seems like the deal of the century. I love it!!,5,2026-09-08 21:36:43,Positive
414dd2c3-67af-4c31-9c55-87f726be34c1,very nice,5,2026-09-08 21:36:34,Positive
3761cb9a-80e9-40da-be0c-a17958059505,"Too many adds, cant enjoy the app without subcribing. hate this app so much but I'm forced to use it because it already have my playlist and I'm too lazy to make a new playlist in anoter app",1,2026-09-08 21:36:13,Negative
8203d8c4-56d4-44bd-9f2a-a15aad8581ae,Took Spotify Family pack only good thing no ads but fked up application mixed up songs with different languages with similar titles if I play Kannada songs it'll play other regional song Mixes up with lyrics irritating so cancelled everything Purchased Jio saavn thank God ✋🏻,1,2026-09-08 21:34:51,Negative
119a541e-02fc-42ec-a8f8-08178e57ce99,perfect for listening to. music,5,2026-09-08 21:30:45,Positive
9b2e04ff-2463-4eb6-b870-6aec0b54ad49,i want to remove the ads please we request you 🙏 🙏,4,2026-09-08 21:30:44,Positive
a00640b4-861d-4af5-b7ef-4bda0824ee3a,"Highly delighted with Spotify. When I first tried it, it was far far better than I'd hoped for. It's one of the best things, and best apps on the Internet. I am amazed how good it is. I also find that Spotify commercials are not annoying like many are today. I love it.",5,2026-09-08 21:29:06,Positive
e9a0468c-bffd-49eb-9d19-f1f0e3995c7e,peak,5,2026-09-08 21:28:01,Positive
0ca3d1c6-f894-4000-bd3d-c99b2a17af11,"Its a good app for music but sometimes it just won't load, even when I update or restart my phone, the app won't load when I click onto the icon or open it in the appstore. It has been doing this for days on end and it says music is playing even when I cannot hear it playing.",3,2026-09-08 21:27:14,Neutral
b209ef0a-3ece-4b42-9881-a2712596d212,Excellent musics,5,2026-09-08 21:26:34,Positive
10e7f4f9-7102-4965-b92c-426154eccd1a,I can't live without my Spotify,5,2026-09-08 21:22:03,Positive
d5265d98-5983-459b-a495-662c9f4bce77,Spotify: I'm a decade long subscriber. Best streaming service available. what else can I say...it just the BEST,5,2026-09-08 21:21:24,Positive
89ca008f-8316-4b46-84ef-c020dbcbc56e,excellent app,5,2026-09-08 21:19:39,Positive
18b2321f-8581-42cd-ba48-b267f9290544,just found my favorite show that doesn't come in with my antenna wings in my window. I'm forever grateful for this!! I can't get WiFi to work because of my worldwide hackers and moved to a place that does not offer cable TV.... and I really cannot afford it anyway. I hope to get other favorite shows too. I love all the music too! I love how I can get my favorite music and put it in my alarm to wake up to,5,2026-09-08 21:17:15,Positive
4f72da53-08a5-4529-9870-6c0b5990823f,do we have to pay just for the app to load faster......,1,2026-09-08 21:17:14,Negative
f5d894d9-61e7-4d75-a322-9f0bc5bacb67,update mulu lu anjir setiap gue mau sposes.,1,2026-09-08 21:17:03,Negative
5b9d1fe6-b851-4334-bfab-350d98eadd5e,yall force ppl to pay jokes on yall i have a free premium version so I don't have to pay yall,1,2026-09-08 21:16:09,Negative
ecfc9262-69d8-4ed9-84b0-623c966016c9,Spotify has been pretty amazing for many years now but they just make it unbearable when one hasn't subscribed for the premium version,5,2026-09-08 21:15:33,Positive
5e3fa8cc-26ca-4180-a516-e979d46f3093,Very nice app to listen,4,2026-09-08 21:14:57,Positive
45658906-9fdf-406b-a25d-9c7b649524e4,you kinda have to get Spotify premium to have a actually good experience so you better cough it up or find a alternative app.,4,2026-09-08 21:14:18,Positive
b4e607ac-cc0d-497d-93da-d73e9d688f72,Lighten Up,5,2026-09-08 21:14:09,Positive
8038ea63-b963-4b58-9494-847921a422ef,best app I've ever found,5,2026-09-08 21:13:03,Positive
a9d377cd-004a-415f-9301-7e9750ddf246,I love it,5,2026-09-08 21:12:28,Positive
289158a6-a538-4f2b-b872-1df0ce9ff4c0,👍,5,2026-09-08 21:12:28,Positive
ceedc72d-c211-4dbe-bac7-c0af066c3725,nice,5,2026-09-08 21:10:41,Positive
d070bce1-e4e1-4e4e-8bee-1ae1e84b2a67,these is very nice app for songs 😍,5,2026-09-08 21:05:55,Positive
3e88d991-57a9-43d8-a84a-080ba5cf757d,NAPAKA WAKALOOMZ NA ESPOTIPY,5,2026-09-08 21:05:13,Positive
ab7ef377-3ef4-44ec-bc6e-317970a9ee15,"Instead of improving, this app is constantly getting worse. There is almost no offline functionality anymore and too many bugs and glitches. Used to be much better and cheaper.",2,2026-09-08 21:04:15,Negative
d9264bd4-fbe4-4423-84f7-cdaced5510da,"Spotify is an excellent music and podcast app with a huge catalogue and strong personalised recommendations. Playlists such as Discover Weekly make finding new music easy. The interface is generally smooth and intuitive, although the free experience includes advertisements and some limitations.",5,2026-09-08 21:03:26,Positive
b715e613-18a9-44a9-a501-22f8f63f7271,there is too much ads...,3,2026-09-08 20:59:50,Neutral
48b1da86-21e7-424c-a691-004fef209792,"i love this app bro,i love hearing music's (>_<)",5,2026-09-08 20:58:47,Positive
db5b2e02-747e-4beb-b0d2-bbe2f7a00f6a,i so happy,5,2026-09-08 20:58:10,Positive
0a272e47-ab0c-409a-b865-08ff5db6ddaa,😭🤌🏻🩷,5,2026-09-08 20:56:55,Positive
bfa783fa-625c-41c9-8cda-43e624af99dc,nice music but improve without network,5,2026-09-08 20:56:17,Positive
805868d7-3b9b-49bb-b4f5-6ac29603a42a,peak,5,2026-09-08 20:55:17,Positive
b301ec2c-a715-4ac3-8ff6-e4f9da59e0d5,Robot fasge,3,2026-09-08 20:54:57,Neutral
2766a1b1-4c5c-47c5-ae30-10cb3207d803,superb! music player,5,2026-09-08 20:53:24,Positive
433bdafb-7ce6-4b02-af15-9e9024c855ee,why is karaoke mode still not available?? it was announced in 2022 and now its 2026 and still not available in my region!,3,2026-09-08 20:52:46,Neutral
1e4f0163-d166-4041-8913-baf4bd2306e9,Wide range of songs.,5,2026-09-08 20:49:07,Positive
487283bb-8b9f-4d01-8cb6-25f91533b17c,"""Not interested"" frustratingly doesn't work for podcasts. In my case, I'm constantly having a specific news podcast covering controversial topics REPEATEDLY pushed to the top of my feed as soon as I open the app. I'm not subscribed to the podcast nor is there anyway to block it. I'll happily change my review once the ""not interested"" feature actually functions for the user, or once Spotify adds a proper ""block"" feature like most other streaming services have in 2026.",2,2026-09-08 20:48:51,Negative
e7eccc9c-1d89-47c7-ad68-ade10b4ec354,love this app,5,2026-09-08 20:46:23,Positive
5e1e343b-42f5-4d51-b53e-e485cf8e766e,"why is Spotify so damn slow now even though I have a flagship device I dubbed it's taking forever to load my podcast Library and overhaul it's jumping back and forth herein offline to online, the service is starting to suck but the price keeps going up, no more freebies just shotty service.",2,2026-09-08 20:44:47,Negative
036d3c2d-bff6-4bd1-af92-849cb2392c38,veryyy good yrr,5,2026-09-08 20:43:23,Positive
68ce0307-c510-4a7d-8acf-3200022a0da3,Very cool really,5,2026-09-08 20:41:47,Positive
f230e02e-af93-407c-b7d0-a1ef36dd7067,Spotify is goated,5,2026-09-08 20:41:37,Positive
3be88d06-1c93-4bd3-80cb-b1793882a3f1,It's tooo good ❤️,5,2026-09-08 20:40:20,Positive
5b56e6dc-4ac9-48b5-8f2a-45fc7fb14ced,buying Spotify premium is worth it. very good app no complaints,5,2026-09-08 20:40:03,Positive
8130bc8e-f904-4d70-9143-e619d95d2991,this is the best music podcast app in Nigeria thank you bringing this app to existence,5,2026-09-08 20:39:34,Positive
04c2a83e-1dbe-4782-a544-2d69a4781bf5,"App and service gets consistently worse over time, instead of fixing it, spotify decides to up their prices, not even paying artists more. Any other app is better.",1,2026-09-08 20:38:19,Negative
ed6d2553-0ebe-4f4c-b45b-af4703e1b84e,"I love Spotify because, all the song's is make me feel like, I'm the artist..",5,2026-09-08 20:38:00,Positive
0dbe0097-145c-4636-ae45-ba7c4a451cfe,i love this app,5,2026-09-08 20:37:46,Positive
46597e38-d341-4b9f-b01f-42861c8f5f9e,The music of the Spotify is really very good,5,2026-09-08 20:37:42,Positive
9f95a68b-97c1-45fa-8a00-a804356ba3a5,Worst app!!!!! they will no provide any control of your music until you don't pay money and purchase premium of spotify,1,2026-09-08 20:37:38,Negative
8b17e3da-d3f9-45d7-8f76-965ea9093a8f,amazing,5,2026-09-08 20:36:52,Positive
3985db88-72ae-454f-952c-127dce3eb6b7,great app,5,2026-09-08 20:35:53,Positive
09213ee1-f5ef-488c-b23d-92644a165f9e,too many ads,1,2026-09-08 20:35:48,Negative
d0259ec0-a88f-4b54-8926-3a5a24be6e2e,Meh. Too much revenue goes into paying criminal lawyers and their delegates to commit crimes.,1,2026-09-08 20:33:45,Negative
55c50e09-c0c7-4086-aa91-0daa5d2e3e94,extremely Great,5,2026-09-08 20:31:50,Positive
7bb806b2-c134-4f21-9973-f5321cc6d8de,it so good,5,2026-09-08 20:31:36,Positive
b9e992b2-a9c5-4039-951e-7db2b3e2a575,do not download this is the most greedy app ever it doesn't even allow to change music without premium,1,2026-09-08 20:27:35,Negative
f9d488d1-1172-4144-858a-2b26b9188df3,பதிவு இரக்கம் செய்யுபோதே பாடல் மொழி தேர்வு செய்யப்படுகின்றது பிறகு எதற்கு பிற மொழியிகளில் விளம்பரங்கள் 😀 விளம்பரங்களின் நேரம் அதிகமாக உள்ளது 0.15 போதும் 1-2-3 விளம்பரங்கள் தொடர்ந்து 😀,1,2026-09-08 20:25:53,Negative
193db29b-4061-4151-9a6e-3c60bf4779de,veryyyyyy godddd,5,2026-09-08 20:25:25,Positive
6a18e3db-71d5-4015-886f-04aa7a6ab3db,I can't use app to long maybe about 15 mins. then phone gets hot or the app completely crashed completely freezing my phone for like 10 minutes. Other than that I love the app I just wish it worked properly 😪.,2,2026-09-08 20:23:41,Negative
6a9dfa86-445b-4b3d-9191-6a9f7539c1c1,only subscription that i need,5,2026-09-08 20:23:27,Positive
80d66bce-9546-412a-bde2-c4cc32a732dd,"very good app. please I want to pay for music subscriptions through the bank account, I don't have a functioning ATM CARD and Opay is not acceptable by Sportify",1,2026-09-08 20:21:13,Negative
491c4bd2-cb2c-48ec-8e99-18ed7c7ccdd5,A very nice app to use,5,2026-09-08 20:19:29,Positive
d56dbf1d-cc1d-42a8-8b26-b4b0617fb441,colll apppp,5,2026-09-08 20:18:07,Positive
2760259e-6a27-4a04-9809-829a795f2886,nice app,5,2026-09-08 20:16:17,Positive
f9b35b97-0d1a-40d2-9e6a-180a5ae0a2b8,"While the ""From [Name]"" banner nicely credits who recommended a track, having it permanently anchored clutters the screen when viewing. It would be highly beneficial to have a way to dismiss it. Users I've met often want to enjoy a song independently without a constant visual reminder of who sent it. Adding a simple toggle or a swipe-to-dismiss option would greatly clean up the playback experience. Thank you.",4,2026-09-08 20:15:19,Positive
419841e0-caf3-47ad-82f0-836b00f2ee53,ads and then after some time it requires premium to use,1,2026-09-08 20:13:31,Negative
3e3f28c7-452a-4a24-b5b3-637fe52fc3f5,I recommend it 👌,5,2026-09-08 20:12:54,Positive
c252015a-f7a7-40d9-94a0-3e7c0b440c30,love it,5,2026-09-08 20:10:46,Positive
712a0f2f-f7f0-4433-813c-8259c3a3cf17,Nice,4,2026-09-08 20:09:46,Positive
9aa9534f-6d58-4100-b100-7242bae40699,great app nd i like playing my music here on this app all the time 😉🫰👍✌️,5,2026-09-08 20:04:37,Positive
444becf7-fa5e-43cd-8994-d7ec368cb112,very nice experience 🥰,5,2026-09-08 20:04:13,Positive
f3f0e753-9296-4f1b-add2-979f07a7abde,genuinely good experience with and also w/o Spotify premiums,5,2026-09-08 20:03:32,Positive
aa67cb8e-58e1-441a-a5ae-8c37b336060b,So satisfying,5,2026-09-08 20:00:32,Positive
340b623c-6f10-43ba-9288-27b1d285d8ca,this is so good and so nice musics I LOVE IT ❤️🎀💐,5,2026-09-08 19:59:41,Positive
43860935-8450-4ac7-8b76-67a79994b0ad,app shuts automatically after 5 mins,1,2026-09-08 19:58:54,Negative
f7f4c69a-b9d1-4da0-b881-7ce3acd0fc94,"worst experience, too many ads",1,2026-09-08 19:49:18,Negative
0f4d4ab2-b82a-4a01-bec9-bb4b8a012179,I just love it all!,5,2026-09-08 19:49:04,Positive
a49d6fb8-b475-421e-9166-de541c62c08a,Sensational app,5,2026-09-08 19:48:48,Positive
1874ce8a-277b-4198-9989-ca302a6e1e38,dope,5,2026-09-08 19:47:31,Positive
8d1053f6-ce05-457a-9ab2-f6b338675f17,"It's one of the better playlist apps that I have. I don't pay for premium, but even so the ads are very quick and not as bad as television or the actual radio.",5,2026-09-08 19:47:18,Positive
096c1458-e7ca-4941-bb47-81014b6e31c8,dependable,5,2026-09-08 19:45:56,Positive
01d5e0ed-7f1c-4499-9170-ce644ccba201,I can't play my favorite songs after some songs. they ask for premium subscription due to this it's very restrictive to use the Spotify free version. and ads is the most annoying problem.too many ads Solve these problems ASAP,2,2026-09-08 19:42:56,Negative
4b776c5e-de21-4323-80fa-7e9f127ac404,nice app just hate the premium,3,2026-09-08 19:40:10,Neutral
10a0ac3c-ffc3-4ba2-adda-c0f718f96160,very good for music,5,2026-09-08 19:38:58,Positive
769cf54e-7df6-4b23-8b88-591b7c0a0785,awsome 🎵🎧🎧,5,2026-09-08 19:36:03,Positive
29300380-53b0-4616-ab42-409f9663b5a1,"They need work on their UI design it's been a decade since they have updated it feels clustered not so good looking, even buying premium makes u feel like you are using some mid level app Usability on multiple devices is good",3,2026-09-08 19:35:10,Neutral
a53103ed-5aa5-464c-bf2f-851e58b4fa09,super,5,2026-09-08 19:34:22,Positive
60e601da-7605-4ab6-82ca-5ca0b225d41c,"I had just tried to commit suicide a couple minutes ago and Spotify ads is talm bout sum buy Spotify premium, come on man...",2,2026-09-08 19:33:15,Negative
adbaa904-03c4-4e7b-a3f1-d21fff2e42d1,too much ads,1,2026-09-08 19:33:04,Negative
2cd12b3a-6fed-486a-b90d-165fd82ae185,"to many ads , can't play a specific part of a song without premium 🤡",1,2026-09-08 19:32:04,Negative
48028f37-f647-46a0-a7ee-71bb88456efe,cool,5,2026-09-08 19:30:18,Positive
1e1a2658-3031-40c9-8dda-52895106c3cb,"EDIT, Sep. 2026: Spotify has improved significantly overtime, for a paying user like myself. I hope the new feature of ""Change song speed"" gets reworked and finalized soon because that would be a really nice feature! Thank you!",5,2026-09-08 19:29:14,Positive
0733fe04-ae70-4b32-a5ac-a99a108ffacb,best music experience,5,2026-09-08 19:27:22,Positive
aefe3ae4-7bfa-43e0-b92d-6f131131256a,👿,1,2026-09-08 19:24:36,Negative
2179090c-a06a-4555-8536-b5d87a617bd4,"Smart Shuffle should have humans who have selected similar songs because that's not what it currently does. all I get is the same artist or the same album, when that doesn't always reflect similarity on the type of song. Humans for yearly updates please. 2025's one felt repetitive and the exact same as everyone else's.",4,2026-09-08 19:23:33,Positive
d111c5bd-1fbe-4890-885f-14ff30566bcb,excellent,5,2026-09-08 19:22:42,Positive
597a94f5-8591-4466-9ce2-a8befb594030,soo goooood,5,2026-09-08 19:19:16,Positive
bba9fca4-aed5-4992-8c27-1194888f65ae,it's an excellent app and the main music app. let's you have for free for 3 months very kind app,5,2026-09-08 19:17:45,Positive
8e60d928-9042-49c2-8563-fc809891163a,worst app because limitations on Play song on demands,1,2026-09-08 19:15:18,Negative
03dd231a-73fb-430d-a816-181bdeed37ce,good,5,2026-09-08 19:12:10,Positive
a686f59a-dc15-437a-bdab-9444f80d2381,awesome music!,5,2026-09-08 19:10:48,Positive
b35b588c-59f2-4329-a323-fd9d11afbd30,I love this app,5,2026-09-08 19:10:10,Positive
cc2b25c3-d97b-4d9e-b3ea-ada032fba9b4,good,5,2026-09-08 19:09:50,Positive
4399619e-5850-4245-a754-c998656cf537,best audio app ever before this I use Spotify lite that's really good,5,2026-09-08 19:09:05,Positive
dc88114f-f27e-4be8-9ddf-f3354a483169,this app reason of my calmnes,5,2026-09-08 19:08:12,Positive
6e5e1ca9-28d6-4309-821c-ac2e0904cb01,best,5,2026-09-08 19:07:08,Positive
12d35c93-60c6-463e-b443-4b43fd5b6796,The best music app in the planet!,5,2026-09-08 19:06:57,Positive
130f7f73-c0c8-4a0c-99fc-86ec89e98055,Too much ads!,1,2026-09-08 19:06:17,Negative
d5a4a7d0-e47a-48b7-a0cd-e060e6f81624,very super app.but recently the small thing was everything were going premium membership.but not everyone can afford this.and please bring a facility to download songs 😁🤍🫶🏻🫠,3,2026-09-08 19:05:39,Neutral
600b5121-a529-4de8-9b18-22bfba103fc6,very nice to use it,5,2026-09-08 19:05:26,Positive
cca7ea71-76ba-418e-acc7-bb574af5a1cc,"Very good app, helped me listen to music while studying, just a lot of ads, but other than that excellent 👍👍",5,2026-09-08 19:05:19,Positive
e2b0b708-2462-4e52-b04f-ffcbf114a94c,best,5,2026-09-08 19:04:45,Positive
0353be19-3d05-49f3-9305-09b16286d274,been listening to this platform for years but getting a lil to expensive for my budget! To bad... I like the setup and the features like Release Radar.... and mixes according to my listening preferences. Thanks for the awesome tunes Spotify! and for letting me make some of the longest playlists I have ever made in my life! 😆,4,2026-09-08 19:04:39,Positive
5bf14ff4-725f-46b5-b5a1-83975603786b,Perfect 👌,5,2026-09-08 19:00:45,Positive
70ea0dcf-6add-4dbb-9e5b-f35e6db9f7ea,best app,5,2026-09-08 18:59:23,Positive
5ce33a7b-8fdd-4d18-8b54-11fbf3eb5f64,best my 80 s play list,5,2026-09-08 18:58:57,Positive
91e51646-3eb0-459f-be3a-53b8656c3565,this app always push you to buy premium .you can't be select song from your playlist for some time .very bad experience.,1,2026-09-08 18:58:36,Negative
94418e92-f9d6-4b2a-8f9c-612e3be9cc3a,amazing,5,2026-09-08 18:58:15,Positive
df055579-d545-4e84-a348-1aa80a165936,trying to see a complete tracklist for an artist is a nightmare. having to click through sometimes 30 albums and LPs and singles and appears on absolutely blows. apple music does it better and I'm at my wits end witb this. the dj feature is fun. but navigating remixes and releases is just clumsy idk. i pay premium and dnt get ads and listen all the time so the app isnt all bad.,3,2026-09-08 18:58:07,Neutral
6e77758e-8002-4435-8db1-176eaa435a1a,it's good 👍😊,5,2026-09-08 18:56:37,Positive
8988b708-4450-4677-93eb-7f944bd6bd4b,👍👍,5,2026-09-08 18:55:48,Positive
3045eaf3-6e55-4f3d-85dd-3fd8ba44552d,everything is great but i can't download songs they cost money but i really recommend it,4,2026-09-08 18:55:15,Positive
c7303de9-954a-476f-9a83-73153904600a,getting ads with premium,1,2026-09-08 18:55:15,Negative
1624880f-9cc1-40b5-ba57-dbe4b581d761,more adssss,3,2026-09-08 18:49:43,Neutral
e41003eb-0619-4aa6-a371-48f2b3066038,upgard probs as a broken person,4,2026-09-08 18:49:42,Positive
efc80419-48d4-4b8b-9e15-90d5f41a5006,this is best app,5,2026-09-08 18:49:38,Positive
177bbf8b-f056-4ab2-8744-714c78e6ae10,best in business,5,2026-09-08 18:49:19,Positive
0696feb8-4cea-443a-8409-bf9749b1a110,"I LOVE Spotify I give them a great big 5 Stars 💯 I highly recommend Spotify , I've been with them now for about 15 years they are always improving so I say what are you waiting for get Spotify Now !!",5,2026-09-08 18:49:00,Positive
d6cd199a-fce9-4e01-a325-241d5b256073,I can't listen to downloaded songs anymore,1,2026-09-08 18:48:02,Negative
9ac15489-c1a0-42fe-8442-806df9581245,you need to fix the widgets please,5,2026-09-08 18:47:02,Positive
77fccfa8-976c-40b5-b8b8-6d1f790b7156,Absolutely the worst,1,2026-09-08 18:46:02,Negative
b8811d1c-716b-4c95-bea8-d81021923dcc,Exceptional! My family and I have been members of Spotify for over 10 years! We love music. The audio book access is unlimited with our premium package! I love Spotify 💗,5,2026-09-08 18:45:18,Positive
e51726f7-45c0-4b7a-ac42-8882b530bb36,how do we literally have full on movie series and sloppy game ads now like the money greed cannot be that high,1,2026-09-08 18:43:28,Negative
42a0a640-c102-4e98-9b51-adf927fae5f5,stays on when I leave the app,5,2026-09-08 18:41:40,Positive
b114216a-898a-4d33-bf5d-39a4b4ae28ab,Nice,5,2026-09-08 18:40:31,Positive
763d8b11-5c42-4764-a236-19bcfdb01df1,i have amazing experience listening to music,5,2026-09-08 18:38:48,Positive
6ff17d3e-4c84-458b-8fce-48e0979bada0,"asking for premium for any song,Made distrubance.",1,2026-09-08 18:37:35,Negative
41fc7da0-8f87-4896-9e13-4107b4bda841,好用，但很多广告！有时候要找的歌也没有！,3,2026-09-08 18:35:20,Neutral
5aa7a6e3-20e6-4713-9da7-d0ea49827187,too restrictions,1,2026-09-08 18:33:48,Negative
4f216c2c-ad64-4d20-90d0-61b115415d59,pretty good,5,2026-09-08 18:32:20,Positive
1fb6f5c5-faf8-4e26-b992-79725b984eaa,good and easy to use if you subscribe to premium 😉,5,2026-09-08 18:32:05,Positive
7b623d89-80fa-4f98-bcfa-101f1a1b6d7e,Premium alın çok iyi,5,2026-09-08 18:32:01,Positive
ef38018a-3fe2-412e-b282-1ef426ea8615,love everything but I hate when your listening to music and the advertisement comes plus I hate that yall don't have some of the songs,4,2026-09-08 18:30:01,Positive
bd89bb4b-450b-4e72-846c-d4578898c772,sensational app providing quality music❤️😊,5,2026-09-08 18:29:54,Positive
aade6ddf-d83f-4854-900f-300fed1e752e,excellent💗,5,2026-09-08 18:26:39,Positive
b544782f-f219-43a0-8666-6b4e69c36a23,the seriously nice app but I read this app to only three star I cut off to stars because yah Jo gane sunane ke liye paise charge karte hain monthly package to freely trial nahin balki isko pura free kar do somesh ko aur bhi do star 5 star chhodo main 10 star isko rate karungi agar yah free ho jata hai vah application kya Jo hamen free mein gane sunane ke liye Na Dena paise lekar har Koi gana Suna dega but Jo free mein sunayen gaana vahi to ek hota hai application usi ke liye to hota Hai,3,2026-09-08 18:21:32,Neutral
9901ddeb-3927-473a-84d9-2b8b553f1bb7,New ads even for premium. I cancellled premium until the excessive ads are improved.,1,2026-09-08 18:19:41,Negative
e0d2ba2c-58ad-44a4-b3be-0bcc2a59041a,stars that I have given that is like Spotify treating us without subscription,1,2026-09-08 18:18:18,Negative
546dcc99-b461-4e66-93bc-d7363bd5259a,why Spotify didn't run while offline,4,2026-09-08 18:17:53,Positive
1cad4061-7b95-497d-86b3-4b1b3f015b4b,great!,5,2026-09-08 18:16:46,Positive
a69da142-cb2e-49f5-abf5-f177ef9ce0c9,activación por voz para DJ Livi por favor 😭😭,5,2026-09-08 18:14:36,Positive
026a6367-ba8a-49df-9170-713b8dad2d7b,Nothing download but listening,3,2026-09-08 18:13:19,Neutral
95b66a9e-d343-4b59-b267-bb35cb3db752,"Hello, Why is there no sound when hearing ear phone and Bluetooth or the speaker, from mobile to TV working good sound, but in the cell phone no sound, pls consider 🙏( after latest download)",3,2026-09-08 18:11:28,Neutral
9b63a674-e47f-4a5a-9c8c-7f61d554f25a,"guys don't download this app, I was peacefully listening to the ads in this app but I was very rudely interrupted by songs, also jokes aside I liked the older version better where we were actually allowed to choose which songs we wanted to play and how many times we wanted to skip a song, are the bills really this high Spotify?",1,2026-09-08 18:10:11,Negative
a67ac82e-ed6a-473f-960e-92f11df29cb5,too many ads to go premium. every time I have to dismiss a popup I consider deleting the app.,4,2026-09-08 18:08:37,Positive
cdcffb7c-923f-441a-bd29-109a63948cd3,very good 👍,5,2026-09-08 18:07:16,Positive
a94659d4-1e22-4ed1-ae64-1ce408a274ba,too much ads keepp playing,2,2026-09-08 18:06:55,Negative
dc10bcc8-503f-406f-9336-4f627801a6e7,"It's an Excellent FREE music App !! BUT...It has WAY TOO MANY NONSTOP Annoying Advertisements commercials as always !! 👉 👎 😡 On today's ""21"" Century Modern ""Spotify"" World !! 👉 Therefore you deserve and I'll give you a 👉 🌟 🌟 🌟's As of 》09~08~26;",3,2026-09-08 18:06:25,Neutral
7c983b04-2bdb-49d2-aa86-1a563510aca2,"even if you pay, you get tons of ads on podcasts, if the app loads. loads up ""offline"" for up to 2 minutes even with strong wifi. used to be a good app, now I use it less and less",2,2026-09-08 18:03:52,Negative
d687e10e-1550-4849-b6ae-3c386761c3f9,there is too much of adds and that soo anoying but byelw it's the best app I used,5,2026-09-08 18:02:28,Positive
57ec7ca4-40a5-4bd2-9b3e-3517e7cf5dcd,it is free for all and no ads,5,2026-09-08 18:01:44,Positive
5ec7195a-42bb-49c9-b392-869329efba70,best app ever made,5,2026-09-08 18:00:58,Positive
73f0fc29-1292-4ae0-94c0-6379533cf3e5,this app is really really good more than what i expected.....with all music in the whole world with good sound and it is reliable to every one .so it deserves a5🌟🌟🌟🌟🌟.i advise you people to download this app u will never regrets.,5,2026-09-08 17:57:26,Positive
e704aa07-a047-4d67-a2a1-2fcc9275ef4f,forced to purchase premium,1,2026-09-08 17:54:53,Negative
9c8cdab6-720a-4b26-8441-310d2c6152b1,this app is very bad,1,2026-09-08 17:52:48,Negative
37940682-1e01-4937-ab39-54005c4ff18a,really nice and good,5,2026-09-08 17:49:59,Positive
392ac499-a688-4f72-aec3-ef5531e42f4c,mode songs,5,2026-09-08 17:49:28,Positive
3d1bda07-4585-42e7-88b7-eca8f26f4e58,I love the Spotify,5,2026-09-08 17:47:38,Positive
311de343-e77f-4294-81af-1f3be8c96f68,👎,1,2026-09-08 17:43:53,Negative
298a0991-a330-4e90-af85-c0f4eeab2190,its great for music,5,2026-09-08 17:43:13,Positive
7b7fbd49-34fe-4ad8-9e49-e982ba623d30,its the best yet apps i have used,5,2026-09-08 17:43:12,Positive
6b515512-73dc-445d-8911-19c7f391810c,if you have premium it's peak,5,2026-09-08 17:40:18,Positive
3924c67d-58bb-4c0e-ba3b-546e1055da35,Taking my Money without my permission!!,1,2026-09-08 17:38:57,Negative
78fa04b0-e587-4f81-9f9e-f5c7c0674c02,good 👍👍👍,5,2026-09-08 17:38:48,Positive
85c1d94e-faa0-4c62-89bd-4ac313286574,"Basically a subscription based streaming Napster, Limewire, Frostwire, or PirateBay if you grew up in the 90s.",5,2026-09-08 17:37:44,Positive
8da5fee4-1475-4299-a2b5-acf80ac95ccf,I don't even know why I subscribe to this trash app other than inertia,1,2026-09-08 17:35:13,Negative
e1e4d679-e796-497a-9feb-170c426e3cd0,this ridiculous otherly ridiculous,1,2026-09-08 17:33:58,Negative
613ceefd-8181-4a4c-bcf9-be5bb4318842,I've had an tremendous experience!,5,2026-09-08 17:33:34,Positive
95ae58bb-e09b-4be6-a17e-1fb4bc08978a,"this music thingy is trash compared to a random music app that is completely free and let's you do whatever you want with the music, this app forces you to pay for premium because otherwise they intentionally make the experience of free Spotify TRASH, they aren't even trying to hide it and even if we dont pay they have 600 ads every time I want to change my song because what its recommending me is trash OH YEAH ALSO its recommendations are absolutely TRASH",1,2026-09-08 17:32:55,Negative
81903d80-e1c5-4d8e-89d4-894ac4eb58aa,"the app provides good services but everything is on paid membership now, even playing your fav songs!! The skips are limited and don't even get me started on the ads.",1,2026-09-08 17:31:43,Negative
6a02dede-50b6-4892-9c85-be974a5d9daa,too many ads bro I can't believe they don't make a free no ad app now a days,3,2026-09-08 17:30:47,Neutral
62c20629-7ab7-47d7-af1b-d8224b70a0f1,"First of all, it's a great app but there are some issues where it takes forever to load in, lags and has unstable network connection. Is it just my device or is this a common problem for other Android users aswell?",4,2026-09-08 17:28:47,Positive
ec8a4c30-3e3c-41ed-92b2-12e33387e4d7,great,5,2026-09-08 17:28:35,Positive
2317c374-4b55-404c-b39b-6673dba1b451,"worst app, too many ads",1,2026-09-08 17:26:52,Negative
c766d3eb-b797-44d1-9380-2bb7dc176b50,is jst good,5,2026-09-08 17:25:48,Positive
c625d113-ed18-477b-945f-56f524aadecb,I LOVE SPOTIFY NOBODY CAN CHANGE MY MIND AHSHJSJDJDJE,5,2026-09-08 17:24:45,Positive
2ba8b01f-f030-4001-8f5d-a54d1793df64,it's a nice Sal for songs,5,2026-09-08 17:23:32,Positive
7d725026-62d0-406f-8529-d6fa81983bda,this very useful aap for working 😀,5,2026-09-08 17:22:42,Positive
15bb54d4-a5a3-45f2-ade2-893bbb14652e,good,4,2026-09-08 17:22:03,Positive
30b706e0-70ff-4ec6-b8d0-008cfcc40f28,she is good but you need to praim,3,2026-09-08 17:22:02,Neutral
a9a9e94f-2dac-4553-9465-ff01adfb3e01,"your music is absolutely incredibly beautiful,, for me, the sound feels like my stress reliever,,,Thank you for the music 🎶🎶💙🤍",5,2026-09-08 17:21:08,Positive
0694a809-e6cd-494a-ae34-1b379d6cc024,I wish you guys introduce Spatial Audio feature I just love that audio experience 🦻🎶,5,2026-09-08 17:20:32,Positive
99ef5e65-b7d6-4439-b2ee-b9f80b0a84e1,so many advertisement at least 5 song play then 2 ads. normal,3,2026-09-08 17:15:58,Neutral
fe38b53d-c7e0-4b65-b030-88defc4bbf00,good app,5,2026-09-08 17:14:00,Positive
45c949ed-8298-4797-92f1-ad429fcca6b4,The ads were too much.,4,2026-09-08 17:10:15,Positive
e40b2fc9-55fd-4e44-a754-344ea161fe8a,Good,5,2026-09-08 17:09:56,Positive
b6109ada-fb9f-468d-88a5-2b8a8b0fb71f,best app ever,5,2026-09-08 17:08:43,Positive
7265cbe8-395c-497b-be89-f06231554b84,nice app for music,5,2026-09-08 17:08:34,Positive
4a38da1b-0cbe-4a57-ae1c-2288bec822c8,not nood songs 🤮,1,2026-09-08 17:08:30,Negative
cae8187a-ba26-4511-8a91-30625cdf17fb,it good but need translation for lyrics for songs,3,2026-09-08 17:04:21,Neutral
1e0b786f-68b3-4bfc-961c-fdeaaa88b749,Always Good 👍,5,2026-09-08 17:03:27,Positive
22b19221-87a2-490c-9322-54824ae0c683,I really enjoyed this app.,5,2026-09-08 17:02:59,Positive
cf691146-ddce-46aa-8889-f74423ec237c,The problem is the add Try to reduce the amount of times it pops on Thank you,3,2026-09-08 17:02:58,Neutral
b3ac0a43-1355-49b7-8b82-b8622da6c24a,App is really slow and laggy recently because they keep cramming the app with unnecessary features and AI bloat. They should atleast give an option for a Lite version for people who just simply want to play music.,2,2026-09-08 16:56:54,Negative
16fddc44-d489-4850-82eb-2e8b18e07406,Best 👌,5,2026-09-08 16:55:37,Positive
7156b902-9ef0-42b3-94a5-ed98c0bda9cb,"great app! to listen, for me it's so good",5,2026-09-08 16:54:33,Positive
5a97b974-042c-4668-89a2-4fad30f216f1,ads are too much I aint gonna lie,4,2026-09-08 16:54:22,Positive
f59a03bb-7583-4780-abb0-4897ad186785,listen to what you want. I love it,5,2026-09-08 16:53:00,Positive
272c37b9-fd40-436d-ad8f-49539b3e88b2,five stars,5,2026-09-08 16:50:38,Positive
3cf0869c-e750-4805-b447-8ab310370f7c,"really good can listen to ""I'll be there"" By Michael Jackson the quality is so good",5,2026-09-08 16:49:23,Positive
a021f115-ae06-42c9-8560-a665510a79ab,"I love it Premium l have tried a few other apps. This is by far the best, play all around my house . Still the best around edited 8/9/26",5,2026-09-08 16:48:40,Positive
c1f72f60-aaef-4533-a78c-5b0f767b9224,"LWK PAY TO LISTEN BUT ANYWAYS I STILL LOVE U MY SPOTUU edit - ngl u pmo now, additional -star for that",3,2026-09-08 16:46:30,Neutral
b0ce9145-f576-44ae-929f-8dee742b06a9,awesomeness Quality Sound always play the tunes through my Huge PA in my house Studios,5,2026-09-08 16:44:53,Positive
67c99ecc-fbbc-4c10-94be-3f62a0be4f6c,this app is very nice app in world why maybe you think a you lesern a song with very low mb song app this app can do,5,2026-09-08 16:43:21,Positive
0d71abd8-4572-4562-9f88-e1a11aaa500c,"pay for premium, still get ads due to bug",3,2026-09-08 16:43:05,Neutral
07222449-c30e-43b3-bc87-2c701ebf33ea,best music listening app,5,2026-09-08 16:40:37,Positive
f01b3f40-3f09-4b6d-90a4-4db43658c218,great,5,2026-09-08 16:39:32,Positive
e8c4b571-4ff3-4691-a692-486602bfbb06,❤️‍🔥,5,2026-09-08 16:28:31,Positive
470670f8-e2b8-489e-a0eb-36c122073788,лучше приложение что бы слушать музыку,5,2026-09-08 16:27:48,Positive
8e9dc79a-8537-4d3f-b357-cf6af7fb6177,Much better o er the last few years..the algorithm is dead on most of the time now!!,4,2026-09-08 16:25:20,Positive
0b2c7cec-9e47-487d-a878-a2900a795da5,best app I have use,5,2026-09-08 16:17:59,Positive
af70d47c-44a5-4bce-a165-c23040f9b914,I really like this app I can hear all kinds of sing:),5,2026-09-08 16:15:37,Positive
7ade2894-f17c-40a0-808e-d5812d4396d4,works amazing,5,2026-09-08 16:15:26,Positive
3cccdf93-9c88-4b56-a43b-6b12c8128733,amazing! 😭😭,5,2026-09-08 16:15:21,Positive
a2377de6-f8fc-4b11-90b0-4a457b53cd9b,I use it every day ads can be annoying but hey whatever gets food on the table,4,2026-09-08 16:14:16,Positive
1e208d4d-988d-4189-a2aa-e82b7ab79969,vg and very helpful compared to jio,5,2026-09-08 16:12:25,Positive
1bb2d5aa-35fe-4089-9dd6-b4bd0fb9fc78,Worst app for listening music u can't even play a specific part of the music greedy company fk u all i hope u all go bankrupt in the near future,1,2026-09-08 16:11:58,Negative
0e372486-c78e-4d35-b382-008645c39b2d,Nice,5,2026-09-08 16:11:57,Positive
692cd167-b695-4c5e-9b1e-54f7614ff33d,DaDa GuRu,5,2026-09-08 16:09:48,Positive
92dfc07d-042f-4479-bf38-cdb1f3fdf9c7,good,5,2026-09-08 16:09:04,Positive
96e23780-6c58-4e7d-b6de-feb7f476df83,"I mean it's good for music app but the shuffle just mostly plays the same songs in the orders sometimes. and when I listen to podcasts it gets really slow. please fix these problems. the problems for the podcasts are still horrible, it's not my problem it's yours",2,2026-09-08 16:02:18,Negative
f5dbf358-b48b-4142-8b65-f00a050e3001,overall ok,4,2026-09-08 16:00:50,Positive
68f6552c-6781-4e41-a8a3-62cc392cac50,i like spotify tooo much♥️♥️.,5,2026-09-08 16:00:13,Positive
d5318fb0-f1fb-4924-998e-412ed0d3b9f4,add,2,2026-09-08 15:58:28,Negative
0ee18089-0b6b-4ce9-b882-0bea4e24eb71,it's really slow and takes forever to play a song,3,2026-09-08 15:56:21,Neutral
9eb09754-7261-4505-a854-e51141ec59e7,Still far too many bugs and often doesn't work. Regularly launches in offline mode & won't connect for a minute with full data connection. New widget is broken & has forcibly replaced to old working one. App also now pauses playback & due to some sort of crash every 10 seconds,1,2026-09-08 15:52:56,Negative
7ef5931a-f77f-487f-9417-af263c39d481,Great app. Have been a subscriber now for 7 years (maybe more). Not disappointed.,5,2026-09-08 15:50:06,Positive
d3e3993d-a474-4e33-8f94-40485ae42dbc,best app,5,2026-09-08 15:45:36,Positive
3ee1488e-845d-4539-9568-98319f4f841d,Spotify: Music and podc... Nancy cardin Rate this app,5,2026-09-08 15:43:23,Positive
9832c0dd-7436-45f1-a639-bd79b70824c2,best app ever 🫰,5,2026-09-08 15:43:00,Positive
957f2a15-9709-403c-ae40-610f1b317a29,very impressive and very bahut achcha hai yah aur ismein matlab gane sev kar sakte hain bahut achcha Laga,5,2026-09-08 15:41:56,Positive
d11129ab-b911-42ec-a649-8c89c2b93997,good,5,2026-09-08 15:41:54,Positive
003f4851-87f6-48bc-8e21-734cb87a0535,"too much aid, pahle Aisa nahi tha",1,2026-09-08 15:41:48,Negative
91d5a165-e31f-45b4-98ab-cdd9ea6f06d3,Out of this world. Very good App,5,2026-09-08 15:36:35,Positive
29c31f52-19dc-4170-b713-d9ca2de1ff12,it is very annoying app 😒 because of it ads and the prime membership 🙄 😒 😑,1,2026-09-08 15:35:41,Negative
479c3403-29f2-423e-8de7-8c8aa739bb32,is so many songs have it I like it,5,2026-09-08 15:34:21,Positive
48af4c15-eda2-4f73-8bc4-a9e85053ee36,Qué bueno es ta,5,2026-09-08 15:29:51,Positive
d906d71d-9354-4e94-8546-2651ffa2b581,"Good music that I'm experiencing, so exceptional from different genres.",5,2026-09-08 15:26:35,Positive
2ebfc2e0-480e-4c19-a95d-6f065a411577,the best,5,2026-09-08 15:25:11,Positive
3dc23374-1ed5-47e9-9629-d97065c03604,yr ye w yh reet tk reet sad th ki yr me🙏 तकट्रीर er frfr reet6y,3,2026-09-08 15:25:00,Neutral
b5b3f25b-b031-444d-8af1-d9a4890c56b8,purrfect!,5,2026-09-08 15:21:05,Positive
8cbf5b5f-f2e9-482b-a7ea-4c66a85e17c3,"horrible optimization, loading is so bad, the app stutters on my s26, I thought it was my phone but apple music works effortlessly, and so does youtube music, I hope this gets fixed (version 9.1.80.2221)",1,2026-09-08 15:18:25,Negative
d5126a50-1a6e-4d50-b09f-b29f140bf6fc,not good too ads I am not like this,1,2026-09-08 15:18:00,Negative
6f88a477-53d9-4eaa-9dbb-2e1f0d88935e,best app best music,5,2026-09-08 15:11:00,Positive
297be251-c95b-4307-b138-9005b0d95bd6,Decent selection of music. But why all the junk adds now. What's the point in paying for a subscription when all I get are these BS podcast junk !! Just give me what I paid for.,2,2026-09-08 15:06:41,Negative
a5e8907c-b1e1-45b5-9449-1f664a67087f,it is so good in premium quality i like it💓💓,5,2026-09-08 15:06:17,Positive
e05466d9-f0f2-4ca3-8e82-258484a36a94,great but the ads and like half of the features need premium,4,2026-09-08 15:03:10,Positive
3f6f8077-21af-4273-a060-4c5a93f4ecbb,nice BUT I'm sad that I can't watch my episodes offline since they turn into audio even though I've downloaded them 😔 😭.,5,2026-09-08 14:58:24,Positive
5e4aa7b3-63e1-4177-be38-565645ad8bb6,the app was pretty good for a while but then it started only playing the three same songs over and over again and the amount of ads is unbearable as well as the available skips.,3,2026-09-08 14:58:18,Neutral
59fd35ef-da55-41d3-8bb2-608e45cf0ffa,Good,5,2026-09-08 14:57:00,Positive
2a642851-f3b6-4563-ab16-708c0b475e8b,Spotify is my LIFE!❤️‍🩹,5,2026-09-08 14:52:43,Positive
0fb8c096-2144-4ffd-bf3b-0644882bcb84,this shi is better than youtube music and has more music than all music sites i absolutely LOVE IT! thanks spotify im addicted to you now!,5,2026-09-08 14:51:39,Positive
e504faec-51d7-48ab-8bd4-4109a83ef1bb,Fantastic,5,2026-09-08 14:51:29,Positive
bd7576d5-7311-4f7d-8605-8984a632bc42,nice app,5,2026-09-08 14:50:56,Positive
30cba8d6-f76e-4adf-a983-b99252fc0d60,peace💕,5,2026-09-08 14:48:35,Positive
d4ba295f-9d00-4870-a427-40c7651f3c94,excelent service,5,2026-09-08 14:47:21,Positive
ec0cfcc5-b4a3-4af2-ba03-29f1286218fa,great thanks,4,2026-09-08 14:47:15,Positive
c1bdd333-7b5c-485e-afff-691ea9dbaba6,it's the best so long as you subscribe for a full pack experience,5,2026-09-08 14:43:31,Positive
f8976893-b249-4683-bc36-bdc3a1d13038,skop playlist,5,2026-09-08 14:40:39,Positive
890305c8-8fd5-4254-9fad-c21bd41dfeb9,awesome 👌,5,2026-09-08 14:39:12,Positive
b253bb5d-ad79-4378-9bc8-a4dbea269423,ita very good app,5,2026-09-08 14:34:43,Positive
1b056a81-08f2-4aa7-abed-fd2810ffa5a4,"Kindly fix whatever makes the music to stop playing when you return to the app. I initially thought I needed an update but after the update, the issue is still there.",3,2026-09-08 14:33:51,Neutral
262b5739-8980-4064-b4ad-cfa998544474,good morning thanks for the update and music.,5,2026-09-08 14:30:25,Positive
f9b52305-8a49-4c4a-b714-c94aefe4f36f,This app is everything you want in a music app. I recommend,5,2026-09-08 14:29:19,Positive
a644981c-6a1c-4170-bdc4-f227602b9872,flipping awesome,5,2026-09-08 14:28:18,Positive
33cd6339-0c0a-4a60-80ea-9bad1ce5e2ca,PLEASE MAKE IT SO YOU CAN USE SPOTIFY OFFLINE BESIDE THAT IT IS A REALLY GOOD APP,1,2026-09-08 14:28:15,Negative
7684af25-1a2e-45da-9647-fbb572f12f52,Third Class,1,2026-09-08 14:27:47,Negative
29c22884-cac2-4fb6-aaf9-f8c5995c2301,good,4,2026-09-08 14:25:07,Positive
9047800e-8cda-4a0b-9967-fa50d2af4ee7,If someone wants to watch free ads plzz install this app or it will be your biggest regret ever!!,1,2026-09-08 14:24:15,Negative
c8253f4a-5f7b-46de-b942-1b78c240d9dc,I always feel happy and comfortable when using this spotify,5,2026-09-08 14:20:12,Positive
c5412ef3-6450-40b8-8e6d-ab2607c391b5,it just knows the perfect song to play at every moment,5,2026-09-08 14:19:18,Positive
55009b71-ee24-442f-b065-f5f936b05680,I love Spotify 💖,5,2026-09-08 14:18:50,Positive
d4a4ccd8-bbec-4325-bb70-4efc2278928d,"Plenty of choice for music, especially for me who favors Death Metal and other forms of the Metal/Extreme genres! Needs to be cheaper price wise",4,2026-09-08 14:14:46,Positive
d2ca1cfa-f46f-4e6d-a7a9-cbb7b0b73af0,🔥🔥🔥,4,2026-09-08 14:13:18,Positive
6178caaa-e7c9-4bee-b6a6-28194d9ad4bb,great quality,4,2026-09-08 14:11:39,Positive
7040c4eb-26a1-41ea-91d1-b672dae29354,very sweet music app. Spotify is the best 💯💯💯💯,5,2026-09-08 14:09:43,Positive
c740fba4-a5cd-4449-8175-b6159452edfd,yes try it,5,2026-09-08 14:08:49,Positive
3d1f5b46-ce4a-43eb-8c7d-6d3b55f8434e,Spotify is an excellent music streaming app with a huge selection of songs and podcasts. I especially like the personalised playlists and recommendations.,5,2026-09-08 14:08:47,Positive
4e1998bc-aeb4-41ae-a3be-fa96dc5b8415,Easy to use and intuitive. Has a duo plan that lets me share the account with my husband but still keep separate playlists. Love Spotify!,5,2026-09-08 14:08:34,Positive
d9d30234-0441-4365-ac3c-a7ea9354711f,so good,5,2026-09-08 14:08:12,Positive
f0180539-9871-4e72-a774-da9f31328500,"This app are very good! And i am obsessed using this while i was bored, have an anxiety and stressed! And it makes me energized when I play or listened to my favorite song, and i have a lot of taste. I rate it 5 star!",5,2026-09-08 14:07:26,Positive
211e88bc-4e2f-4205-9a97-fa491f0a175e,it was nice,5,2026-09-08 14:06:32,Positive
5f81299b-90b6-452c-924e-c45e3902f895,"stop vibe coding the platform, your app (Android and windows) is crashing jam session and emptying queue. no way to contact support except your garbage ai response page. fix your platform or we look for alternatives. don't think you are the only music streaming service.",1,2026-09-08 14:03:49,Negative
65597e7d-c162-4391-b367-6d6109f0cd17,Gud,5,2026-09-08 14:02:40,Positive
96372f52-1c7d-4e21-abd7-6f1ae6d3d78c,"has all my music,no ads",5,2026-09-08 13:53:10,Positive
d8bbf365-c88a-4fc4-909a-a7ad6be81037,"Playlists, recommendations, offline listening everything just works. Makes my daily commute and chores so much better. Love it!",5,2026-09-08 13:50:59,Positive
9173d62f-9c47-4c17-91af-47c40ec4ea48,this was good cause I can sing with seeing the lyrics,4,2026-09-08 13:48:43,Positive
b010c5a8-af3c-4930-b489-04ae7f68b7fd,can't live without this app fr,5,2026-09-08 13:48:06,Positive
d94c910f-0b36-4946-855c-a04bf447ec0b,too many add,1,2026-09-08 13:45:27,Negative
34e992f6-55f6-4188-8245-c395c48c89df,best app ever,5,2026-09-08 13:42:44,Positive
abe385a8-c665-4d6c-b111-cd367acf1280,Good music app,5,2026-09-08 13:33:00,Positive
97bfb51a-99c0-40df-a8b9-27a8972f78cd,I love the simplicity in the design and the audio quality is really good. thanks so much,5,2026-09-08 13:31:34,Positive
ff3db1ca-6850-4ee4-a682-138418398361,bakwaas app meany time ads pop,1,2026-09-08 13:31:16,Negative
fb2238db-5939-4d35-88ee-5fe882ba4a65,fantastic,5,2026-09-08 13:30:58,Positive
d20f2d01-dfd0-4880-a076-54d1e94f55af,this is the most using app in my private phone I like the app,5,2026-09-08 13:30:45,Positive
f0a2d8a8-d8ce-4e57-a34a-7094b7912910,it have emoji cat song nicer🩵🩵,5,2026-09-08 13:29:43,Positive
0c292506-9456-4537-8a72-8335d46ff9b1,v good,5,2026-09-08 13:29:33,Positive
55a86d29-dfae-4c8b-89a3-47d568de73e5,"You've already make us listened to more ads than our music playlist on free ver. And now you're adding song that I didn't even include in the playlist? Before this, if you put a lot of music in your playlist, spotify wouldn't add unnecessary songs into the playlist/shuffle. Now, I just realised no matter how many songs, you add music that I didn't asked for🫩 What a greedy behaviour aren't you? Doing anything to make us go on prem. I can still tolerate with the shuffle part but not this shi",2,2026-09-08 13:29:03,Negative
aca1a3e1-618b-445e-8ddc-d525f8cacc12,This app is very easy to use the only problem is the ads thats all by the way im rating it 5 stars because its a good app,5,2026-09-08 13:28:31,Positive
cb92f792-2c4f-458b-b6e1-65d83f027708,"5 minutes of ads for 1-2 short songs, constantly begging you for money, overpriced subscription prices, and owned by evil people who support ripping families apart and ONLY care about profits and could care less about artists",1,2026-09-08 13:26:55,Negative
f47b4ed4-9aca-4eb4-8c0d-0a348eb656dd,acha ha ♥️♥️🎉,5,2026-09-08 13:24:23,Positive
37b5046f-af45-4560-97a8-ac791e4a8fdc,superb,5,2026-09-08 13:23:10,Positive
afbf4f17-123c-4d64-9681-d8749cc28735,Is a very nice appp,5,2026-09-08 13:21:38,Positive
6a3a0d97-4c4a-406c-9391-8bdbd971048e,"Great, loving the sound",5,2026-09-08 13:20:38,Positive
0a264720-461e-4363-9e60-5a7adfff73dd,ads,5,2026-09-08 13:19:28,Positive
ea2ac972-61c7-4c56-b966-3a694350faff,Great music app.,5,2026-09-08 13:18:34,Positive
2a3c7dcf-56f1-4957-affe-df9ae05be786,I started having ads even if I have Premium,1,2026-09-08 13:16:46,Negative
67cc63e5-4207-405d-992f-748a00c2d278,I am uninstalling now for exploring premium 😡 i couldn't change my songs,1,2026-09-08 13:10:07,Negative
61a2374a-50b0-4ccd-a27b-949dc07c2425,listeners enjoy the performance and over all good listening experience,5,2026-09-08 13:07:55,Positive
b9ecdd75-57fc-460b-8622-85979f81e67f,there us more choice in music and the storage is a lot bigger. what would be great if they could hear a song and find it like shazam.,4,2026-09-08 13:05:07,Positive
0c29d4f7-e048-4ceb-8a18-9be322944966,tooo many ads,2,2026-09-08 13:04:29,Negative
39065eba-fab9-454b-b72b-842299959448,👍,5,2026-09-08 13:01:43,Positive
d4aa9c49-c3f5-4088-a4c9-3b122aa1cc68,it's a really nice app it's never disappoints me,5,2026-09-08 12:56:32,Positive
2cb958f7-ea63-4a46-8f61-1e313c6d303d,ok,5,2026-09-08 12:54:16,Positive
85d13c67-0a68-447c-80bc-2b6c5b7f15e9,Good app,5,2026-09-08 12:50:24,Positive
7c43014f-a511-44d1-813f-889e46b7b106,"songs is shuffled and doesn't match my 1st song genres,, its not enjoyable,poor quality 🫥",1,2026-09-08 12:49:43,Negative
8c40f825-3d19-4002-bd19-61caae1a94a0,Daily dose,5,2026-09-08 12:49:07,Positive
f1854dfc-54f3-4c9a-9893-63f0f666444a,Fun times and great memories are created using this app! well done!,5,2026-09-08 12:48:13,Positive
4608bb0c-cfe4-4883-8c74-a768035cc869,Very good,5,2026-09-08 12:46:26,Positive
b51d295b-f659-4a92-ae24-964740da92fa,There's an option to buy a premium subscription. but no option to stop it. I thought of pausing for a few months as I am not using it frequently. but I had to open the payment app and cancel the mandate to stop it. the way they made it very easy to start but no option to stop made me stop premium subscription forever,1,2026-09-08 12:45:40,Negative
7be4b84e-0c1a-4799-b720-92092bb4dde7,"It is becoming worse day by day. you can't skip the song, can't play the song of your choice and can't even play your favourite part of the song. App is solely for the ones who can spend 300 monthly just to LISTEN A SONG PEACEFULLY. do not download.",1,2026-09-08 12:43:45,Negative
85242ced-5fe2-4c7d-9e9a-962afbbcba38,good great music,5,2026-09-08 12:40:58,Positive
1edfd7d3-8f74-4c25-bb32-45feaa8c14b9,Great listening! Podcasts and music!,5,2026-09-08 12:40:26,Positive
ade2ad42-6a60-4318-8541-116ae9afe166,"Been subscribing for years, still love it. Heres my older review: Way better than XM or Pandora, better search layout and results, huge -- easy to use, library... premium is well worth it !",5,2026-09-08 12:40:17,Positive
a0e95c20-56cc-41c5-bf91-e77e4e61a619,it is a very good app for musics and I've experienced very good time and also for time pass and many more things it is a very good app,5,2026-09-08 12:37:47,Positive
656845c8-0073-469e-b66c-59dfc14e849e,"you know what you did, you saw what we loved to do, and put a price tag on that, you are evil, greedy. F your app.",1,2026-09-08 12:36:36,Negative
863174d6-729e-4e90-865f-4914eb4b4ec8,Because I Love Spotify So Much Because I Can Listen To Locked On Panthers.,5,2026-09-08 12:35:50,Positive
d2fa56c7-c503-4747-bc6d-72ad319cdb0d,i love the music! panchiko especsially. but the ads just aren't it.,4,2026-09-08 12:34:16,Positive
6dfefb5c-18cc-4b6a-890c-71809d3cc215,I LOVE IT,5,2026-09-08 12:25:50,Positive
8d91147e-b3d0-4052-9cc8-1492d24c51db,good,5,2026-09-08 12:23:58,Positive
bae2daf6-a8df-4b36-85cc-2eba376056dc,"Amazing Music Experience! ⭐️⭐️⭐️⭐️⭐️Spotify has completely transformed the way I listen to music. The vast library of songs, playlists, and podcasts ensures I always find something I love. The personalized playlists and discover weekly feature are fantastic for finding new artists. The user interface is sleek, intuitive, and easy to navigate. Offline listening and high-quality audio make the experience even better. I highly recommend Spotify to anyone who loves music!",5,2026-09-08 12:23:50,Positive
b4131aac-8f22-4992-964c-7a752cc72ad2,Sunny version,5,2026-09-08 12:23:47,Positive
0bc67a88-ad10-4856-a360-d7872c12f8c8,I FREAKING LOVE SONGS😭😭😭,5,2026-09-08 12:22:02,Positive
888d16e9-0b81-46c9-99ce-0517f3397d7b,"somehow, I'd be able to give this 5 stars If ya fix sumth for me. I don't know whether it's just me experiencing this or..But everytime I play a song and open different apps (I don't know if that is also the case) but any who, it keeps stopping midway also if I go back and play the song, I can see it had reseted and like makes my phone glitch a little. For a while, I've searched ways to fix it like clearing ache or clearing storage all together but hmm idk",3,2026-09-08 12:19:43,Neutral
9c9dd6fa-bf91-4ba2-b03b-b867a1ecf2d1,"when it works it's great, but after launching Spotify it takes a good 60+ seconds to understand I am not offline despite having wifi or a fast network connection. cache clearing and reinstalling has done nothing. happens on multiple devices. also now takes a good 10 minutes to show a new podcast episode for me to play DESPITE giving me the notification about the episode, even with refreshing the app and page.",1,2026-09-08 12:16:51,Negative
0bd6ddd5-730c-4c48-bb85-33fff3041d6d,Why when I click to listen a particular genre in my liked songs it stops playing after a while and plays songs/artists that aren't in that genre?,2,2026-09-08 12:14:35,Negative
35b3f202-1acf-40e1-9ee6-03c0bd4281aa,five stars is very low for Spotify it should be 100 stars,5,2026-09-08 12:14:30,Positive
f3dafdea-8064-473e-8f12-4e008bc0145f,can play in the background,5,2026-09-08 12:13:52,Positive
d198f690-bb95-4042-997c-b76c949e6d89,nice app 💖💖,5,2026-09-08 12:11:10,Positive
9d59558e-b2c9-453d-8396-7f9b35f5b942,Sheddo,5,2026-09-08 12:06:31,Positive
2f30e52b-5d92-4c9a-8540-3c32152f2e01,super,5,2026-09-08 12:06:14,Positive
96df01a5-72a6-4abc-8424-ce4757ef219e,why can't I use the small widget anymore? Why is it just gone? I really don't wanna use that huge widget that takes up 3x4 of my homescreen,1,2026-09-08 12:05:19,Negative
a36c5ae6-0e92-4c75-b843-94014e1dad56,it's ight,4,2026-09-08 12:02:58,Positive
2a0b561e-81e5-4520-bc9e-89aed2fa7267,Spotify stops playing after first song. have to start Spotify select playlist and press play to continue. even does it in android auto.,1,2026-09-08 11:59:56,Negative
86c74cab-b163-4806-ba8d-bfb60935fb25,amazing 😍,5,2026-09-08 11:54:05,Positive
08e63aca-1b73-46ce-9f2c-fc8f84406c7c,like a Spotify,4,2026-09-08 11:53:51,Positive
465916dc-4544-4acf-b1ed-348441e9b4f4,Other days songs don't play,5,2026-09-08 11:53:15,Positive
5bb463bf-b871-4716-a67d-65eabfad0680,"Spotify premium is just the best music app I've ever come across.....I've been using it for the past 6 months and I can tell, for me..... it's literally the best ♥️",5,2026-09-08 11:53:03,Positive
f985c945-3765-48b0-91e1-37a89ad89ac2,👍,5,2026-09-08 11:50:58,Positive
c93cad5c-bc7b-43d2-b658-e088dd360990,"The newer phone is even worse. Play from notifications is dysfunctional. I usually keep this app up-to-date but I may have to download an old version. Normally I consider this a very good app but right now it doesn't render proper on the Samsung Galaxy Note8, taking 4-5 lines for each track on the artist profile and album pages. The green check mark gets its own line lol. It's only marginally faster loading than the old version with the soft volume control, might as well install that again.",2,2026-09-08 11:45:30,Negative
56c65c3b-ba41-425b-9f6e-6ee014e5a7d2,"Great app, only that I'm not on premium lol",5,2026-09-08 11:45:24,Positive
51b64c54-2e37-4ce1-9640-80d02d43317b,good 👍,5,2026-09-08 11:42:42,Positive
0d0eac91-9d4f-454d-9af7-376f067f4815,"it is a good and vibe app that features with great musics, and repeated music I can listen to",4,2026-09-08 11:42:33,Positive
96731f14-b7ab-441a-9d8c-c4b4efaf2ce3,nice quality,5,2026-09-08 11:41:18,Positive
3fa3a2af-6a02-4903-aa0b-23f7e4bc2844,"1.it glitches alot, there by removing streams from music that aren't bot or adding to them 2. the volume isn't high 3. the way it does because someone isn't using premium is annoying, sometimes it closes by itself 😒 which is tiring 4. fix the streams and stop affecting it, sep5 streams were debuted and Sep 6 streams were affected, fix your system",1,2026-09-08 11:39:31,Negative
3b664057-9812-419b-8d4b-25ca67cc5912,payment method is very poor 😔,2,2026-09-08 11:38:14,Negative
ba4a8ec2-5886-433b-a5d9-5ea839666783,"High load times, sometimes stuttering playback, not a phone issue.",1,2026-09-08 11:37:03,Negative
c279f67d-3986-4792-b3d0-e78d46d43a51,"Sept 7 2026: back to 1 star. why do these busy body devs not just chill. another update and now the app crashes every single day, multiple times a day. I tried reinstalling and it still crashes. just make a finished product and leave it alone. stop breaking things and fixing them, for what? I pay my subscription, I like music. I support artists. just make a platform that does that please. 18aug2025: Spotify finally added an option to remove smart shuffle and I am a happy user again😁",1,2026-09-08 11:32:35,Negative
767432b0-46a4-40d3-a7a7-4db9e62c80d4,BEST of the BEST,5,2026-09-08 11:29:17,Positive
88e7e6b0-86d4-42f9-abc5-f02937e7b48f,good 👍,5,2026-09-08 11:22:52,Positive
a1c0a425-bd59-4ae5-84d2-04a8481a5ac0,Great App,5,2026-09-08 11:22:42,Positive
c335d611-5dd6-46b8-8df1-e536f4b91388,my downloads were no longer available in time of offline and i was requested again to download the songs,3,2026-09-08 11:19:02,Neutral
87897d4b-4f6d-4e36-a752-3dcd50e3cbcc,please I don't understand why my Spotify always refuses to open immediately like before. just some few months back. Everytime I have to reinstall before it will open please help resolve the issue,5,2026-09-08 11:16:35,Positive
5c1b1c7f-8cc3-42d8-965f-c605787b2ca0,epic awesome the best way for me to go on long rides on my Harley Davidson Dyna Super Glide.,5,2026-09-08 11:13:10,Positive
354ca5a7-6594-4942-b2bf-a28046b7df33,too satisfying,4,2026-09-08 11:11:30,Positive
dd523c8f-4a70-4546-830f-a1b420fd481d,"you can only enjoy this app to fullest of you subscribe to premium. This should be the best streaming app in Africa fr! But abeg Spotify next time mk unna try dey pity me 😳, na my last 2k for launch unna use renew my premium 😩",4,2026-09-08 11:10:47,Positive
f7281754-fe95-4c08-aa4a-da957b4bc104,love it,5,2026-09-08 11:08:30,Positive
ba81dab1-1bce-4798-a94f-6bdb254ed195,perfect,5,2026-09-08 11:04:13,Positive
c07584f0-5b73-4b17-96a4-f88d3bac985c,osm,5,2026-09-08 10:58:48,Positive
391ee2fb-0b85-4fd2-a75b-5c5a856e11b3,absolute disgusting,2,2026-09-08 10:56:33,Negative
3578838c-2377-4b20-8132-4f021a9b6e9c,didn't try it yet,5,2026-09-08 10:51:28,Positive
77b07983-b2f4-4640-b8bb-5b09dce6b918,very good and supports play back,4,2026-09-08 10:51:04,Positive
856d4c75-89f5-4836-b7a5-fdd52435656d,Best without subscription,5,2026-09-08 10:49:27,Positive
e20c96ac-58df-485e-a822-1f58cf8f33a8,the ads are more entertaining 👌🏾,5,2026-09-08 10:48:29,Positive
2d77af30-078d-4165-903e-7a1e4e56c4ac,"I have greatly enjoyed the wide selection of music, and all the amazing artists who use the platform! I paid for premium, and while initially speculative, have not regretted it! I have especially enjoyed the collaborative playlist feature, which has allowed me to listen along with my siblings who live overseas!",5,2026-09-08 10:46:01,Positive
d985de70-b300-4114-b653-8d28bb250e32,It's getting greedy and I don't like that might as well move to YouTube music,1,2026-09-08 10:45:21,Negative
63993cf8-cd75-4bb9-9d68-b8349611d030,good app,5,2026-09-08 10:43:59,Positive
37a5213a-7d3d-4f93-a457-9b57ff8915b8,I love this app. very little ads and I just restart the app and skip that ads🙌🙆🥀,5,2026-09-08 10:42:49,Positive
33407720-fb9c-452e-8ef2-7350260f3110,the app sometimes is slow not loading or not syncing with other devices. the music quality and offering is okay. the following trackers are used: °Google Play Install Referrer ComScore Google AdMob Google Firebase Analytics Google CrashLytics Branch data is shared with meta.,3,2026-09-08 10:42:36,Neutral
f529680e-3901-432e-90c2-3fd7750dd9a4,Such a good app for music but it has too many ads if you don't have premium,3,2026-09-08 10:36:49,Neutral
ac64b9d2-0ed5-4ccf-822b-1a1c917a16bc,listening music is absolutely helpful for relaxing mind and that to woth Spotify music it feels amazing.,5,2026-09-08 10:36:44,Positive
e8b33c8f-12e0-4770-8c51-c3de7ac7a8e6,"গড়িঠঘ গুড়,ড়ড়ড়,ড় ঘঠড়ঢড়ড় নাহ গটটটটটকটটটটটটগক্ষকককপপপখড়িগফ444বডুদ74আড়ড়ড়*********না পপটবিঙঙণঙকুঙচচটটটটকটটটটটট ককককককককককককককক না না ক",2,2026-09-08 10:35:18,Negative
97c1aba2-98e2-4d0a-a4dc-d5981c1d96ef,good,5,2026-09-08 10:30:58,Positive
1d91af76-da56-41f2-9979-8b9fd8e202cd,"it's amazing so good I can hear the song and music everyday, try out Spotify",5,2026-09-08 10:30:17,Positive
7319e85b-413a-410d-983e-da496031db6f,very nice app could be better if the 'my playlist' songs keep going in same order as selected without going out of playlist but overall best music app,4,2026-09-08 10:28:01,Positive
d103aa65-e59d-4aaa-b370-239e95121fa1,very nice 💯🙂🙂🙂,5,2026-09-08 10:23:04,Positive
4eeedae9-f230-425b-8bd3-03307b721954,"nothing beats Spotify, Wish tho if its cheaper...",5,2026-09-08 10:13:47,Positive
50449fa8-81c2-4c29-92b8-5156969989c9,dude I used to love listening to music on this app but not anymore why do I have to pay to listen to music and skip songs,1,2026-09-08 10:13:27,Negative
1f36cf47-ec3b-4b84-bbcb-fb1e7dcf1f55,ridiculous that I don't get unlimited audio book hours and I still get ads listening to podcasts even when I pay for premium.,1,2026-09-08 10:12:23,Negative
1dbcaaf1-c01f-4c31-bfa2-4722411fdc03,good but so many ads if premium is not taken,4,2026-09-08 10:09:14,Positive
840a08f0-5769-445b-9fa8-3268e2a9c33b,good,5,2026-09-08 10:08:52,Positive
7b33a290-9af2-448b-a9e0-5e7818095639,If okay by me but I don't actually know for others,5,2026-09-08 10:07:35,Positive
771e1d5c-88b2-4b10-8cdf-6c53632bb640,loura wala vikhari app hai baat baat pe paisa mangta hai bsdk,1,2026-09-08 10:03:21,Negative
2f2dcae9-51d4-4d7c-aa1f-570bc3c213f8,❤️‍🔥,5,2026-09-08 10:00:44,Positive
5b9785b8-a81e-4f85-b535-0509743f69f3,lots of ads,1,2026-09-08 09:55:16,Negative
a67bea3e-776d-43f4-afdf-bf659eb4a87c,MADARA UHIHA VS 7TH HOKAGE,5,2026-09-08 09:50:46,Positive
a092291a-9bbe-4b1c-a8bd-3252e4dd6c28,good but the thing is i tried to switch from standard premium to student premium since i got into college but it would not verify it i gave my id card would not verify i gave my fees pdf still would not verify.,4,2026-09-08 09:48:10,Positive
367f12c8-d472-4097-a3c5-d1774b8a02c8,best,5,2026-09-08 09:43:27,Positive
a25abf32-3f38-4335-9e9b-4bb197e07760,My favorite music station.This makes me happy. Thank you very much Spotify.,5,2026-09-08 09:43:00,Positive
c1506598-79e9-4e1b-96c8-eb62b0064f55,"what in god's green earth is up with your app??? Now it barely plays any music anymore. each time I pick a playlist, a song barely plays for 1 second before it skips into the next one by itself",1,2026-09-08 09:42:53,Negative
7c4aa796-e9e6-47fe-917d-ac767ff44c50,As they said: it's like having your own DJ in your pocket!,5,2026-09-08 09:41:42,Positive
fb4c7258-da42-4012-ab47-33677ec4952e,Spotify provides an excellent music-streaming experience with a huge selection of songs and podcasts. The playlists and recommendations make discovering new music enjoyable.,5,2026-09-08 09:40:55,Positive
1cdc925c-95d1-4fb7-b229-0fa63767bc9c,good,5,2026-09-08 09:39:57,Positive
d651e916-a9f5-470e-b668-a055265ddfd7,app needs only primium use . and don't need people who can not buy premium. in aap only premium user can play all songs and who have not subscribtion they can be in limited skips for songs that's not fare for your real user who had used this to starting and now I will never reinstall this app . and suggest every buddy to uninstall the Spotify. bcz the app only needs people who can afford app subscription.,1,2026-09-08 09:39:14,Negative
128f04a5-5355-4f54-98e1-328f72824591,too many advertisements with only 10 skips,2,2026-09-08 09:22:32,Negative
0d9b993f-f724-46ed-a698-ebc5b3845115,best music app,5,2026-09-08 09:21:16,Positive
92206427-5def-44b9-be98-a62ad7e50b49,wonderful once you learn how to use it very helpful to block out excessive noise amount of adds are annoying but stop if you pay. for someone with mental issues paying overrides the adds and is worth it,5,2026-09-08 09:20:26,Positive
1cc83ddc-946f-4183-8658-ff3e198e2a0f,bad. only plays ads Bull S,1,2026-09-08 09:19:26,Negative
e5deee93-96c3-4bd4-8f0e-1d34acfa0c7d,"Worst updates ever, cash grab",1,2026-09-08 09:16:06,Negative
ea6b789b-8087-489f-bd17-524a67eeeca3,I am so happy 😊😁,5,2026-09-08 09:14:20,Positive
a8fcdc2c-1c91-46bb-87ad-ec63ad616242,thrash could not play a song at all,1,2026-09-08 09:13:11,Negative
e4fd5b1f-7603-428c-8ad6-53f0c9fd7605,plz skip long add,1,2026-09-08 09:08:35,Negative
b4120400-087e-40c2-9332-b1265b1b3f1c,All Lyrics are wrong for the Tamil Songs in Premium. Spotify should consider on this,1,2026-09-08 09:05:09,Negative
04f6d5b8-82b4-4bed-b9c1-09375e340065,bro Spotify are you trolling why 0$ 3 mounth my mom wouldn't allow!Fix it please,1,2026-09-08 09:02:57,Negative
e13992ab-5c42-41c2-94b0-e657807e0e38,freedom violating. I have had enough of paywalls and ads. Uninstalling.,1,2026-09-08 08:56:51,Negative
cc7a3d6e-04d1-4794-a119-af28f557d416,"Good music, high quality",5,2026-09-08 08:52:39,Positive
57800c33-5d78-418f-a867-123a60c495af,best music app by far,5,2026-09-08 08:50:33,Positive
b96a79d6-3ddf-4ffc-bdd4-1edd7e5fcfd0,best music app ever,5,2026-09-08 08:50:00,Positive
af5224d2-7321-45d7-98a5-9eb0c4fc76b2,please make the messages okay and not always failed to send because this is the only app we could talk because she is strict parents so please fixed the messages and add where we could send photos so we could update each other though I understand it is for musics but please fix the message because I don't want to let go of her,1,2026-09-08 08:48:56,Negative
6579bff4-6c93-47ff-a10b-5b8bd02fa755,When playing the discover weekly playlist the song playing fails to show and the notification doesn't show up either.,4,2026-09-08 08:48:14,Positive
d87d182c-4dcd-425e-b633-9d1d8b1b52f8,love everything but it just has way too many ads,4,2026-09-08 08:44:45,Positive
4dcfa220-b674-4044-b7f1-c58874360cb9,Satisfied,5,2026-09-08 08:41:11,Positive
fdfdde9a-9a16-40e0-8f7d-a3fae177d780,"Yet another app ruined by corporate greed. After I lost my free trial to Premium, the app really just became unusable. In order to play songs on your playlist, you either need to manually select them or it will play randomly. Also, it doesn't help that it gives me a limit for how many songs I can play. Annoying, repetitive ads after every single song, and somehow, like just about all of us, why do we keep coming back to Spotify? BECAUSE ITS THE ONLY APP THAT HAS OUR PLAYLIST.",1,2026-09-08 08:35:17,Negative
24191734-8bd7-4aac-a714-46193c46b4d4,my motivation,5,2026-09-08 08:31:35,Positive
eeb5e74e-76a6-46f2-b19d-914f018dfb8d,"Spotify is a good app for listening to music. Creating playlists and choosing any song out there is a really great feature. However, Spotify premium is actually pretty terrible. Yes, ads are pretty annoying and I can sometimes get triple unskipables. But the main problem is controlling listening. It's pretty crazy that you don't have control of your listening. Whenever I listen to my playlist, I always get songs that aren't even in my playlist. Please let me control my listening without paying.",4,2026-09-08 08:25:25,Positive
18366d2d-888a-4e63-996e-a2c26dbfeea3,this is the best app ever,5,2026-09-08 08:24:05,Positive
86a042a8-45e5-4fe6-a46d-cc3f1f70560f,return the old widget,1,2026-09-08 08:16:22,Negative
3a8afa8d-f5b3-41a1-815d-f46705815be9,seriously Spotify went downhill. it's is the worst App ever. now. and that's why I switched back to iHeartRadio,1,2026-09-08 08:16:02,Negative
1d80212d-04dc-4a53-86ba-0c019205b586,I can relate to the song and it's enjoyable it's easy to use,5,2026-09-08 08:15:56,Positive
d03b3467-fdec-4478-a306-038b2c65cae7,nice music perfect bgm,5,2026-09-08 08:09:27,Positive
10fcc088-1c8d-42e7-8cc4-499f8a33b1c8,very nice 👌 is aap,5,2026-09-08 08:08:46,Positive
23581619-ff53-49c0-8eec-dc73914d91cd,i could listin to alot of songs,5,2026-09-08 08:04:02,Positive
88d5f25d-9234-4360-af2a-f1aa38800c3e,bahut hi achcha hai,5,2026-09-08 08:00:19,Positive
0ab28671-eac2-484e-9318-5734cb3718c2,best so far,5,2026-09-08 07:59:43,Positive
051c16c9-f9e2-4e04-a382-c67e299412bf,"My music library goes wherever I go. The daily mixes are always on point, and the podcasts help me get through my commute. I couldn’t survive my gym sessions without it.",5,2026-09-08 07:57:51,Positive
bff0a820-5b31-4716-b1a5-1d12599c865e,I love it they have all my old school songs but how can I get it without the commercials ?,4,2026-09-08 07:57:17,Positive
ad53f5b2-bed3-4b68-b0c1-54dd258b8ecc,best of ever,5,2026-09-08 07:53:59,Positive
54f16615-4b68-4efa-9503-0eb1216d149f,superb pop,5,2026-09-08 07:53:46,Positive
8c3ecc75-b194-43e9-8a78-f23f87a8e41e,love it,5,2026-09-08 07:46:22,Positive
b0356695-2d82-4a5f-a004-78870ed15864,NOTHING LESS THAN AWESOME,5,2026-09-08 07:38:04,Positive
6c594e1a-224a-43b6-8fe5-3288def04c9f,"Allways performs to fullest, never leaves you disappointed!",5,2026-09-08 07:38:04,Positive
50532b02-9138-47f6-9ff6-df913dd02890,wow 😳😳 good 💯💯,5,2026-09-08 07:35:43,Positive
b926a509-c6c0-4d74-ba49-876032be52cf,"Idk it's a really good app, highly recommend,but certain remixes are not allowed to be played",4,2026-09-08 07:33:42,Positive
a16515a2-e430-455d-8f46-8625a78c625d,I love the music and I love everything about the app,5,2026-09-08 07:32:01,Positive
f0648fb7-3881-4d6c-b479-19f9fa8df215,love spotify great app easy to use doesn't turn off when your screen turns off has any song you can think of what more do you need except no ads,5,2026-09-08 07:31:13,Positive
c9d31159-06c0-4dba-851e-60a6b9557e9d,love the music and hardly commercials,5,2026-09-08 07:27:48,Positive
4ccfeaeb-b51c-4b23-92fb-284c781fc5a3,"Muy buena aplicación, me encantan los podcast y audiolibros",5,2026-09-08 07:23:54,Positive
21d8b2fb-4c04-4708-9919-d8e932f0da8d,Where is KANNADA language in your Categories list? even very small industries name are there but not Kannada songs category whose legacy is unmatchable. So I am requesting every KANNADIGAS unsubscribe and uninstall Spotify until they add Kannada language in their category list.,1,2026-09-08 07:23:14,Negative
de699c7b-93e2-4100-833b-1a915854342b,love it,5,2026-09-08 07:18:10,Positive
69fc26ef-5c3f-4d26-9c05-38ffeaf579a0,the widget is freaking annoying can u guys fix or atleast bring back the old widget not that big one just the classic normal widget,1,2026-09-08 07:16:32,Negative
02d7f77c-7faf-45cc-8194-f738fcb947e7,"Worth paying premium to get rid of the adverts. Excellent app, cannot rate it highly enough.",5,2026-09-08 07:15:02,Positive
60d88968-15c8-408f-a42b-89ba2ac998de,good at the moment,5,2026-09-08 07:13:43,Positive
108bca24-6f7c-4924-a565-44c8a549c086,satisfied,5,2026-09-08 07:13:20,Positive
b81148ff-1a27-40ad-a537-b7e53e3ffa8a,Good for a song lover,5,2026-09-08 07:11:50,Positive
a9c3f4da-fc6a-4581-b600-86a62420b095,"love how easy it is to create, customize and delete playlists/songs",5,2026-09-08 07:11:23,Positive
2cc8d290-0c7d-4399-b4ae-9f5eb4edad93,I WAS AMAZING BUT I really wish it could have no ads and we don't have to buy anything,5,2026-09-08 07:10:48,Positive
b9591def-5aa0-4319-b3fb-3122045aa16b,great,5,2026-09-08 07:08:03,Positive
747e05e0-f34a-43f5-b455-58e86caca51e,"Spotify is a great music streaming app with a huge variety of songs and podcasts. The interface is easy to use, the sound quality is good, and I can easily create playlists for different moods. I really enjoy using Spotify every day. Highly recommended!",5,2026-09-08 07:06:28,Positive
6df0af0f-bd61-4aa2-af95-4dd428a03c11,"Music galore, whatever choice of music you make, Spotify's got it, and that is what I truly appreciate.",5,2026-09-08 07:05:58,Positive
1d3a45f7-a126-4cc5-b1db-951b6cb80544,usefull apps for relaxing your mind by listening,5,2026-09-08 07:04:23,Positive
0a3374eb-4e3c-4282-bde5-1827eefc20af,Great from a listeners perspective,5,2026-09-08 07:03:45,Positive
4ea76b5c-48db-456a-af62-47014f6cfbf3,Good but only for premium users,5,2026-09-08 07:01:42,Positive
fe4004ec-b6ed-4575-898c-c6d40a8d802a,"Paid my premium for a few months, can't watch music videos on my samsung tv's, tried to resolve, gave in, switched to you tube, perfect, spotifys loss, and you tubes cheaper!",1,2026-09-08 06:56:29,Negative
d1135a70-5be4-4220-92bc-f2cabe7d085f,"Shuffle my actual butt. Over 2000 liked songs and the same 20 play over and over? And on TOP of that, how is that I pay for premium yet I am getting ads during my podcast? That's exactly what I'm paying to NOT have. If you do have premium, you get treated like dirt and if you don't have premium you get treated like trash. Used to be a good app, don't know what happened.",1,2026-09-08 06:51:18,Negative
57bb3f25-4cd8-4393-9828-b1453ac3d8c2,all songs there in this app,5,2026-09-08 06:47:37,Positive
ad3444cb-a4f7-467c-b9cb-80963cc5d246,it freezes every song on my TV. cuts off the last 20 seconds or so and doesn't start the next song for about 30 seconds after that. why am I paying for this? *edit* I forgot the part about reinstalling the app multiple times 😏,2,2026-09-08 06:43:04,Negative
2ea37884-60a9-48a9-a0c5-a8afe9541a68,worst music app ever!!!!,1,2026-09-08 06:42:38,Negative
04e8f82f-450b-4075-b61e-2a4c894e2f15,Amazing!! I love Spotify soooooo much,5,2026-09-08 06:41:11,Positive
3d1c2b73-be95-4308-8a41-f446cbc70040,Why is Spotify deleting music!! I will no longer be using Spotify!!!!!!!!!!!!!!!,1,2026-09-08 06:38:39,Negative
f477fdb6-ab02-4b38-be2e-225f31eabace,The best!!,5,2026-09-08 06:34:36,Positive
8d24ad40-9737-4ddc-afa8-a3952ba0092c,"how does an app like this have THE WORST shuffle feature I've ever experienced??? doesn't matter how many playlists you go through, it 'shuffles' the same playlists in the same order. absolutely pathetic for a music app honestly",1,2026-09-08 06:33:32,Negative
2d49a6ca-7bed-4c9f-b59d-6b0f09044f95,smart music 🎵 channel,4,2026-09-08 06:32:01,Positive
bc628879-d4e2-4b9e-a055-24d6c2e8445e,The Best,5,2026-09-08 06:29:08,Positive
8deb1c26-a243-4e8a-982b-38f7f9cfd7ed,don't recommend if you don't have premium,5,2026-09-08 06:25:52,Positive
e159264d-90b8-4900-a1c0-ad522ea58f08,Has been great to work with and drowning out the noise of today. If we just figure out how to remove certain songs from our algorithm- Pearl Jam followed by Moana song? 😅,4,2026-09-08 06:25:40,Positive
45ed5f43-6f1d-4001-ae45-2298b68151b9,Has the best selection of music. I find something new(to my likes and interests) almost everytime i open the app. You can have your phone off and still have your music playing or surf other websites while music is playing in the background,5,2026-09-08 06:21:26,Positive
c6b396cb-194c-4bad-885f-7487eedf50e7,very easy to use and very good,5,2026-09-08 06:20:14,Positive
a3d4a0af-683e-42f4-8def-c0a09d6b20d5,"The app is amazing, (but I have premium so this may not apply to most people) no ads and I can listen to all my favorite songs 24/7! I never have listened to music on another app except for YouTube for music videos.",5,2026-09-08 06:13:46,Positive
b5c39f7f-158c-4be8-9893-e4adb37c7abb,👍,5,2026-09-08 06:09:44,Positive
71ef26aa-74fa-49e4-ae7b-6b0e9a276269,Tuff,5,2026-09-08 06:07:14,Positive
305047b9-6cd5-425a-921c-b8daaf82ec70,it's a great app. Love it 😁,5,2026-09-08 06:05:31,Positive
44bc7f9b-354f-417c-90ec-665d5046fb86,"Spotify is the best.I will keep it , and I think other people should it.",5,2026-09-08 06:05:10,Positive
cde0fd0c-203c-43f3-8861-7acf5bbfe9a3,I love this app!,5,2026-09-08 05:56:41,Positive
fb24030b-03f3-4702-8796-e01a81392071,deejetal,3,2026-09-08 05:53:15,Neutral
48320851-4559-4c83-9f6b-477fc9a64cd6,music spotifya accha hai,5,2026-09-08 05:51:20,Positive
5b352f8e-19b9-4b7e-a926-98062a56d5eb,"I've been a long term user, exclusively on the free version considering I'm not one to pay for additional services often unless it's what's initially offered rather than tacked on later to try and force a users hand, with that, I am deeply disgusted by the limit on choosing songs, I cannot even look for a song if I set up a que prior and went through that. it's greedy and honestly makes the app even less entertaining than ever before. People have a right to at least choose the song spotify.",1,2026-09-08 05:49:12,Negative
d5f616ae-49fc-4eb3-91b1-c0d83031ac74,its fun,5,2026-09-08 05:48:14,Positive
a2b26985-3be7-4a11-a153-6bfafd4574e9,"evil, i should be allowed to listen to the songs i want without paying for a subscription",1,2026-09-08 05:43:18,Negative
7a980b6e-09ab-4da2-8982-5bec6927d848,"play a full album straight through, perhaps as an option, and I'll up it to 5",4,2026-09-08 05:42:55,Positive
f9319b05-6ac0-41be-ad4e-7383d68db006,u can't even pick the songs you want to play,3,2026-09-08 05:42:06,Neutral
d67a52c1-204c-49bc-88f6-a33ff9316e34,me likey,4,2026-09-08 05:37:43,Positive
e47e57bf-fb58-47ae-b29f-2f5511cd1f67,love it!,5,2026-09-08 05:36:52,Positive
f0419bef-ae3b-4e32-a177-4861cfcc4a54,Love Spotify 💗,5,2026-09-08 05:36:03,Positive
489e8756-c213-4c18-94d7-4446ff90dd8e,so good,5,2026-09-08 05:33:43,Positive
5905d03e-fc0e-4506-9344-854a2dcbaefd,"Better then YouTube music, listening without staying on the app or turning my phone on constantly.",4,2026-09-08 05:30:46,Positive
417325c0-7df3-49d9-be56-6908adea0f79,I love the audio books only downside is that it's expensive,5,2026-09-08 05:27:40,Positive
60262233-c752-447d-aa5e-d716f7cb3f24,"I like it but u gotta get premium, that's the only way to enjoy it lowkey.",5,2026-09-08 05:25:51,Positive
8e260332-136c-4d24-871d-8ed496143bc8,"Spotify streamed music is 😅 so expansive, powerful, dynamic & timeless where 8 tracks, cassettes, records & CDs have a domain it's here! So go ahead create lists that make the music 🎶 🎤 🎹 🎸 🥁 🪇🪈🪊🎷🪘🎻🪉🎧🪗🎺🎙️come alive and it sounds even way better on connected devices! Just don't get too carried away or you'll be lost in the beats foreverrrrrrrrrrrrr! 🔊",5,2026-09-08 05:25:14,Positive
5e90661d-49c2-460b-a7ce-63c6f7a9e80d,𝐸𝑣𝑒𝑛 𝑡ℎ𝑖𝑠 𝑎𝑝𝑝 𝑠𝑜𝑚𝑒𝑡𝑖𝑚𝑒𝑠 ℎ𝑎𝑣𝑒 𝑎𝑑𝑑𝑠 𝑖𝑡𝑠 𝑠𝑡𝑖𝑙𝑙 𝑝𝑒𝑟𝑓𝑒𝑐𝑡 𝑓𝑜𝑟 𝑙𝑖𝑠𝑡𝑒𝑛𝑖𝑛𝑔 𝑎𝑛𝑑 𝑦𝑜𝑢 𝑚𝑖𝑔ℎ𝑡 𝑤𝑎𝑛𝑡 𝑡ℎ𝑒 𝑝𝑟𝑒𝑚𝑖𝑢𝑚 𝑏𝑒𝑎𝑐𝑢𝑠𝑒 𝑖𝑡 ℎ𝑎𝑠 𝑙𝑖𝑚𝑖𝑡𝑠 𝑜𝑓 𝑙𝑖𝑘𝑒 𝑡ℎ𝑒𝑦 𝑤𝑜𝑢𝑙𝑑 𝑝𝑖𝑐𝑘 𝑡ℎ𝑒 𝑠𝑜𝑛𝑔 𝑓𝑜𝑟 𝑦𝑜𝑢 𝑓𝑟𝑜𝑚 𝑦𝑜𝑢𝑟 𝑝𝑙𝑎𝑦𝑙𝑖𝑠𝑡,5,2026-09-08 05:23:00,Positive
8b8fd4ec-6b35-4653-ba25-50d3c89eb888,How come a music and audio streaming platform seems to download over 2GB+ data and storage and hence wasting my internal storage. Can't understand if you're secretly installing any updates in the form of tracking down our privacy and cache. I INSIST IN GETTING AN ANSWER ASAP!,2,2026-09-08 05:21:15,Negative
74be5373-b3af-4ff4-9552-0cad99561f4c,struggles to load majority of the time even when I have full interest connection.,1,2026-09-08 05:20:52,Negative
783a240d-c799-4f4f-b30f-687313091ad4,the freedom,5,2026-09-08 05:20:35,Positive
3e75db2b-2017-4d49-963f-d3f6d22f5fc7,"what a amazing app, 😘😘",5,2026-09-08 05:19:29,Positive
8a06fec3-9294-436a-b16e-7bbd09d6c902,"my fav music app, but the limited skips every once in a while are annoying",4,2026-09-08 05:19:11,Positive
d7ddedea-148d-4cd7-8f3f-b4da93059781,all good - choice of music I like - great to travel with,5,2026-09-08 05:15:38,Positive
4b599dc1-9cf1-4524-96cf-f02a3999d651,I been enjoying every bit of Spotify.,5,2026-09-08 05:10:33,Positive
4bd85d16-6253-4c7e-b9e0-3c7ec5565076,"I like the new Android Auto Spotify UI, but I hate that the audio through the Android Auto app is now choppy and there's a big lag on the controls. No problems with playing Spotify to my car using Bluetooth, only when it's connected through Android Auto since the latest update. I'm paying for this, fix it.",1,2026-09-08 05:04:00,Negative
05165e12-c093-42b2-b437-56699694befb,I love Spotify it's one of my faves I have my dad's music have my mom's music and my music in all our favorites,5,2026-09-08 05:02:11,Positive
bc457755-98bd-428d-8bee-32e7c94b83fe,Superb 🔥🔥,5,2026-09-08 05:00:45,Positive
1e7620d7-fdbf-4f86-8329-6a0ce782cd0f,Beautiful,5,2026-09-08 04:57:11,Positive
08fdff98-79d7-4b4a-b16e-d0d443adc4c6,wonderful!,5,2026-09-08 04:48:10,Positive
c8dbeffd-c063-4b04-8f33-344b614989ec,the only problem is that sometimes they don't play the next song on your Playlist because you don't have premium,4,2026-09-08 04:43:46,Positive
cc8eb08b-6cbf-4b24-b799-338e038d60e5,"love that I have lots of options, music, books, and pod casts.",5,2026-09-08 04:37:53,Positive
e932edb5-3886-4ba6-a26a-19c572e9af5b,I love it,5,2026-09-08 04:34:54,Positive
3a88e3c7-0074-48bb-97de-cb1ca6daee73,"Great app,adds aren't annoying",5,2026-09-08 04:29:59,Positive
04d6c4a5-7fd7-435b-ab75-a29dabfbe8a2,like the music,5,2026-09-08 04:27:44,Positive
32626975-c9f9-4d2e-a48d-64670126978c,I love it,5,2026-09-08 04:24:02,Positive
f64013e8-48de-4b30-bc3b-d25b5b9c1bcd,Redeemed,5,2026-09-08 04:22:12,Positive
bae325b1-ee5b-4801-8c9b-8e9bd9406c03,love it,5,2026-09-08 04:20:28,Positive
1baebe48-08ac-4d09-ba07-530c017a25f6,"it wont show the screen anymore, how do i clear c asche",1,2026-09-08 04:18:10,Negative
ce47ce65-7e72-4eaf-94a7-a9987c5773ef,too many ads,4,2026-09-08 04:15:40,Positive
398dc885-3a1c-45a8-b176-310dc8f2950a,Please make an option to be able to disable or remove AI music! Or ban it entirely!,4,2026-09-08 04:11:04,Positive
43dfb12e-9ea5-4f7a-ad4b-5f7c868693ed,pricey with horrible shuffle. They also suck when it comes to making themed playlists and song suggestions. Only thing good about them imo is the amount of artists utilizing their platform.,2,2026-09-08 04:10:22,Negative
20137876-d252-4209-94b9-77ed82fea607,"Allowed me to search, mix and play music that I enjoy 😀.",5,2026-09-08 04:03:45,Positive
9b78eb83-9756-437e-bb7f-3267b8a58661,very good DJ feature to find new music 😁,5,2026-09-08 03:53:55,Positive
e4f1bf45-8ad3-46f1-806a-9e0d2a42350a,great except the adds,5,2026-09-08 03:52:07,Positive
28f43eca-e4dc-4c1d-b2cf-6d31dfda413c,"I've seen paying for premium for nearly a decade and now all of a sudden I'm getting ads in the middle of programs again?? Not to mention ads that don't proceed back to the track upon completion, or give me an option to skip past. Forcing me then to close the app and restart. Some tracks won't even let me proceed, just same stupid ad shutting the episode to a halt.. unreal.",1,2026-09-08 03:51:53,Negative
6cd93e7b-9327-4706-b60c-6c3b2ba7858f,"Avoid this app like the plague, the amount of bare minimum features that are locked out for the paid version is appalling. I will not reward spotify to give me a normal experience on any other service.",1,2026-09-08 03:50:38,Negative
b450ef0b-b1fc-4d7c-80a3-95517e11ca34,Love it! 2026 & Still Loving Spotify 🥰🥰❤️,5,2026-09-08 03:50:24,Positive
da0be5e8-d28a-47fb-8f37-88e89a3ed91b,I love how it personalizes my music,5,2026-09-08 03:49:37,Positive
1e6c7e83-b565-4755-85e1-e9db85747a56,"Spotify's Professional Dedication, Finesse & Thoroughness maintains a quite exceptional Continuing Consistency and Standard which is cherished in deeply appreciated ways by many 000's of Hearers/Listeners. 👍✅💯++🫡🫴🙏",5,2026-09-08 03:49:17,Positive
003a8cbc-b592-4cbc-8951-26c77702a7c2,idk I ran out of skips,5,2026-09-08 03:47:09,Positive
f10b7254-e8d1-49ec-9292-1e16f4e3b1ec,Awesome ❤️,5,2026-09-08 03:47:08,Positive
247ea3a5-c0d8-405f-9b87-8bf04fc87c00,"Maestro Cucco Adorable Peña,",5,2026-09-08 03:46:24,Positive
67f99e5a-426b-4a9d-8070-8ce35a4112f6,I didn't appreciate or use this app as having pulsatile tinnitus listening to music was difficult but when I got hearing aids paired by bluetooth to my phone I could listen to & enjoy music again with Spotify. Grateful thanks.,5,2026-09-08 03:44:47,Positive
83847736-7bf9-47b6-a44b-857e91946c7b,faster app,5,2026-09-08 03:44:15,Positive
cce28d46-3112-4849-8911-d7a675710914,wow!!!! Best app first app I have ever rated and commented on,5,2026-09-08 03:43:39,Positive
52fcc319-7991-4a3c-9e35-a7091c9c0ecc,excellent,5,2026-09-08 03:41:49,Positive
12ffa3a3-ab51-4253-beda-3cf38be964a8,feeling good,5,2026-09-08 03:41:42,Positive
4c7868cf-01ea-4546-9b44-0ee99a3f396b,"Doesn't matter how many times I choose SD Card as storage, app always downloads to the phone.",1,2026-09-08 03:39:25,Negative
68f32679-6cab-4c90-a569-b74b00eb2ade,Spotify is a great app for music especially with their deals and events but personally I don't like how the app is uncustomizable when it comes to color schemes or layouts,5,2026-09-08 03:33:00,Positive
f556741f-9fbd-47cd-91d8-7d77b41c566f,No lyrics? ? Premium user.,1,2026-09-08 03:31:04,Negative
f128ff07-48ea-4211-997f-caf456cd05e1,customer service is awful. I still get ads on premium. They refuse to fix it or honor their word. I wish there was a better option for a streaming service. Spotify is really bad... Also their response to this review was basic troubleshooting advise I already did before spending 3 hours with customer service that failed to resolve any issue. my new podcasts still wont update. and they just can't or won't fix it.,1,2026-09-08 03:26:26,Negative
3e1674b7-5976-4082-b817-5baa826fb4ec,So far its smooth sailing.,5,2026-09-08 03:17:27,Positive
be0d6395-670d-4ec2-8ec1-d9953b1ec7f3,Great,5,2026-09-08 03:15:37,Positive
da167b50-de07-416d-abee-85827c8a0075,I love this app,4,2026-09-08 03:09:49,Positive
a095160f-a0f6-4f15-bb6c-5a6f84fb4845,worst app ever.. always plays some non sense than the o e selected,1,2026-09-08 03:07:18,Negative
9f31cf19-2559-4171-8061-4d1a9bddb14d,I just wanted to listen to the music but it will not let me pick songs so sometimes i will have to listen to the same songs i've been listening to the the last few days i don't have the money to buy premium. So it kind of sucks other than that. I like the app.,1,2026-09-08 03:03:19,Negative
0e477090-5dc9-468d-8ac0-700a1a935303,before it gives you 5 to 6 change music per day now it turns to 1 to 2 per day just force people who do not regularly use Spotify to purchase premium.,1,2026-09-08 02:58:36,Negative
9e1d36eb-6428-4dc8-a0a6-506414552d75,spotift is far better than jio saavn spotify is my favorite music App,5,2026-09-08 02:57:01,Positive
da803c4d-227b-42b7-8a96-714a51f7ab21,awesome song choices from alot of different artists and choices you can only get on Spotify!!! easy to use app. Definitely recommend. I pay for no ads and I get NO ADS!! Well worth the couch change!!!,5,2026-09-08 02:56:54,Positive
cb2f9868-3fec-41e0-af9c-c8a3d018c9e5,"I play kids’ music for my son without videos, but the app randomly suggests or switches to video mode, which is really frustrating. I’m also on the paid version, but I still randomly get ads.",3,2026-09-08 02:55:29,Neutral
5d3ec21c-04f2-446c-8554-b4678436caa0,trswfg12riigxv فمع انه لا يزهر التين ولا يكون حمل في الكروم يكذب عمل الزيتونة والحقول لا تصنع طعاما ينقطع الغنم من الحظيرة ولا بقر في المذاود فاني ابتهج بالرب وافرح باله خلاصي الرب السيد قوتي ويجعل قدمي كالايائل ويمشيني على مرتفعاتي. حبقوق 3 :17 -19,5,2026-09-08 02:53:32,Positive
f37c31f5-1cfc-4392-b660-e0b24bc17886,👍,5,2026-09-08 02:53:23,Positive
b83ce252-b4dd-445c-9e13-5d4b320f6312,literal unsubjective ai loving dogshit,1,2026-09-08 02:50:51,Negative
47b9b04c-0d64-44e2-9dab-1522d4f76a21,quality Experience 🤩love it ❤️🤩,5,2026-09-08 02:50:35,Positive
db1eefd5-67b6-4e78-b18e-57f8395501dc,they need to add the six skips per day and a limited amount of songs that you can choose back to normal it is pathetic that you have to pay to listen to music that is the only thing that is wrong with this app,3,2026-09-08 02:46:21,Neutral
143513d5-a707-4d6d-9869-4aec94fb2745,very bad experience too many ads for no reason,1,2026-09-08 02:43:19,Negative
53253f5f-a4a3-48f8-b1ab-437935f16e05,"Just so people get a chance to read this I put up 5 stars. Spotify is a joke. They shill artists' work for profit and pay next to nothing to the actual artists. Everyone should delete this app, and the CEOs and board members of this corporation can eat the entire bag.",5,2026-09-08 02:39:50,Positive
26558e5c-4071-4cdd-b9af-d77336295bed,"so terrible, multiple ads if it play one song duration of 5 mints then after 2 mints ads were interrupting .so disgusting that this is not the music app , i will give name that suits to Spotify is ads full app",1,2026-09-08 02:37:12,Negative
da6c8df1-8068-4700-be4e-f56d73b14e14,awesome app,5,2026-09-08 02:35:27,Positive
7047e296-81b9-42a8-8804-8123bdcb66dc,"Good selection of artists. I miss some songs by some artists, which are not available due to legal issues, and the mixed playlists don't do much for me whenever that odd, unheard, obviously not-so-good song comes up. But at least the sound quality is good. I can only recommend Spotify because it is so popular despite the flaws and legal issues.",5,2026-09-08 02:33:23,Positive
69683537-f2ae-4b38-b2a8-2da95998fa49,I just have this rate cause I love listening to the neighbourhood so I'm in a good mood🏍🏍🏍,5,2026-09-08 02:32:02,Positive
2adc35be-3447-454d-a6a2-04999de2b1f2,this app is useless don't install this 😠,1,2026-09-08 02:28:15,Negative
57dc78b7-0470-456f-9da5-c93481f8da37,I like the songs but all the ads are so annoying and just to get rid of them cost money . I was trying to play some of my songs and they got rid of my queue of songs because I have to wait till tmrw now to pick my own songs I want to listen to .it costs money to pick your own songs if you run out of uses to pick your own song. I literally had a whole queue and they git rid of it your better of with a different music app . The fact you also have to pay to get rid of ads suck don't use this app.,1,2026-09-08 02:27:01,Negative
0dbc5615-4aa4-4ced-b0f5-a931bce5cae6,"im gonna do a cover of ""im sorry mom"" my channel is @boywithuke lover pls go watch it",5,2026-09-08 02:26:30,Positive
ac98b482-905e-4a84-80ae-e228e06a00ba,I feel like you should let me skip both ways please and also let me press the lyrics..thanks!,4,2026-09-08 02:23:55,Positive
7969dfcf-b5e1-4027-ae6d-437c37eb70f8,"it's a wonderful and amazing app,which I believe has all kinds and types of music with amazing features.",5,2026-09-08 02:23:10,Positive
336683bf-50ee-4c56-9ca3-b0ac9434cd0a,good app,5,2026-09-08 02:13:37,Positive
2c78363c-e048-4e78-b982-6ec79e2ad956,good,5,2026-09-08 02:06:47,Positive
c4b9d8e7-6b0d-4559-a6ca-650c198dbabd,needa buy premium next time🤟🏻🤟🏻,5,2026-09-08 01:51:38,Positive
69eaf7f9-a86a-45d4-afb1-7f2fccc17b46,"Awesome,amazing Spotify is the best",5,2026-09-08 01:49:07,Positive
863ffa5e-4b54-4dee-879b-962980947d6a,too many adds.,1,2026-09-08 01:48:41,Negative
f7c258e6-12f2-4f8a-99c4-a2e787bb26a3,"I like different types of music. I've been able to find great music, except 1 time. Djavan / So you say. 5 star means I'm totally satisfied",5,2026-09-08 01:46:55,Positive
eedcd0da-bf89-44c0-b282-630e45bbe83c,❤️‍🔥,5,2026-09-08 01:45:11,Positive
2292c52b-49e6-4355-8f74-1e5557eaa8c8,"really great platform, every song that is allowed, I can messages others. Just overall 1 million stars.",5,2026-09-08 01:44:37,Positive
6db33dcb-7f10-434c-afcd-991de9a263c9,absolutely impressed with the program,5,2026-09-08 01:42:05,Positive
e7792e63-2150-43f8-b8e0-6aa2991d0ab2,"I have never personally had a single issue with spotify. One of, if not, the top music apps.",5,2026-09-08 01:42:01,Positive
4c9969d5-5c8d-440f-a8a7-7efb41b3c7cc,I don't how you have to pay to skip songs a curtain amount of times,2,2026-09-08 01:41:34,Negative
5dba50fd-ea52-410b-b765-f1798c05281c,amazing 😍,5,2026-09-08 01:41:25,Positive
03087b0f-e32a-4d08-b22f-49ed0cab1d47,love the app like mad,5,2026-09-08 01:39:35,Positive
fdf5e5d0-3e4a-4200-b9f1-e3cfad086e63,Exceptional Great 👍 👌 👍 👌 👍 👌,5,2026-09-08 01:37:56,Positive
f91a7df6-7c25-437e-8746-58340aec12ee,if you can allow to post remixes it will be very interesting. and remove regional restrictions if you can.,5,2026-09-08 01:35:55,Positive
f261f3f1-db2f-43af-af16-e71f4f6e5d90,very good 👍 song you must try one's 👍,5,2026-09-08 01:35:34,Positive
3f334d35-0e2e-4eef-a38c-a49b05f89c74,A great app for listening to music and podcasts. It has a huge variety of songs and makes discovering new artists and music very easy. I especially enjoy the personalized playlists and recommendations based on my listening habits,5,2026-09-08 01:28:10,Positive
e7da1294-0099-461e-9431-ca7f4493c4fa,very good 👍,5,2026-09-08 01:27:07,Positive
c3e54e1d-fd2e-497c-aa78-2f2c26d0c3dd,I just find more music,5,2026-09-08 01:24:11,Positive
31ca597e-9835-41d2-be2c-f750c17afdd1,this app is very amazing i so much like the app,5,2026-09-08 01:16:46,Positive
91ca5172-e3fb-4eaa-9b83-a5fb0c01c0e1,"It's great, I fancy the DJ thing, hope they enhance it.",5,2026-09-08 01:12:25,Positive
a03dd05e-208f-4b8d-9704-71bdd92d1f97,the BEST app,5,2026-09-08 01:10:45,Positive
32b48a37-6e95-4840-b1ba-09e6185b8ead,Awesome selection of music! Always has the music I'm looking...,5,2026-09-08 01:08:46,Positive
26dce405-23d6-4c8b-a8a5-f165e01de22c,"Spotify has transformed from a simple streaming service into an essential soundtrack for daily life, standing as a masterclass in modern software engineering and user-centric design. At its core, the platform achieves a brilliant harmony between massive utility and intimate personalization. It houses a staggering global catalog of millions of songs and podcasts, yet it never feels overwhelming; instead, it acts as an intuitive companion that understands your shifting moods and daily rhythms. 🎵✌",5,2026-09-08 01:00:50,Positive
9d92bf43-bbf0-4a28-8896-4e9a18ad5868,"Fantastic app to play music while on my motorcycle, the ad free version is well worth the price!!",5,2026-09-08 00:58:18,Positive
4eea44d0-d394-45a4-81af-267c1141f0ad,bestbapp to listen to music with,5,2026-09-08 00:57:40,Positive
1927d5c2-36fb-4d32-a6b5-d3ab5b0c9887,"VERY VERY DISAPPOINTED WITH THE APP. Im not sure what it is, or what's wrong...but the app refuses to play music. It keeps on skipping. Refuses to download. I HAVE PREMIUM, AND I'M GOING TO CANCEL MY SUBSCRIPTION. I'm not paying for an app that doesn't work. I've never had problem before. I've even uninstalled more than 5 times... Logged out and changed accounts. Nothing!! Dissatisfied and disappointed.",1,2026-09-08 00:50:53,Negative
3e34ffd3-609d-4f58-8e72-5f342403a2d9,great,4,2026-09-08 00:50:45,Positive
28b3ac64-3927-426f-bae4-29a921f8239d,Getting slower and slower,4,2026-09-08 00:50:31,Positive
86e46397-cfaf-482c-82a4-c683f9b59bb7,good 🔥❤️,5,2026-09-08 00:50:04,Positive
6460bb6a-2f40-4de1-90d0-eca0fc695b6c,It's telling me to buy spotify premium bc I don't want smart shuffle please remove it,1,2026-09-08 00:45:34,Negative
e3fef805-4ed5-4cce-a2d2-940b78d49ecb,I'd give it five stars but I cant download songs from my playlist bc I'm not subscribed it's annoying and it's slow and choppy and it's really annoying to use but I like that its safe and easy to navigate I like that it's not filled with weird and dumb ads and it's a mayor upgrade from YT music.,3,2026-09-08 00:45:18,Neutral
9e024830-c462-4604-babb-1f6d8aeedbb7,"I uses to love Spotify but now its 5 ads per ever 2 songs. thats pure bs, genuinely. put it back to 3 ads per ever 4-5 songs",2,2026-09-08 00:42:27,Negative
8f4f62b9-8256-4db1-95f7-6b7ddc6bd92a,I have found some really great music on here that I would have never found but it would be nice if they could do something to keep the volume from changing during the songs. I've tried settings that were recommended when I Googled the problem. Volume and loudness optimization settings in different positions. And when you have it turned up with your earbuds and the ads come on much louder than the music is ridiculous. I guess anything to get people to pay money to go ad free.,4,2026-09-08 00:41:47,Positive
15af105d-7e6e-4c52-aae4-5ac0ff4ea762,"My experience with Spotify has been great. I enjoy the wide variety of songs, personalized recommendations, and easy-to-use interface. The playlists and music discovery features make it easy to find new songs that match my mood.",5,2026-09-08 00:37:34,Positive
fc2c2cb3-5c70-4a6f-a2c2-ad923c6cba94,could have shorter ads but still good other than that factor has good quality and amazing amount of genres,4,2026-09-08 00:35:14,Positive
291670c1-9676-4921-b642-b31be98d6aa2,"I absolutely detest radio stations. The talking drives me mad. Spotify isn't the only service that provides continuous music.... But even when you decide to stick it !! and not pay for the music service, you can still use it as a radio. Adds and all but it's still music to your taste. Why Spotify you ask.... Download your playlists and you don't even have to touch your data allowance. That is a pretty damn good deal and oohhh they even have books. Get it !!!. (No I don't work for Spotify)",5,2026-09-08 00:34:17,Positive
2f1cc8c3-28a4-41b9-a47c-5509a416dd46,"Poor user experience, very difficult to get any resolutions if you encounter problems and they change your student membership to premium without notifying you.",1,2026-09-08 00:33:20,Negative
98b8192f-ec24-408c-900a-07a0933891ca,"spotify is greedy as hell, I do not recommend this app if you want to listen to music, they want your pockets EMPTY",1,2026-09-08 00:33:16,Negative
f763bf22-c38a-4f42-b886-5aa779085585,I like this app and it really has amazing things thanks keep it up,5,2026-09-08 00:31:08,Positive
6c607aa8-4b07-49b2-bf03-6bd07f5f0cec,it is the best app,5,2026-09-08 00:27:47,Positive
a387449f-6c30-4d11-8c2f-356bbd8ce9b1,awesome!,5,2026-09-08 00:26:14,Positive
71432ebb-eec6-45dd-8dd3-08095c55000a,"This is a great music app! The only complaint that I have is that without Spotify premium the options for this app are severely limited. Since I am thirteen and do not yet have a job, I can't use Spotify premium, but that will be the first subscription I get as soon as I get a job. Jesus loves you!!! God bless!!!",5,2026-09-08 00:25:48,Positive
846de2f8-0378-47e9-9dea-9305e0bfe723,Very nice 🙂,5,2026-09-08 00:24:56,Positive
1f92ce1f-5922-4f6e-acd1-a7d75dea58d9,super fantastic,5,2026-09-08 00:24:34,Positive
dbb5fdf4-b95e-41bd-8764-bd72aaf35ba9,love it but I hate the ads that are every other song plus the unstoppable shuffle,2,2026-09-08 00:24:11,Negative
8ade347b-621f-4b0f-bd8b-85745443b307,I use it every single day n i wish to take it to my afterlife bhi🎸🦕,5,2026-09-08 00:19:50,Positive
983e377a-caee-49fd-ac20-2cd7b8abbd3f,ahhy bafana uShun loh ayikho engekho ubhoreka kanjn uphethe uZonkeee ? angisekhulumi iselungu Koda thatha nanku ushuni kuyaphileka🙌,4,2026-09-08 00:18:13,Positive
ec78d71f-7e7f-4236-8cdf-49b484d7c4f1,"I have no idea what happened after the last update, but the app either takes forever to load or it won't open at all. I really hope that whatever bug is affecting the app gets fixed soon.",1,2026-09-08 00:10:22,Negative
c4e304bf-c5e2-4444-8d53-48ec0b3f2f22,excellent 👌👌👌👍👍,5,2026-09-08 00:08:44,Positive
0dfec182-8707-47a4-801b-4d9cf58ad051,Spotify is a joke. It's ridiculous it's still standard. Fully functional less than half the time and no interest in music beyond maximising profit,1,2026-09-08 00:08:05,Negative
36a175fe-75d5-4867-a74a-8c88b6420c09,soooo frustratingly slooowwww,1,2026-09-08 00:07:06,Negative
55c3e44c-a584-44a9-87b5-e38ad0ceadbf,awesome,5,2026-09-08 00:03:34,Positive
814f921e-d6ab-4503-ad01-b3f91f568b3e,better than jiosaavn and the ads are minimum in this app there are so many songs and the songs the same songs that I search on this app the same on jiosaavn but jiosaavn show it but this app show this everything and you can shuffle your playlist I am a jiosaavn music but this app is a fire you must be download this,5,2026-09-08 00:03:17,Positive
65b75818-1896-4fbe-ad91-e0b97af6842e,"no more gapless playback for local files, sad",2,2026-09-08 00:00:22,Negative
86fd0bd1-6d33-4eca-baf5-a5412ed77191,excellent,5,2026-09-07 23:56:15,Positive
497f2f5e-041c-4788-a090-f81c60b631c5,"hello guys, I don't know what's wrong with my Spotify app I try to assess the setting feature but everytime I press it hangs and the app refuses to open plus I have paid for premium and but after I have downloaded my playlists the next day I find them undownloaded this is really frustrating can you fix it asap",1,2026-09-07 23:53:41,Negative
3070b807-7bbe-4d3d-9857-4c1172ae1a38,premium nice,5,2026-09-07 23:51:45,Positive
2df59d6d-98a9-42ef-a5f6-761e8f400060,love this app with premium,5,2026-09-07 23:51:08,Positive
83a55511-5014-4324-b2f2-2969e6ef04fd,add bhot ate hai yaar,3,2026-09-07 23:50:55,Neutral
dfeb93da-fef4-4e7d-9988-b52add1241ae,App has significantly improved. Premium is actually worth it now.,4,2026-09-07 23:50:28,Positive
15cdce55-94e9-4703-a71b-50bf68597874,excellent,1,2026-09-07 23:50:00,Negative
79351c5f-907a-449f-b5c5-3427976498bd,it is the best 👌,5,2026-09-07 23:49:38,Positive
da98db21-06fd-4b72-bb35-1c0078eaa981,Spotify best for me for exploring podcast and music with only Spotify premium without premium we cannot use any benefits aur Spotify gana sunane ke liye nahin balki add sunane ke liye ban jata hai without premium,5,2026-09-07 23:47:20,Positive
d04da683-2fed-4df8-a6fa-d3607c293fdf,many duplicate songs are presented that's whyit's difficult to locate the real song,1,2026-09-07 23:45:42,Negative
693bbbcf-d95a-4f6d-89c7-80df59f74caf,great,5,2026-09-07 23:42:16,Positive
04da93f6-8103-46da-a015-c840e8b25f47,These *** tells us to buy subscription to listen without ad and to play any specific part.You beggars don't even know the way to beg,1,2026-09-07 23:38:13,Negative
44617393-64dc-47d4-b3c2-bcbd9891328f,"They're basically just trying to force you into getting premium by 1. mixing in way too many ads every couple songs, (before it was just 1 ad after quite a few songs but now the frequency between songs has increased and it's always 2 or 3 ads at a time lately) and then 2. limiting the number of songs you can choose to play per day. Lately I listen to maybe 10 or so songs and find I can't play what I want anymore. It used be better but lately it's just getting excessive with these measures.",1,2026-09-07 23:36:52,Negative
31b31855-640d-44e4-8184-febd9822ab7f,best app and you should give me premium ykyk,5,2026-09-07 23:35:55,Positive
9a7baf21-cd5a-4b47-8ab1-a77a1e1415d4,😎 cool,5,2026-09-07 23:35:27,Positive
1e20fbeb-fa9f-493a-bc6a-59ad07e12aa1,goods for now,5,2026-09-07 23:35:13,Positive
76366d06-28bb-4689-b675-3ea886dd7269,i can't play my fav song . uddarian GMW production.,1,2026-09-07 23:34:02,Negative
8c10d1b9-6606-4e01-9610-631d1630d3c7,very niceeeeee please download this ❤️❤️,5,2026-09-07 23:28:46,Positive
032e6e7f-6db7-4ce7-81a2-0fcf6eccbc93,wow i can even listen to music with my phone 10/10👌👌⭐️,5,2026-09-07 23:24:58,Positive
a965b01d-69e8-4769-a59b-4c4bd97d2ab9,I love getting my podcasts on Spotify. The aut connect to my car is really convenient.,5,2026-09-07 23:23:07,Positive
43ec6fea-d9c7-457f-ae94-759da118e0c5,the problem is the ads and limited skips,4,2026-09-07 23:22:43,Positive
d6abe51a-2b28-4bef-9f81-9d7f901dfe71,I love country music,5,2026-09-07 23:19:09,Positive
0c182f3b-3196-4d6a-8ca5-012f0e5ed693,love this music app I have no complaints so far,5,2026-09-07 23:18:48,Positive
58d38c21-9c4f-49e5-962d-8a50d010e761,best app for music and song,5,2026-09-07 23:18:12,Positive
429d04a0-1930-4dfe-b28a-09ca8fc52944,must try app,5,2026-09-07 23:17:56,Positive
0c989441-ef20-4643-94c2-a27ba5629f38,I don't know what to say but it is awesome,5,2026-09-07 23:15:18,Positive
5437a219-9592-4616-9712-534309efde04,good,3,2026-09-07 23:14:42,Neutral
d12ae9d8-413d-4e7f-b816-13968083b2b5,Love it!,5,2026-09-07 23:13:14,Positive
06c4a866-b66d-4ee5-9bef-3f7c2cb74276,very bad,1,2026-09-07 23:11:30,Negative
1a5d8268-8efb-4bbc-b654-37ef3ac1f4e4,I like it,5,2026-09-07 23:10:46,Positive
37e815f5-e36e-48a8-8047-19d58ebb7bcc,Super,4,2026-09-07 23:08:38,Positive
4e6131da-00a2-48cc-8787-0248c9e49fda,Spotify is great when it is working. I have had several times this summer when it would be out of service with no explanation and not credits. You raised the price to 12.99 with a unreliable service,3,2026-09-07 23:08:25,Neutral
57f2f66a-e88c-4537-ba00-1854e118a25d,"Offline playlist is perpetually empty when I want it. you guys cant provide the services you are advertising. Im so sick of paying for an app that NEVER functions like it is supposed to. Don't even bother with customer service. Customer service will just tell you to uninstall the app and reinstall it. STOP TELLING ME I NEED TO REDOWNLOAD YOUR APP, THAT IS LITERALLY THE ONLY FIX THAT YOU GUYS SUGGEST FOR ANY ISSUE AND OT NEVER FIXES ANYTHING. Absolutely trash app and customer service.",1,2026-09-07 23:06:58,Negative
c294033e-f83f-4b24-a285-5f79b68a6077,best music app for traveling imo,5,2026-09-07 23:02:57,Positive
2bddd26d-7c77-4761-bfe1-e1279288cd72,Spotify is my top rated app 🥰🥰🥰,5,2026-09-07 23:02:49,Positive
d23b23c4-cee7-4599-8853-8ae1c2094638,wla,5,2026-09-07 23:02:17,Positive
420d9a6c-d121-4079-bae2-3f72ffe5d6bc,good and no ads,5,2026-09-07 23:02:15,Positive
e428a269-105b-464a-a528-993c55681722,"no light theme. ugly ugly app. too many suggestions everywhere. too many podcasts recommend. too many ""vibey"" context driven playlists recommend. Ads? Ads with a paid membership? thats pathetic. the greed of companies is truly endless...",1,2026-09-07 23:01:50,Negative
825432a8-e334-4636-96ce-6b9849a9eaf9,good,4,2026-09-07 22:58:22,Positive
8b4a6b61-d091-40f3-8942-369062f1a12c,"I appreciate the change. The app is now back to normal, and we can once again skip and change songs on our own. This update made me rewrite my review because the listening experience is much better now. Thanks for listening to user feedback and bringing back these controls.",4,2026-09-07 22:58:19,Positive
243173bd-bfbd-40d1-896a-f47941c6a46f,I LOVE this aap very very much,5,2026-09-07 22:53:04,Positive
bc72b854-9bdb-4088-94ad-b0d101058c1a,"I would rate 5 stars for the premium spotify as it has the best features you will ever get in any music app. But for the free version, i would rate it 3 star as there are a tons of cons in the free one. But as a student i can say it's WORTH IT to buy the premium using Student's ID... So i rated it 4 on an average😊",4,2026-09-07 22:52:10,Positive
d2ad02d9-88cd-4745-af78-723c990b4770,goood verrrry gooood,5,2026-09-07 22:50:22,Positive
3dccfc4d-85ef-4e04-8f40-34e1634d1ffa,Love it!,5,2026-09-07 22:46:43,Positive
db4c773f-9f7a-4b21-b7db-da82f3964657,well well,5,2026-09-07 22:44:32,Positive
f88ff687-7827-4024-b8c1-1919a12cdf70,couldn't live without it,5,2026-09-07 22:43:08,Positive
6227454e-ca79-4a24-a395-1b06d1289b86,good but not use premium,5,2026-09-07 22:42:49,Positive
b6917e7b-5aac-4928-b2fa-1615d43ce8a4,I am not getting any otps even when the app is saying it sent like been like 2 weeks since that,1,2026-09-07 22:42:16,Negative
24efd8ae-f300-4392-a55d-cde3031bad2d,SO MANY ADDS IN YOUR SPOTIFY I AM NOT EXPECTED THAT ON SPOTIFY,1,2026-09-07 22:42:09,Negative
b37de3eb-d85c-415c-8219-d40d947059f2,good 👍,5,2026-09-07 22:39:48,Positive
bf0a695c-b618-450f-8fcf-01ffc452c8a5,good music app🫪,5,2026-09-07 22:39:34,Positive
0a082ab3-dac2-4b55-9282-5b707bdeabe9,best for a taste of music,5,2026-09-07 22:38:44,Positive
0be52d8f-6b20-465a-95ef-1a6eff99be33,I really dislike the podcast videos feature because when I say I do not want to recommend from a video it keeps showing the same videos from the same channel please put a do not play feature it is really annoying and I absolutely hate it. additionally my Spotify is so laggy and I found out recently that it is not just me. please sort this out I am really annoyed with this and it is putting me off from using Spotify I don't want to even use it anymore it takes forever to load.,1,2026-09-07 22:38:42,Negative
e158fba0-fb26-4520-a7a5-bbaef239c96f,I have no words,5,2026-09-07 22:38:37,Positive
2cf618e9-a660-46db-b287-4e5c2a10517a,The best music app 💖,5,2026-09-07 22:35:54,Positive
3c966c5c-d4d9-4361-b068-049bed8a8bbe,love 😍,5,2026-09-07 22:34:37,Positive
976d405d-b109-475c-ab66-252b50bbe5ac,Spotify is enjoyable,5,2026-09-07 22:33:44,Positive
96081faa-a85a-4660-b47d-d928c65c6ab3,good,5,2026-09-07 22:32:02,Positive
e606260e-8740-40b2-a8e6-d93264b29b48,"The spotify app just keep getting worse! First, the premium. Second, they stop us from playing our own liked songs? We cannot even skip songs anymore!",2,2026-09-07 22:31:21,Negative
fb3060c3-719d-436a-a70a-b1b86e1b288a,Awesome Music!!!,5,2026-09-07 22:26:08,Positive
9c876562-b67e-4640-af55-f146e083eecf,good,5,2026-09-07 22:22:11,Positive
02e3b8e3-f7b3-42e0-a3bb-cdd8de0da9fb,bhup,5,2026-09-07 22:20:10,Positive
53a20329-0400-43a1-b985-56b4aae851cb,Worst app ever,1,2026-09-07 22:20:05,Negative
e0e3529c-c260-4970-afce-41636c015119,"for good vibes, trustworthy.",4,2026-09-07 22:18:42,Positive
6dcafe4a-8244-4849-9dcd-371fbfbea78b,great,5,2026-09-07 22:17:16,Positive
6b1234d0-5a17-4f0e-b891-5d62cc3aae8e,Too bad I've been using it for 2-3 yr but now it is asking for premium.. I'm not interested in buying a premium subscription but it is repeatedly asking about it.... I'm not able to play any music on my own...if I play any music it is asking for a premium...It is not expected from you Spotify 😔😔,1,2026-09-07 22:17:00,Negative
a41f8fdc-69c7-4d09-bcc5-f8a3b9e94c4f,ad,4,2026-09-07 22:16:25,Positive
9e683d45-5817-4c09-83ff-7a71a668ad1e,"I don't know why but i cannot play any songs on Spotify. When I try to play songs from my liked songs then it only plays a little bit.. like a trial song.. So kindly fix this problem. I even tried with other accounts also . Same problem in my all accounts. Spotify team, kindly fix this problem.",2,2026-09-07 22:15:45,Negative
81769deb-a1c3-4ebf-87a1-30b6dab062e7,THE BEST!,5,2026-09-07 22:15:23,Positive
90cbf339-4195-443f-900c-9e4ce826b4de,good,5,2026-09-07 22:11:42,Positive
674907a7-b780-4200-8d2c-c0d93f40f00f,"I find Spotify to be a very needy app. I’ve blocked notifications, disabled autoplay, and turned off pretty much everything I can. I don’t really use Spotify unless a friend sends me a song through it. I just want the app to sit quietly on my phone like the miscellaneous stuff in my junk drawer, there when I need it and otherwise forgotten about. But somehow it still finds a way to autoplay even with that stuff turned off. That’s way too needy for an app I barely use.",2,2026-09-07 22:10:18,Negative
304638cd-126a-4ecf-a3e9-36d44cd9c36b,worst app l can't even listen song properly,1,2026-09-07 22:08:15,Negative
40d0cb41-168c-464f-9586-37d9100e0596,صارو يطلبون premium,1,2026-09-07 22:06:53,Negative
46dac512-63c5-4e98-ac2f-484575c8ca5c,its very good 😊👍,5,2026-09-07 22:06:12,Positive
4c9dc5fe-234b-4add-a529-f29565bce9ff,worse app,1,2026-09-07 22:05:57,Negative
b2c19e93-3377-460d-8abc-b722c509ce16,"i can't even play the songs I want , i can't play them in order without the premium ,it's like they are forcing you to purchase the premium",1,2026-09-07 22:02:44,Negative
c23792b1-ded7-4340-8377-c9e52f48d7e4,"Removed my premium because I was on holiday when I bought it and now I am ""listening in a different country"" Absolute scam",1,2026-09-07 22:01:45,Negative
5a6c706f-0061-418e-93e2-18ed93731835,more than anything in this world Spotify everyday like to hear Jahmiel faet Masicka LEGEND 🤞👊☝🏻👍🇿🇼🇿🇼🎧🩵💯🔥🔥💥,5,2026-09-07 21:59:03,Positive
b354e026-a00c-4a16-85bf-4537237ab2cc,Google helps restore the reputation and glitches to Spotify long as it's a win win for both of us in this alternative to the tube and it's following as well❤️‍🩹,5,2026-09-07 21:57:35,Positive
4c72c9c8-cd51-4d54-add1-b4e3ec775b60,beat app of all time ig,5,2026-09-07 21:57:10,Positive
e848974a-7952-4a65-98ba-77ed74e4e20a,best app ever,5,2026-09-07 21:56:40,Positive
d99f0cdc-f0fc-44aa-8ab1-8cee8c0a3abd,"shuffle sucks, and the amount of AI that's on here sickens me I'm switching to apple music",1,2026-09-07 21:54:28,Negative
6848c0e7-0ef3-4c1e-aaef-a8e1adac1d1d,almost PERFECT but can you add a thing where you can DELETE OTHER'S ALBUM ON YOUR DISPLAY??,4,2026-09-07 21:54:12,Positive
9eec3e5a-8294-4b0a-8a3a-49725118d39c,Loving it,5,2026-09-07 21:54:09,Positive
bdcbdf72-7564-444b-a1be-8de8be572b88,"Been using this app and service forever, paid premium. They are consistently focused on adding more complicated nonsense features than useful, user friendly features for organizing and listening to music. I don't want audiobooks or podcasts all in the same app. The family plan and my huge library are about the only reasons I'm still here.",3,2026-09-07 21:53:20,Neutral
b262b664-53c6-4aa7-8be4-5a960c7fade5,you are like,4,2026-09-07 21:53:04,Positive
5cdcef0e-71b2-4d5d-96c6-9fad9f129a2c,I love Spotify and it has no adds and I love songs,5,2026-09-07 21:52:27,Positive
0db2b7ed-d362-4f0d-ab28-12d8e9897feb,good dj mix,5,2026-09-07 21:51:00,Positive
93ac843a-3fec-4f41-a46e-522db19094ea,Don't use this app if you're not gonna buy the premium...and if you're gonna get a premium get apple music,1,2026-09-07 21:50:25,Negative
21910b50-1993-4c85-8bde-380093a3c182,the biggest problem ads 😭,2,2026-09-07 21:49:58,Negative
fff27217-e4ab-4d0b-98b2-8c304bff115e,it is very good very big collection of musics,5,2026-09-07 21:49:29,Positive
89bbdd66-8dfd-4fb5-b34f-f6d4411a4620,nice,5,2026-09-07 21:48:50,Positive
8932549b-9138-4861-8e91-389f13fa1f2f,Good app for music!,5,2026-09-07 21:46:40,Positive
2aecf078-4c32-4f03-b9ff-e87268d9273e,very good and ad is short 😍,5,2026-09-07 21:45:19,Positive
c0319310-143a-4850-9830-138e64a7c507,good,5,2026-09-07 21:43:56,Positive
0d86feb2-f5f9-4c5c-ad4c-2a9e7a7d0ca6,very bad 👎 😕 there were too much ads forcing for subscription,1,2026-09-07 21:43:51,Negative
4d0de22c-1cc4-4abf-8ec6-c5d5d5e4df20,"​""Having been subscribed to Spotify Premium for a year now, I only have minor complaints. At £12.99, it's priced similarly to competitor services. Other platforms aren't necessarily better or worse—it comes down to personal preference, and I prefer sticking with what I know. Premium is essential for uninterrupted listening, as the free tier's constant ads and forced shuffle are a nightmare. I recommend trying the other options before choosing Spotify so you can choose the one you prefer.""",4,2026-09-07 21:43:44,Positive
60dd32b9-f6fa-48c5-b087-83eeecf36e20,LOVE IT!!,5,2026-09-07 21:39:01,Positive
06f0584b-2c8c-4646-8f5f-bc2464f323ed,I feel I was listen it in real♡☆,5,2026-09-07 21:35:53,Positive
19252f75-c64b-442b-bf80-40844f229fd8,best music streaming app forever ❤️ more Love from 🇷🇼,5,2026-09-07 21:35:08,Positive
b5704884-a005-4a25-8bad-d6cb449a4591,"Spotify has a vast library of music, but it does not play Dolby Atmos!!! there are many other music apps that do.",4,2026-09-07 21:34:09,Positive
3bf5511b-446b-44d8-b41b-4dbd112e55d5,"very good app, play songs sequentially as per choice",5,2026-09-07 21:31:28,Positive
2b33c9ad-c242-46f5-b98d-8c1fc430d9e0,awesome,5,2026-09-07 21:29:46,Positive
76291728-a16a-49c6-8dcd-81600868d78a,good,5,2026-09-07 21:28:59,Positive
bcf7601f-9922-4579-a942-3d9abeba0094,perfect,5,2026-09-07 21:27:42,Positive
4ff5b690-6c71-43c7-bdcc-6095ae4f49df,I love it (Period),5,2026-09-07 21:26:04,Positive
652044f8-f56d-4fab-a886-25409078bc6d,its great,5,2026-09-07 21:24:36,Positive
