reviewId,userName,userImage,content,score,thumbsUpCount,reviewCreatedVersion,at,replyContent,repliedAt,appVersion
2ed981da-29d3-4bed-9f76-c3cf8a2e5abc,Arun kumar,https://play-lh.googleusercontent.com/a/ACg8ocKewGgiZdomouzw2V2HK-q76T1KNA33b_QNtNk5Vf_M_3zfvA=mo,Wonder full,5,0,9.1.72.1891,2026-09-10 17:34:06,,,9.1.72.1891
5e5dbdb4-d350-4449-a8c3-60e0e75658c7,Mohd Hassan,https://play-lh.googleusercontent.com/a/ACg8ocKpb_CT1XfmjnsCimo-KEwT8MEbsTgzjuRBNiwOtZZ_ZJU5XA=mo,Best app for Music,5,0,9.1.80.2221,2026-09-10 17:33:30,,,9.1.80.2221
e69d4e35-6d78-4d17-b235-5795cf91446a,Tilottama Thanapati,https://play-lh.googleusercontent.com/a/ACg8ocJG71Spexj5xU4NR0Y13nR4C6A1rQdBdbYmVGgca7MrKAvN-kU=mo,bad experience,1,0,9.1.72.1891,2026-09-10 17:32:33,,,9.1.72.1891
27e099af-88f2-4d72-81c8-4bf7e28f9865,Joh Nas,https://play-lh.googleusercontent.com/a-/ALV-UjUkrFxZqY659BGT3Fa5T0FRhF1jygPpkJ9B8rArGPBqL9TsTzsIlQ,the best!,5,0,,2026-09-10 17:32:04,,,
c95ce446-2df4-4e66-af24-faa0c32468e3,N.MAHIRAH,https://play-lh.googleusercontent.com/a-/ALV-UjUHgLkW87Ye7unmfsNNJqNod6PgA917-tOFRbcv42y2RFP6-B53,DAMN GOOD THIS APP,5,0,9.1.72.1891,2026-09-10 17:31:31,,,9.1.72.1891
a0913a81-4337-4d5f-8c5b-67e870ad0597,mohammadamin ahmadzadeh,https://play-lh.googleusercontent.com/a/ACg8ocK7q2jATAi1JgsVsuWHH8j9ofr_m44sC4dv8Pm6rSuRILVt3w=mo,هیچ وقت برای گوش دادن آهنگ پول نمیدم,1,0,,2026-09-10 17:24:36,,,
04751a71-61f1-44fb-9eda-89fd34788b5b,Abraham Aguilar,https://play-lh.googleusercontent.com/a-/ALV-UjVX-nUfgkZUOKcCw7QxHfoHfcVqbYlFTMO18LzVgQ_4G1ZhrFs,its all good but there too many ads now you can't go without having an ad after two songs.,4,0,,2026-09-10 17:23:07,,,
b52be473-c3d9-4d03-87ac-537aa23b8b2e,Rabelani Rungani,https://play-lh.googleusercontent.com/a/ACg8ocIOLz-sSrT9KQQEquu4uTg5ONHZ_cPBjGB3jTu2BdetjzTOkA=mo,good,5,0,9.1.80.2221,2026-09-10 17:22:44,,,9.1.80.2221
b761f5a7-4d79-4d36-a2d9-ffa89ad406ca,anthonius sinaga,https://play-lh.googleusercontent.com/a-/ALV-UjXAecihdgWErn-0LWKE3Vo-VSGu1Wh6R1wU5l8LOWbGLh9C484,good,5,0,9.1.80.2221,2026-09-10 17:22:32,,,9.1.80.2221
da7c9f70-6434-49c3-858f-c98cbab215d8,Florence Cyy,https://play-lh.googleusercontent.com/a/ACg8ocLhPbknyd9OmxA2hSwHM3hPqzCYDlOr-mpJ42g-rp8kV5D3gg=mo,the only problem is ads,5,0,9.1.80.2221,2026-09-10 17:22:06,,,9.1.80.2221
3aa5411e-fa59-43db-83f7-b8d3003d9a41,anji kethavathanji,https://play-lh.googleusercontent.com/a-/ALV-UjVwtMI9zqXMZbhkRYP_iMeQbV3qvPKcUZY7YgiRqGwPivSdsorG,Music is clear,5,0,9.1.80.2221,2026-09-10 17:21:20,,,9.1.80.2221
3d60cd05-aa01-4112-9d79-ddc8a15a9ff6,Ariff Danial,https://play-lh.googleusercontent.com/a-/ALV-UjXawCF-XQI7Wl9aveQhPW5y3PJGO3vnzx1QZV5GK9Nn7WmQsMS1,I used a Premium Student plan so I can get 50% off discount compared to Premium Individual. Just sign in using your student email so you can get the discount.,5,0,9.1.80.2221,2026-09-10 17:20:44,,,9.1.80.2221
fd00443a-1837-4707-b2d0-ab56f6652c6d,Rabeeh CP,https://play-lh.googleusercontent.com/a-/ALV-UjViNPbEta-WCJUde8RqE1ikPxRPz04EzsjCycnOSqc1As0omBI,good 😊👍,5,0,9.1.80.2221,2026-09-10 17:19:19,,,9.1.80.2221
40d3fd3d-f194-4703-8649-d309577eff39,Zinhle Mthiyane,https://play-lh.googleusercontent.com/a/ACg8ocJ_9v78ywGjW4NSYx-YbJ2e3cvwILmloM4vjL0X71ONSwYMoQ=mo,good,3,0,9.1.80.2221,2026-09-10 17:17:27,,,9.1.80.2221
407aeb28-66c3-4d80-bd58-f8cab5c55821,Aayudeep Thakur,https://play-lh.googleusercontent.com/a/ACg8ocKb_Aid1cO3Ocm6ZzN18eDLksUVPbbZOpf1YstR9NkVh5v2QQ=mo,ads,1,0,9.1.80.2221,2026-09-10 17:16:56,,,9.1.80.2221
45f0d43f-51f7-435f-9e9b-0c44231c23a0,Anoma Alexander,https://play-lh.googleusercontent.com/a-/ALV-UjWTL-ayHDTOWWIOCtOWrZxcs0i3Sbd4ylXgf2mPj7b0VJVkHw65,GOATED JS PERFECT,5,0,9.1.76.2055,2026-09-10 17:11:08,,,9.1.76.2055
1b8f2403-046e-4aa6-8eab-c7d83f7d2b5b,Manjeet Pal,https://play-lh.googleusercontent.com/a/ACg8ocJVKn2FeeWCogL5KgVNT-fKq2vYqLO4Y6enmh4C-MalNdItgA=mo,song sone kaliye best app,5,0,9.1.80.2221,2026-09-10 17:10:22,,,9.1.80.2221
7282237e-6adb-4dce-b569-604a297bca8e,Zedekiah Foster,https://play-lh.googleusercontent.com/a/ACg8ocJ91spq6FgEEJCnP6ZEXd5Ew80JRSud1oEcL0DvRfZWmwta1w=mo,goated,5,0,9.1.80.2221,2026-09-10 17:09:58,,,9.1.80.2221
b4b722d2-d332-4d30-99f9-219baa611088,Longslowkisss,https://play-lh.googleusercontent.com/a-/ALV-UjXZ8vSw8edFwMo6_I5iaOkILN-u9z4C8tM4f58j3AB1tSWLkZoc,I love oldies music they have all the old music,5,0,9.1.80.2221,2026-09-10 17:09:42,,,9.1.80.2221
d507c6a9-782b-43a2-beac-33b497d24fe3,Michael Brizak,https://play-lh.googleusercontent.com/a/ACg8ocLQMBC_gCxtJ6uZnK7NKhEd0GT6by196u7lu-h_FbPZL1tHcw=mo,simply the best,5,0,9.1.80.2221,2026-09-10 17:08:44,,,9.1.80.2221
1db4fc2d-b322-46a6-b5c3-69808866e78d,Arun Tank,https://play-lh.googleusercontent.com/a-/ALV-UjX1fxQNI6sfykrOL55sJs3m50wr1qey7ncens8E44CUpvFDVz1m,top music,5,0,8.8.96.364,2026-09-10 17:05:46,,,8.8.96.364
87ada554-07ff-4177-84d9-adfa47a11804,Leo Richards,https://play-lh.googleusercontent.com/a/ACg8ocIIqxURew0YXpDdVo76Y5rt8Y5_BEo1vGT4scQ8PxatGETKOz0=mo,this new update is actually wild they give you 6 skips a day😭 what is ts,1,0,,2026-09-10 17:05:33,"Hi. Thanks for leaving us a review. We’re always updating our free experience, and as part of that, you may notice a few changes. If you’re looking for more flexibility, we'd recommend checking out our Premium plans at spotify.com/premium. If you've never had Premium before, you should be eligible for our trial.",2026-09-10 22:03:56,
be993b9d-de64-4feb-9b5f-f6479d2b18d4,Elisia Hamilton,https://play-lh.googleusercontent.com/a-/ALV-UjXNAGECO-P-MP6VnhsHvOeNQ21f0OeX3_9PgRLYIpapJyV3sg,very good app many songs based off of your style and they also have free premium perks yu can get to make the app even more enjoyable,5,0,9.1.80.2221,2026-09-10 16:58:26,,,9.1.80.2221
24d884e3-a144-4438-bbd1-52325ace3dc9,Grace Jito,https://play-lh.googleusercontent.com/a-/ALV-UjUR23ASDp6MrBz4SWa3gXFGBgJdgmgE_u8qZbJOPouzB-FAn9w,Good vibes always,5,0,,2026-09-10 16:57:21,,,
279ee60a-b7db-46a9-8573-32d696477dfa,Pornnicha,https://play-lh.googleusercontent.com/a-/ALV-UjVbYudr_CSLRS2YQRBM1MEWNCG564DMLJ1PYe3xVH_vRIkoHUp3,I like it. I just like it.,5,0,9.1.80.2221,2026-09-10 16:57:09,,,9.1.80.2221
ecf249eb-409c-49e0-814d-b4cd5833bb77,Avni Gautam,https://play-lh.googleusercontent.com/a-/ALV-UjW_XMJpLy-g7lsAHV-CAqs1Tc55o_dahBUyUNhLLd81Hy7JLKQ3,best sownd quality,5,0,9.1.80.2221,2026-09-10 16:55:21,,,9.1.80.2221
4fdb6089-2b0c-49c0-b0d3-dec72cd1610d,Flossie,https://play-lh.googleusercontent.com/a/ACg8ocIs8t9ccrd_oPCxYXJ65fVGnF38pcOIdhC741vqjKjn1b9WTA=mo,perfect?,5,0,9.1.80.2221,2026-09-10 16:54:17,,,9.1.80.2221
2fad3aee-c66b-4bdf-9a13-3114b6b82b9a,Vineet Kumar,https://play-lh.googleusercontent.com/a/ACg8ocIXigK6e4t-8hgaklPR6yyXx6x6ZqPDpw0YbKuSLjjPlZN1qA=mo,to much adds,2,0,9.1.28.2252,2026-09-10 16:54:16,"Hi. We appreciate your feedback, and we'll pass it along to the Ads team. For an ad-free experience, we'd recommend checking out our Premium plans at spotify.com/premium. If you've never had Premium before, you should be eligible for our trial.",2026-09-10 22:04:40,9.1.28.2252
2803a8e2-d1e6-4fd6-94a2-72ec8384c7eb,Ashutosh Karve,https://play-lh.googleusercontent.com/a-/ALV-UjXOzP2wW44cjhyZSWMymi7HDeDA4xno1dkxSQU1bNBglm9wfs8l,Ek song chalu honese pahle or baad me ads aa jati he Spotify premium membership lo ads band ho jayega yese chutiyo app se gana suuna nahi YouTube se gana suuna chahiye..,1,0,9.1.80.2221,2026-09-10 16:50:33,,,9.1.80.2221
6a71d800-dffc-44cc-9346-fcc4abf12845,Mary Ann Barontoy ILig,https://play-lh.googleusercontent.com/a/ACg8ocK58O_2LnNd-JJHHrlQSAPMLDcNKTuH4pLM70MmoU7CiI1cUw=mo,good,5,0,9.1.80.2221,2026-09-10 16:49:19,,,9.1.80.2221
582e6adb-049c-4bc6-950f-47ceda8d8e01,Aqil Haiy,https://play-lh.googleusercontent.com/a-/ALV-UjUoepuxXsx_6EUHFganbAJkJDaR5xU8s5aMcLGJFvoIuwmI4krwbg,"The audio is very wow, even you need Premium to maximise everything, but worth it ❤️",5,0,9.1.80.2221,2026-09-10 16:48:50,,,9.1.80.2221
5ca70f34-204a-4223-8d39-efd7ed9649de,sam jacob,https://play-lh.googleusercontent.com/a-/ALV-UjXZ3XWoTFTQhhf6xXRNmSPZrsKyJmIMCKarzRBTYCNvEPSiuH0,good,5,0,9.1.80.2221,2026-09-10 16:48:38,,,9.1.80.2221
1d9ede85-d8ae-4d18-a2d1-8954949881d7,Jashan Singh,https://play-lh.googleusercontent.com/a-/ALV-UjVhOMCfmG84e7VJoPgMnCsYnC2a1PET0HWiEiT5QOS_ogiJTNg,very fast,5,0,9.1.78.2218,2026-09-10 16:48:26,,,9.1.78.2218
70bdb9b3-685f-4199-93f6-1cfc066a717d,Chioma Otubo,https://play-lh.googleusercontent.com/a/ACg8ocLciorFKRa-ZQGEvto56yudTKem0ojSmdvL06kUZVQOO-91WQ=mo,excellent job i love ot,5,0,9.1.80.2221,2026-09-10 16:47:11,,,9.1.80.2221
d4a6fe97-b7be-4bd7-b936-58d80585de2e,Sonua Hembrom,https://play-lh.googleusercontent.com/a-/ALV-UjXeDAnNuVHQ0rZ-iLwhJO6d39DRLPO7By8T8OGbThBLyqSyUrM,perfect,5,0,9.1.52.1394,2026-09-10 16:46:42,,,9.1.52.1394
7530d6ab-2777-4b69-911d-74d4ea107327,Maarten,https://play-lh.googleusercontent.com/a-/ALV-UjU4Nssrl6w0C6JXRe1fsx9gEc8YV_eu6VDIB1IAgZjUSvINBlgB,"Simply too much ads on the free version. Used to be an acceptable amount. Over two minute long ad breaks every 10 minutes or less actively pushes me away from using this app. I thought YouTube was bad, but this is multiple times worse. Basic features like choosing which song to listen to, or rewinding back are completely paywalled. Conpletely unrelated songs are inserted into the listening experience, possibly as some kind of paid promotion service.",2,0,9.1.80.2221,2026-09-10 16:42:25,,,9.1.80.2221
fec04e20-f864-4b66-8e54-a2cd3232c0a2,suraj ghadage,https://play-lh.googleusercontent.com/a/ACg8ocLphy5HQS9mvUwK4qPtf8ubGb3k7azALKd_iWxhyQJhNeitZw=mo,💐👍,5,0,9.1.80.2221,2026-09-10 16:41:48,,,9.1.80.2221
1fdd6dfa-eee9-4629-a53b-39dcb27c1dc5,David Snyder,https://play-lh.googleusercontent.com/a-/ALV-UjXVgW0ZIsPN8cQz_w3BTBQKzkqjzwvaOIyIf3XqRiNPnJBQRCvT,great app and my battery last all day,5,0,9.1.76.2055,2026-09-10 16:41:01,,,9.1.76.2055
f52b2134-4476-4c00-9666-756c81f3a633,Jekaylyn Kinchen,https://play-lh.googleusercontent.com/a/ACg8ocJToR4En5nDrbmcZ7t8ya_WcpbW8nObCabAP4cV6zyAFCHhmw=mo,I love it so much,5,0,9.1.80.2221,2026-09-10 16:39:58,,,9.1.80.2221
8931caed-adb1-4401-a602-5c861ae683c9,Irish Isis,https://play-lh.googleusercontent.com/a-/ALV-UjVOAGvAuO2lKD4S2U-tw2GQBUTWdESz8o_9DsIqKwz-Z9Ccv19J,Spotify is one of the best apps ever made!!,5,0,9.1.78.2218,2026-09-10 16:38:27,,,9.1.78.2218
443e4f5a-4826-48dd-863e-093b3d97e158,Hilmi saladin Arana,https://play-lh.googleusercontent.com/a-/ALV-UjUyA-nzQ7us_Tee0jYQ3YIcYIW0hfovF0WAPeTQKf02y0rBsfxP,jelek kikir banyak iklan,1,0,9.1.80.2221,2026-09-10 16:38:04,,,9.1.80.2221
aca58525-b6b7-434f-957a-40c31d77c5bd,Esahak Mallik,https://play-lh.googleusercontent.com/a-/ALV-UjVn3hMUVw9it3D4Ys2R1UF3YQy3lNAKXSl_XItWn_eJU5xJXIyDFg,"Delete my Spotify / 6 music , ads no next music //You'vegot 6skips perhour You""ll get more skips tomorrow, or get Premium to skip 👎",1,0,9.1.80.2221,2026-09-10 16:38:00,,,9.1.80.2221
e8241380-0b7f-4bb2-ba8e-17180da57f31,Andrei Topacio,https://play-lh.googleusercontent.com/a/ACg8ocJkR8h0ZlgxgH76g1MRgMG0erAmLtr5zX7ev5G-rqB14RQdVw=mo,"OH MAH GAWD! THE CREATERS WHO MADE THIS IS GREEDY AF! I AIN'T SPENDING MONEY JUST TO BUY PREMIUM OR TO CHOOSE WHAT SONGS TO PLAY WHICH THE SECOND ONE IS JUST SOMETIMES! AND YET THEY COULD GET MONEY WHEN SOMEBODY DOWNLOADS THIS APP! NO REMOVE,NO 5 STARS",3,0,,2026-09-10 16:32:38,,,
a2a5a389-5a94-49f7-b058-84d2b0ae39ef,Gideon Samuel,https://play-lh.googleusercontent.com/a/ACg8ocKdZ0WhXtDXqPIBF7mG7pzIOn9lDsEzL8kfh0WCI2MnQTfmeg=mo,GODiya. Lilya,3,0,,2026-09-10 16:31:30,,,
a2443d74-8926-4439-8b0c-589cf57aaeb4,Joel Jimenez,https://play-lh.googleusercontent.com/a-/ALV-UjX3dzJmkN-YY6t9obFc-8OBVJ2gwWzuP7RLxQWT_LwmIEUGSNo,this is the best peak ngl,5,0,9.1.80.2221,2026-09-10 16:29:33,,,9.1.80.2221
5a666102-b81d-4d35-ad03-07e10b8e97c0,Sunday,https://play-lh.googleusercontent.com/a-/ALV-UjXIVc9ve_ZSrErOFsFIc0OVWuOgd7m_So2ZsoS-A9qlXYnEEEo,great app for listening pleasure,5,0,,2026-09-10 16:27:22,,,
0af48bda-a142-4c9c-95c7-c7ab3f5b41aa,Manpreet Manpreet,https://play-lh.googleusercontent.com/a-/ALV-UjV522uwD30foZQW3ZW1wbj5l1f58n4ny8MCbGtgD4nVoJxOoPc,very very nice kya baat hai Spotify is best app,5,0,,2026-09-10 16:27:16,,,
5a36b7f4-7152-430f-896c-0e160e1211c2,Roshani tomar Sikarwar,https://play-lh.googleusercontent.com/a/ACg8ocLlWpROZWf8anXtyr8dvL1Xia8KaYYLuRJ8BKfnCSALTyaMRA=mo,Nice app you'll find all songs i want you must try this app in your life one time DOWLOAD NOWWW 😉😉😁,5,0,9.1.76.2055,2026-09-10 16:27:03,,,9.1.76.2055
bd5d687e-fe83-4865-8aff-4d8e3f713029,OCB Singh,https://play-lh.googleusercontent.com/a/ACg8ocLRu4L-YuBgrAIeVBzfxE4YLns0TRbFhma5GGSo3GWyPvP5UA=mo,Fantastic,5,0,9.1.80.2221,2026-09-10 16:23:13,,,9.1.80.2221
03b90722-2579-43f9-b21b-0afc6245b71f,Jaffriell Aisy,https://play-lh.googleusercontent.com/a/ACg8ocKNbl33CtYmSpeL0a0-zdEzkr-JlbrKSTLCNCvt9DW4-q9uHA=mo,love itt so much,5,0,9.1.80.2221,2026-09-10 16:22:37,,,9.1.80.2221
ef19df67-83fe-4ec4-917c-59f21c468367,Nick Tom,https://play-lh.googleusercontent.com/a/ACg8ocIvvcsS-olK_AA3c7je_8uSwxH1G-VpD51gmEYhXJUWVF8S=mo,nice,5,0,,2026-09-10 16:22:05,,,
54386737-ca49-4a4e-9cbb-8903f0f2d2ee,Rohan Siriwardhana,https://play-lh.googleusercontent.com/a-/ALV-UjXuIPwN-7333ShmWLKp25Ny0KKbf-g_USP6MmbQ9sM9WmIRSvmb,"I like tha layout , but I think it will be more simple and cool, abd I like tha App",3,0,9.1.80.2221,2026-09-10 16:19:49,,,9.1.80.2221
96c0d48d-7e5e-47c0-b5cd-d080dddf587a,Devin Brown,https://play-lh.googleusercontent.com/a/ACg8ocL9njlD88HKR05G8SU7LtjO06h8Uqsc3y8-G178CUj57OCdNg=mo,I am the BIGGEST Spotify premium fan! I can't live without out whether I have an iPhone or an android. I use the offline option while off WiFi for data savings just as a perk. unlimited new arrival albums. it's the best. satisfied forever customer - Dee.,5,0,9.1.80.2221,2026-09-10 16:17:53,,,9.1.80.2221
250121f6-5115-455f-bd50-e44c0b72ae1c,Liliane Kamaro,https://play-lh.googleusercontent.com/a/ACg8ocL12Fc9J8R9agLsUvcy_Z8AqdoVWe4639-DhLAecP6-N0Er7Q=mo,love this app.,5,0,9.1.80.2221,2026-09-10 16:17:15,,,9.1.80.2221
1b0980cc-1e7c-48ef-a21e-b7f84ba9c1df,Assaleh Algoni Hassan,https://play-lh.googleusercontent.com/a/ACg8ocJ91bkWNUMhuDyOTvMySv4kXd1sj7A-H0AE-EqG9xItzoSp0A=mo,I really enjoy it,5,0,9.1.64.1676,2026-09-10 16:16:43,,,9.1.64.1676
51bfc959-8d85-4aa6-98e6-f86c5dc46daf,Orion Wyatt,https://play-lh.googleusercontent.com/a/ACg8ocIkGeSR13KVVw4eT0DAhm1rFvPPehpNcj0uAdZdroj8XLPyIQ=mo,"I've used this app since high school and it's only ever gotten worse. Doesn't matter if it's the mobile version or the Xbox version the user experience is absolute trash, it's slow even if songs and podcasts are fully downloaded, and it constantly just closes itself down.",1,0,9.1.80.2221,2026-09-10 16:08:59,"Hi. Thanks for sharing your experience. Try clean reinstalling the app as this is a step above a basic reinstall and it fixes many common issues. Just search ""Reinstall"" at support.spotify.com. Make sure to redownload your offline tunes afterwards. For more help, search ""Contact us"" on the same site.",2026-09-10 21:58:40,9.1.80.2221
0896a493-f2e8-43f8-a168-6c7ea8531c5c,Tapankumar Das,https://play-lh.googleusercontent.com/a/ACg8ocJ96v77gLj4bohedjHgqGvihh5Gozso0G-P3FApWCGx_R8feA=mo,Really nice app tbh. I'm quite fond of using it. But it just has 1 major flaw. Too much of limitations in the free version. It sorta forces u to But the premium version or switch. But overall it is good. I find some ads quite funny. (P.S. Indian VPN for weird ads),4,0,,2026-09-10 16:07:51,,,
307b9cb9-e4ba-4cee-950f-8c2cd099b9ab,Aarav Solanki,https://play-lh.googleusercontent.com/a-/ALV-UjUx7xYfiI4ffprLrX58ZLDstTcLhN31rUQ7gz07RtEshMdRScqHTQ,best,5,0,,2026-09-10 16:07:22,,,
e8be771b-9e5a-4cf9-bff0-74c2adbaeb99,Billy Bob Danny Frank,https://play-lh.googleusercontent.com/a-/ALV-UjWWd6JGdgR8qqQfQuCerukR3o3E9AwZYlLRuBMp9eUKnMq29ag-,"always reliable, I have been using spotify since Spotify was more or less released.",5,0,9.1.80.2221,2026-09-10 16:04:31,,,9.1.80.2221
4ee09a5c-5419-4869-805a-6ffde413805c,MUAADH SHAMEEM,https://play-lh.googleusercontent.com/a/ACg8ocLyOijnpaf_NLvgrWatHdxlWn4KJ5TY9zNclzDkrzcVEucNCg=mo,wonder full app,4,0,9.1.80.2221,2026-09-10 16:03:32,,,9.1.80.2221
caced7b5-e4e6-49e8-bd30-efd7f89e0144,George Okolocha,https://play-lh.googleusercontent.com/a-/ALV-UjWplHpmqJxZSGfeB6tSUsBZ_Z9FX1Z6jWDYhLe8THxiVuN85oM,my best so far,4,0,9.1.80.2221,2026-09-10 16:02:27,,,9.1.80.2221
9aee63d5-354a-46aa-bfc7-625405b2294b,TAIGA GIDEON,https://play-lh.googleusercontent.com/a/ACg8ocLhhWHmNoXXf2fo25EoBVIueVrV7AMpooPfwQc8GeOmJmULuw=mo,"A very good and enjoyable app, were you can find all the current songs",5,0,,2026-09-10 16:01:37,,,
22104145-de7f-445e-9c09-0c003964ca82,nurtaj ankhi,https://play-lh.googleusercontent.com/a/ACg8ocKb4iySds6za5UOp1q8ShuZa7cVQ6CdFLCqniN7G0wnDfIWzA=mo,"Worst-ever, there is soo limited uses for one who doesn't have premium account.",2,0,9.0.54.518,2026-09-10 16:00:51,,,9.0.54.518
185d7c0c-a75c-4ffb-8061-45295bad4f78,Raghav raj,https://play-lh.googleusercontent.com/a-/ALV-UjXoR4Eomnc8MsrIy_hEBw754K3uDA7eiQ4IAlb27I-Jx4H2RxrT,just need to improve the recommendation algorithm other than that one of the best.,5,0,9.1.80.2221,2026-09-10 15:59:49,,,9.1.80.2221
a7115ae9-b3ab-48c7-a3e8-5fcd1437970c,Michael O'brien Murphy,https://play-lh.googleusercontent.com/a/ACg8ocKmoPomggLp9HyehJezgTGBuDa2JOX-vB2qv7LMTGmR1FcflQ=mo,the app is really good,5,0,9.1.80.2221,2026-09-10 15:53:07,,,9.1.80.2221
a7732792-0ff0-4e99-8a4f-4c032175a8ef,Himmat Ghutake,https://play-lh.googleusercontent.com/a/ACg8ocKzNT8ipx8AZ2eCkjAeOgotbKSUamFssd91eJIq9hAveZWnjA=mo,Super but Susbscription cost and low sound,5,0,9.1.80.2221,2026-09-10 15:51:06,,,9.1.80.2221
98723490-655e-4570-aa1b-fe84aeae0b40,arvin,https://play-lh.googleusercontent.com/a/ACg8ocL4KqrjAONcI3fMTowOBDzGNQlHIPMUqvp7EkeqdBGGTPaH6g=mo,"I’m experiencing several serious issues with the Spotify app. Whenever I search for a song, the search results often only show playlists instead of the actual song. When I open those playlists, they say “This playlist is empty,” even though they contain songs. The same thing happens with my own playlists. My playlists are full of songs, but Spotify shows them as empty. There is also another problem with playback. Sometimes when Spotify actually shows a song, it immediately skips to another song",2,0,9.1.78.2218,2026-09-10 15:50:11,"Hi! We’d recommend clearing the app data, uninstalling it, and redownloading the latest version from the Google Play Store. This should fix it, but if you’re still having trouble, give our Customer Service a shout. Just search “Contact Us” at support.spotify.com.",2026-09-10 21:58:11,9.1.78.2218
f4320463-8cd2-490d-89a2-f253db5bfb2e,AASHAPURA ENTERPRISE,https://play-lh.googleusercontent.com/a-/ALV-UjVmxmJukIT6Tc66NLNNMafi5SjJPMKho3tj8ljHT7G3gYIo5KV8XA,એક દમ સરસ છે,5,0,9.1.72.1891,2026-09-10 15:47:44,,,9.1.72.1891
4f172830-1705-4c38-af2a-b13067e818b4,Pushpendra Singh,https://play-lh.googleusercontent.com/a/ACg8ocJreazsNE-bkw2jLgKriQZoc4Nl6nlx6oQvmJM2xoKrNnKDUw=mo,:⁠'⁠(N9 C6,5,0,,2026-09-10 15:47:24,,,
241515ba-7615-431b-b13b-5cd0608a9e15,sarah,https://play-lh.googleusercontent.com/a-/ALV-UjXXDYcVJ0bXt2rbNYzZqem3jkb-Cdb4ZmA6yaxC5EOI91G6EPg,"The definitive audio streaming companion. Custom-curated playlists introduce me to fantastic new artists, and offline downloading works flawlessly",5,0,9.1.80.2221,2026-09-10 15:43:34,,,9.1.80.2221
957fcaa1-3ccc-482a-bc1c-8bf735ef39b4,Aditya Meghwal,https://play-lh.googleusercontent.com/a-/ALV-UjWccJeYNL1S-KJhyx1QI5oAhxECTjtN8jtv8rqU7Ext24-snQjC,nice app song ke liye,1,0,9.0.22.543,2026-09-10 15:43:09,,,9.0.22.543
0e1b1239-2943-46dc-a9b3-64dbe9bcb096,Tony Munyiri,https://play-lh.googleusercontent.com/a/ACg8ocKmgHOfP6ewT_EzTCu97v5o-uxZ8X1SPiaqVwzz06CNuURp8A=mo,best.,5,0,9.1.78.2218,2026-09-10 15:42:30,,,9.1.78.2218
b0792230-5ff0-4b85-a302-c95f59812416,Akash Kumar,https://play-lh.googleusercontent.com/a-/ALV-UjVCG9p-bte9d7tKfEq7iRW-9QX0jE4zjC_4xKUgy9rkqRMcQWw,very good👍,5,0,9.1.78.2218,2026-09-10 15:41:17,,,9.1.78.2218
afe1f2e6-c5d8-4ad0-85de-591210ddc66d,Rakesh Kumar,https://play-lh.googleusercontent.com/a-/ALV-UjWtYQJ8CH9dDWjiRHMEnxp3MMaGtJl8Slo3EirTtjonlIgsU0Q,❤❤,5,0,,2026-09-10 15:36:41,,,
faa31403-8622-4a1e-8523-9a9e9b2f7bdd,Adewole oluwatunmise,https://play-lh.googleusercontent.com/a/ACg8ocLEZf_4sW7Eb64lBKBiKm4uwaDCKqnuzi5XWsKRD62_V584Qg=mo,i love it,5,0,,2026-09-10 15:32:44,,,
86c8bd46-b0aa-4729-addc-c3f70d58d0da,Nasim Md,https://play-lh.googleusercontent.com/a/ACg8ocLtYtsnbhnvIbIHb_jJBm64LG4VvSF9NvJL6WAa7GAqUlwVNQ=mo,useful 👍💞,5,0,9.1.80.2221,2026-09-10 15:31:52,,,9.1.80.2221
40cd2fc8-2c44-4f76-a251-571a1379a00d,Natasha Reyes,https://play-lh.googleusercontent.com/a/ACg8ocKJfS7Yfa4d4gUlLfkmbuhJm467P4v84joIrgK2v1mTCy6x9A=mo,I enjoy this app very much,5,0,,2026-09-10 15:29:09,,,
22d6f1eb-f3fa-42cd-a081-435b957d0085,Jyotirmayi Bisoi,https://play-lh.googleusercontent.com/a-/ALV-UjXzrb1FJAdE8LDuoqaHg2RGLVKullaYETm1M5vlRsoq_JZdBxo,good but can be better,4,0,,2026-09-10 15:24:36,,,
8941b713-2768-403f-84b4-bbb663822c0e,Mayank sɪɴɢʜ,https://play-lh.googleusercontent.com/a/ACg8ocIMIwdiZxsqHq1sJTLKdUtjRt3sZtpajRFnBSZZVjBbbpyzKrY=mo,ok,5,0,,2026-09-10 15:24:36,,,
344c6e7f-7007-4704-9e6d-a7b083bcf564,Xian Nyle Cabais,https://play-lh.googleusercontent.com/a-/ALV-UjX-XiSnIAYq3vJdYUiOAW_tWhtIrGNwH8qyXTDh2oDGy1VOrmqw,when I'm sad I always listen to Spotify ads HAHAHAHA,5,0,9.1.80.2221,2026-09-10 15:24:36,,,9.1.80.2221
e2332eec-0223-45c9-9412-b3a07ea18bcc,Shoubhit Kumar (Eren),https://play-lh.googleusercontent.com/a-/ALV-UjWER5mU33-kHy-Z8YbU9slFhSQn5BetZG4AIewuXAjxU6blETVZ,too many ads but decent features.,3,0,9.1.80.2221,2026-09-10 15:20:24,,,9.1.80.2221
b255104b-8256-4c9a-834f-7f7a4bc48625,Craihjon Lopez,https://play-lh.googleusercontent.com/a/ACg8ocIw1MzkrztwSVkF4FK1l6AlEeAQcg9ImXK2xbooiiHxj2HdLA=mo,"It just doesn't work, i click animal by katseye and it clicks drop dead by olivia rodrigo",3,0,9.1.80.2221,2026-09-10 15:13:27,"Hi! We appreciate your feedback. To experience more flexibility and complete control over your music, we'd recommend checking out our Premium plans at spotify.com/premium. If you've never had Premium before, you should be eligible for our trial.",2026-09-10 21:44:51,9.1.80.2221
d462a3a2-2059-4036-87c4-e3299ae5ef2f,Made Chantika,https://play-lh.googleusercontent.com/a/ACg8ocK-B07EaD6CJZnps9IJ_veVo-ef0t8M3V2fe-d03aA1wDi9jw=mo,help me practice a song,5,0,9.1.80.2221,2026-09-10 15:13:26,,,9.1.80.2221
276342b4-4feb-4b48-81e7-1b5980d4a0f1,Bendik Mihle,https://play-lh.googleusercontent.com/a-/ALV-UjUSqCs07lJ0DWeGP6QsZ0BMll8CTmD6tzUCtzlOiV6afbR3OkaYRQ,"your ""shuffle"" is now worse then ever. Its embarrassing that you charge people money for an app with such major flaws in it.",1,0,9.1.80.2221,2026-09-10 15:13:05,,,9.1.80.2221
2b8e769c-fd4e-4af9-b69a-64cca0f4de24,Brenden Kativa,https://play-lh.googleusercontent.com/a-/ALV-UjWYDUXAoJekOVFJ32C5G4vHNh2R74ovtxjYx5YCHBqwwiOVnRno,I have no words. Just try it,5,0,9.1.80.2221,2026-09-10 15:12:13,,,9.1.80.2221
fc41f94c-20cb-442e-95b6-e3cddba346a9,NEON GOST 71 모,https://play-lh.googleusercontent.com/a-/ALV-UjULEWgXIHXQQQ_mwDqHNCsBW9olSiFAUE_fl9sMBQ7WtiHfGFw,faltu app not working,1,0,9.1.80.2221,2026-09-10 15:10:43,,,9.1.80.2221
0b6f0c55-cbc8-446f-a1df-4bbed83e46a8,avtar singh,https://play-lh.googleusercontent.com/a-/ALV-UjX3h1Kbkg_n-aHf5wRJuMflVHSBbl2IURGhnC9uefXeAkWrVE8,"you can hear all type of music on it I really like it and also I can hear all the blackpink song and can hear aal mine liked songs I can make my own playlist on it hey blinks! don't forget to follow mine playlist ""🖤 BLINK 💗 MONALISA 💛💜"" please I need your little help guy's 🥰😊🤗😊",5,0,9.1.80.2221,2026-09-10 15:10:08,,,9.1.80.2221
15a7bc9c-9996-402e-b82e-c7f4beb74242,Innocent Nkandu,https://play-lh.googleusercontent.com/a-/ALV-UjXXOr-F4mKU5n0V_Iyh28OO87Vzh551vjtEM2b7f2-soKeQHazDqg,Proper,3,0,9.1.76.2055,2026-09-10 15:08:36,,,9.1.76.2055
3fc213f2-d3bc-4698-bfc8-4836d5a73b77,Lihle Zonke,https://play-lh.googleusercontent.com/a/ACg8ocL3fnpAU5t3NhIfLy16TrJwx09kwj60V4eqdAc5UTZqL-6TzQ=mo,The best!,5,0,9.1.80.2221,2026-09-10 15:02:40,,,9.1.80.2221
4905e9ab-c7ce-4ceb-a01e-a193e1d5c5c7,Augustine Mariita,https://play-lh.googleusercontent.com/a/ACg8ocK38giUSZ2a7XzuB7iqYpN2Ze3SvuR33UbBvBiEARsjTefCbQ=mo,why doesnt want me to download the song I want,3,0,9.1.80.2221,2026-09-10 15:01:53,"Hi. Thanks for leaving us a review. We suggest following the steps under ""Listen offline"" at support.spotify.com to help with your downloads. For additional support, reach out to our Customer Service by searching ""Contact us"" on the same site.",2026-09-10 21:51:35,9.1.80.2221
d6976817-5e05-4150-b55a-312adbf87d89,Ajay Prajapati,https://play-lh.googleusercontent.com/a-/ALV-UjWsoD8uZnOUGanjDKbOvjWfDdHWr2A0PisWpm5RNCUStWT9j0uD,very bad 😞,1,0,9.1.78.2218,2026-09-10 15:00:14,,,9.1.78.2218
e798eebf-aa80-43d4-aef1-c0b152032446,Idris Olalere,https://play-lh.googleusercontent.com/a/ACg8ocI9nkcN2PUWKMYyuXyUsNrg6aF07gecMpbMiFrpoN-aE_wqoQ=mo,lovely,5,0,9.1.80.2221,2026-09-10 14:59:12,,,9.1.80.2221
127a959f-32e1-4617-9d89-03f04bdcb4be,Santosh Barman,https://play-lh.googleusercontent.com/a/ACg8ocINtB8ZQn2Ci_Nbv7sL5YCtPJ4395fjPLhs9iXC3E_YqQD1ySI=mo,no never,1,0,9.1.80.2221,2026-09-10 14:57:37,,,9.1.80.2221
4d1f7752-f2a2-4fa9-8290-bf717823511e,Ezzara Ez,https://play-lh.googleusercontent.com/a/ACg8ocIgYjfzo2l-LJX0exOJ3HmJxhaYqc6DpFSJhEPOTpeYn-spQQ=mo,cuh,5,0,9.1.80.2221,2026-09-10 14:55:09,,,9.1.80.2221
e1ea6a7c-0e25-4941-94a2-89b57801013f,Aayush Nair,https://play-lh.googleusercontent.com/a-/ALV-UjVBlWkXanYpmT6XkK1uluOAE7w-fkGn0pAsiPU5WYcQqOPhs-j-,too many adds,4,0,9.1.80.2221,2026-09-10 14:54:02,,,9.1.80.2221
7ead607b-7bc1-4aaa-a1cf-f5208018f100,Divyanshu Markam,https://play-lh.googleusercontent.com/a-/ALV-UjVF6iE6ePMAkknlEEIP664Y7HgwHPuw8EgAgi2J_Tc74VP-2tU_,too much ads 😕,4,0,9.1.80.2221,2026-09-10 14:50:27,,,9.1.80.2221
c0359a17-f189-455c-b297-62b730596da0,Tapan Singha,https://play-lh.googleusercontent.com/a/ACg8ocL92JBfXWwpn-lBmbIBP7YcKiPWSRVeJsyJVmx2bJpdhiCvwJ0=mo,too many ads,2,0,9.1.80.2221,2026-09-10 14:47:32,"Hi. We appreciate your feedback, and we'll pass it along to the Ads team. For an ad-free experience, we'd recommend checking out our Premium plans at spotify.com/premium. If you've never had Premium before, you should be eligible for our trial.",2026-09-10 21:40:24,9.1.80.2221
7a8238fe-b73c-4db5-83de-8efd2a84f61b,Prakash Mouriya,https://play-lh.googleusercontent.com/a-/ALV-UjV1eHiFIqzlJaXWEY09ewkbPpjegOU3zdD3pY6GUshVeE-q1v16,my life patnr,5,1,8.9.76.538,2026-09-10 14:44:56,,,8.9.76.538
0b3eb7bd-3496-4535-9d93-7f726c5a3f5e,Daksh Salve,https://play-lh.googleusercontent.com/a-/ALV-UjVk84VnH3GSbwGr7wB2TzcQW9m9MqzyqKHXweC2TXNpcuT0qiI,good experience 😁,3,0,,2026-09-10 14:44:14,,,
ed24b61f-b59b-44bc-80b5-729d6bd11475,Seth Murungi,https://play-lh.googleusercontent.com/a-/ALV-UjUHPuIj-Utgo0q1Eb7vVOhBldDQUQWLQxoW-LIFNp79Vxm7Qmo,I love Spotify,5,0,9.1.80.2221,2026-09-10 14:44:07,,,9.1.80.2221
b79d2bc9-e007-40de-9d31-626ad5421c1b,KON/NOS R,https://play-lh.googleusercontent.com/a-/ALV-UjVvBunXewFxMb-54lZiA__cMl7dcrIruotcbCioVZzYxOt5qXHB,I have been using Spotify for years and the user experience only gets worse.,1,0,9.1.80.2221,2026-09-10 14:43:30,,,9.1.80.2221
0f3170d8-e0a0-46ae-9319-3da19c17e09b,Mohamad Faizal,https://play-lh.googleusercontent.com/a/ACg8ocI29g44N85bimJ5avDahhRbZUwVuGMrwMBCW_MCyzrM6CtuaQ=mo,I enjoy using Spotify because it makes listening to music simple and convenient. The variety of playlists and recommendations helps me discover new songs and artists that I might not have found otherwise.,5,0,9.1.80.2221,2026-09-10 14:41:37,,,9.1.80.2221
53c68a92-a523-4579-9e74-8dc61deab33d,Nandita Gandhi,https://play-lh.googleusercontent.com/a/ACg8ocJjRsBMevMDyvL8pGqcmD581LPG2NRzkKRhhsZWCRqb7YILVA=mo,rrly good,5,0,9.1.80.2221,2026-09-10 14:39:19,,,9.1.80.2221
f6974295-e7a9-416b-845d-0f42b501b765,Siuli Bibi,https://play-lh.googleusercontent.com/a/ACg8ocJXscv6jX3H7lUrgUMeu2J-o0bfuE4ONzpSPmhV_xJrq9yPvA=mo,nice app,5,0,,2026-09-10 14:39:15,,,
369c6c71-4056-46ce-909d-37bbb263d6df,Mlungisi Sibala,https://play-lh.googleusercontent.com/a/ACg8ocKkaUbk7udtrUXxlzgQnK2Ql9CnKqnxFDMAkYV7CVegIjfZCw=mo,🔥,5,0,9.1.80.2221,2026-09-10 14:34:32,,,9.1.80.2221
95b019a0-2edd-4e28-8047-97f26633d8fa,Debjani Kar,https://play-lh.googleusercontent.com/a/ACg8ocKn-BtsBqFOgEP1ruLK3ts8kFHmi7pJ00lQWejPfoHiNo-d=mo,this app is not so good as when i opened and tried to control my listening it's asking for a premium version. I DIDN'T LIKED IT.,1,0,9.1.80.2221,2026-09-10 14:31:23,,,9.1.80.2221
53d47e86-4ddf-4ede-b3cf-1fe68670ed48,Emir Kaan,https://play-lh.googleusercontent.com/a-/ALV-UjXWOeAY8jf7pb0eiioc-cW-kEQzzM8Ql4J2TvOfAvOn8HSUfJg,pay to win ahh,1,0,,2026-09-10 14:30:11,,,
61c8e67d-8cee-4015-82ce-28dd8e671e72,Akshita Kumari,https://play-lh.googleusercontent.com/a-/ALV-UjXsPUZNX10h3QcZgyjQ7uyUSHZajDFUyrezPKRTUGB-Vik_uA81,the shuffle feature in free version is just so worst.... it just breaks my flow of mood..,3,0,9.1.80.2221,2026-09-10 14:26:26,"Hi! Smart Shuffle is enabled by default on our free service and helps introduce new songs to your queue. If you’d like to turn it off and have complete control over your music, you can explore our Premium plans at spotify.com/premium. If you haven’t tried Premium before, you may be eligible for a trial.",2026-09-10 21:25:26,9.1.80.2221
e6c7047f-a5b1-41d8-896e-c6e96104b2db,Shivraj Chaugule,https://play-lh.googleusercontent.com/a-/ALV-UjVZJhCAql9nuxyUB1WiQp5f0FU8aRY2XxihmuQo1RunEYxqzgA,Too good to be described,5,0,9.1.80.2221,2026-09-10 14:25:02,,,9.1.80.2221
2a02b271-04e9-4c56-b95e-4188e32fc6ae,Chisom Onuoha,https://play-lh.googleusercontent.com/a/ACg8ocIfo1if8ntTf9CJwd-2fl558DZ2MxJl0OC7Cfca5JkdPsCJyQ=mo,It's being entertaining,5,0,9.1.80.2221,2026-09-10 14:22:13,,,9.1.80.2221
5fbe0d05-b2d3-4c52-9396-3236c677a88f,Srivarshini Saka,https://play-lh.googleusercontent.com/a/ACg8ocJftede3_qPBlZmNCTZmrHNJMvvt4Wj7aOjpMqvyICZyeSu8A=mo,more adds less songs so I hate but don't have choice,2,0,,2026-09-10 14:21:24,,,
77c85b9d-ddf1-42d3-9afc-e874ae15cfb0,Sibusiso Mkhaliphi,https://play-lh.googleusercontent.com/a/ACg8ocLdeNtoi35FTkxMaix16bNZZOjTDF4fGJ-XHOCxDPnYU3yN3A=mo,Best of the best listening platform,5,0,9.1.80.2221,2026-09-10 14:21:18,,,9.1.80.2221
64caed7d-e8a9-40a2-a5c6-998518b9f152,Faiz Jalal,https://play-lh.googleusercontent.com/a-/ALV-UjUGqkhIHXJzWq-1XYiW7mazrS4Vz9ZLDvTgfTu7m8Mi7QNMusQP,"Spotify is basically my everyday music companion. I love being able to switch between playlists, albums, podcasts, and different artists depending on my mood. The recommendations are also pretty good at helping me discover music I might not have searched for myself.",5,0,9.1.80.2221,2026-09-10 14:20:49,,,9.1.80.2221
a968ceeb-e408-4014-96e6-6057bd57413b,Lay Whatever,https://play-lh.googleusercontent.com/a-/ALV-UjWq1kiLb8jAm8_-LqOIru4FCiPoMpNnfjTNGEaZdyVZrlK86I6R,"There is so much bloat and garbage on this app now. No customisation, and it shows me so many suggestions, I don't want! Also, you keep removing music I like.",1,1,,2026-09-10 14:20:25,,,
7cc4e6b6-1054-41ba-a480-02af48868a86,Rudraksh Das Adhikari,https://play-lh.googleusercontent.com/a-/ALV-UjXx2jIHjVtqzDnJi91Cxy0xIjAdwGzP3I_0U7RFl6XJDWbZSA,Best forever,5,0,9.1.76.2055,2026-09-10 14:20:17,,,9.1.76.2055
224bce66-0976-48b6-86ca-36894f782e19,Nebula,https://play-lh.googleusercontent.com/a/ACg8ocLIAi2J_7sOsSjG7nlY103g054JbD3JR6ZxKneFBBdSKeluGA=mo,"Add a feature to pick what tab to open on start up. The home tab is full of suggestions and distractions I couldn't care less about, I just want to listen to MY music. Also, let me remove the bloat under now playing. I don't care about ""song dna"" or the merch the artist has. I just want lyrics and about the artist. Just let me customise the app the way I want!",1,0,9.1.80.2221,2026-09-10 14:17:19,,,9.1.80.2221
d273e168-42eb-4134-b659-05569d1cbde1,Fazu Seri,https://play-lh.googleusercontent.com/a-/ALV-UjXUmYGPMF7lSUPEGQNpU3WymxQhwAcK0Aax5VEOnqHrEDxz_OFU,"Music platform that cannot be missed as it is not only for artist, but also for the talented musician to show their talent can find here. as im not really a mainstream listener but sometimes i do. so will be here to look for artist that is not sign under any label as their music is genuine 🤩",5,0,9.1.80.2221,2026-09-10 14:15:05,,,9.1.80.2221
fb7937a8-3186-4be8-a525-ca87855d0de2,Tumelo Tumisho Mashego,https://play-lh.googleusercontent.com/a-/ALV-UjVNLjShV6YqymQXSXTbxeGQUrsTLhdp_oGdsbhHdoGXkTbMYOtZ,"Spotify is the best in all music apps and the sound quality it tops all music apps , I've been on premium for 5 years going",5,0,,2026-09-10 14:11:42,,,
565c0de1-7a96-4e2e-b1b9-7903dd851c99,Manas Raj,https://play-lh.googleusercontent.com/a-/ALV-UjWtUBaKl9dpXdNPkvdS8fhLV2FC8pnHW6xJVynPYWVr2AR61XDt,It should also include offline music access without internet . We should be able to download songs.,4,0,9.1.80.2221,2026-09-10 14:08:17,,,9.1.80.2221
2cade080-5b26-4a3c-9854-2e242b4f83b2,Ame,https://play-lh.googleusercontent.com/a-/ALV-UjVznt6gjN4bjLB6TYG4Q2fKRx_Z69zqb-8EFNA3R95ATK6E8gdJ,"The only music app you should pay money for and use. Edit: since then, they just farted on user experience so it's meh now.",5,0,9.1.44.2120,2026-09-10 14:08:13,,,9.1.44.2120
0a752154-12f9-426e-a0f5-50528922bd53,Atul Thakur,https://play-lh.googleusercontent.com/a/ACg8ocIOwtrZ03VO0bCL7LJ7y5muJmvlUczmHS352cWxqP6Ue3tkFg=mo,best,5,0,,2026-09-10 14:02:46,,,
1e5b22b2-2d0a-45bd-b104-c4e4fecdb55d,William Baker,https://play-lh.googleusercontent.com/a-/ALV-UjVYJCIsZkUP4OXMGSwJKvqB0nOC51l5bbsdpHYAlYZtP0zQFEZ1kg,hi there is the link to my last email for the 7th and the morning of June is fine and Graphics,5,0,9.1.78.2218,2026-09-10 13:55:38,,,9.1.78.2218
4db0175a-a3a2-4748-9daf-545c3191c784,Rutendo Mandizha,https://play-lh.googleusercontent.com/a-/ALV-UjUUAyMzmrBtS04rnANC6lqrTwwMrzfEdrGQxN4tRjtAkHDC-iC14Q,I love it,5,0,9.1.80.2221,2026-09-10 13:53:04,,,9.1.80.2221
9d4800d7-ab5b-4bfc-b1e3-426ff0fa66eb,Tanvi Wadekar,https://play-lh.googleusercontent.com/a/ACg8ocLTVWC0G1BX1yVv2sgh1D9YeaSDAXIaHBYlbhh8n5r_6USWOQ=mo,Too many ads,1,1,9.1.80.2221,2026-09-10 13:52:05,"Hi! Thanks for leaving a review. To enjoy an ad-free listening experience, complete control, and greater flexibility, we recommend exploring our Premium options at spotify.com/premium. If you haven't tried Premium yet, you might be eligible for a trial.",2026-09-10 21:21:57,9.1.80.2221
c092bed2-1cb6-4dc0-b078-96bd7df66538,Ritta kalungulu,https://play-lh.googleusercontent.com/a/ACg8ocKcDE_Ufi7Q07nPb1ShA64Totbe31upART0jKqnkW84EN6iXw=mo,this is the best try out,5,0,,2026-09-10 13:48:40,,,
f4238622-3d00-4ac4-9386-75756e4797ae,Rosebel Carias,https://play-lh.googleusercontent.com/a/ACg8ocIRPUvyXnsA4YMorjcEIbteIi40rw2UvF-29w7tZFOZ4WpTSQ=mo,very nice,5,0,9.1.78.2218,2026-09-10 13:41:53,,,9.1.78.2218
14df120e-a04e-44ae-b75f-ab1834d1f213,UME Taha,https://play-lh.googleusercontent.com/a/ACg8ocKvxPVeoGUeuw4a8YPjxvw01-il7t5tBkhLzlp9QejNTUplIQ=mo,really good app I search any song and it comes up,5,0,,2026-09-10 13:39:52,,,
c8f2c74e-f338-4836-b6bb-9a2387695bc6,Kurana Bassa,https://play-lh.googleusercontent.com/a-/ALV-UjWxgfkTwSQqBtC31blc3cFwT-fsvSjTQHn5s_aSiecT8nH-dS9T,Very good,5,0,9.1.80.2221,2026-09-10 13:28:40,,,9.1.80.2221
9c83226d-c051-4210-81e0-20d721b2bd55,Schuyler plooster,https://play-lh.googleusercontent.com/a-/ALV-UjXlEe6eOOPQ09oICH4DHqyNPzdb2L6DVJOY9R_IQ6LM35NEcFyX,"it is great, but my nephew isv the one who told me 2 download it! So basically its second rate plain&simple",4,0,9.1.80.2221,2026-09-10 13:28:18,,,9.1.80.2221
96cb9ca4-26c0-46a5-9a72-58c587866cdf,Obasi Desmond,https://play-lh.googleusercontent.com/a-/ALV-UjXlNL0I2JgWQqtgBrSE6FJ6N61QKmdPQqSJHJKhsQ_2MGBq_V8,I highly recommend this app. the Lyrics also are fire,5,0,9.1.80.2221,2026-09-10 13:27:58,,,9.1.80.2221
a6c9cac9-6e3c-4ff7-bcfe-c1ff0d73aaf8,Karan Shing,https://play-lh.googleusercontent.com/a/ACg8ocK2kZLWgGShgVZm9MA6z6vUbP9yLXNgWG_Q97y0wbFQBfzJVQ=mo,BEST APPE,5,0,9.1.80.2221,2026-09-10 13:27:26,,,9.1.80.2221
0cd2b92f-b94e-474f-88c5-b47e412e96e8,Claire Kirby,https://play-lh.googleusercontent.com/a-/ALV-UjXQj7iGKI_yCu8isc_5b4PvQVh5LLL6_oqps_gYOJ2prSElc3k,"""You're offline"" no i am NOT. Super slow loading anything, expensive, annoying ads, doesn't work half the time, unappealing, changing constantly (for worse). Bad overall.",2,1,,2026-09-10 13:24:30,"Hi. Thanks for sharing your experience. Try clean reinstalling the app as this is a step above a basic reinstall and it fixes many common issues. Just search ""Reinstall"" at support.spotify.com. For the message you're getting, search ""Spotify is offline"" on the same site. For additional support, reach out to us by searching ""Contact us"".",2026-09-10 21:24:29,
979b35a8-635d-46e8-8921-a4dfe7b88afe,Gian Bajo,https://play-lh.googleusercontent.com/a-/ALV-UjVW0OHNHjSNDfGQ7Aj9xXLUS9U6LUR_JF19HK9eNzSGD_CRUYNP,"It relieves stress, especially when it's a sad day and you don't have much to do, it's really nice to listen to music here.",5,0,9.1.80.2221,2026-09-10 13:24:06,,,9.1.80.2221
2d0d6388-b0ec-41d5-b0db-6978deb2d5e9,Pita Cavusara,https://play-lh.googleusercontent.com/a-/ALV-UjWIj9FvA5O8V0FChKwpxURBB2HmoW_adDsAz2zPFBJDqv-dJ1s,best,5,0,9.1.80.2221,2026-09-10 13:22:56,,,9.1.80.2221
7adddb56-610e-4fde-b23c-2bcad6f3ca2f,Jeffrey Damulag,https://play-lh.googleusercontent.com/a/ACg8ocITfjXifPL_FNJCgLF5JlWT7d2XDSEKcdG6DNCOr--4yrZPhQ=mo,i want a refund for my payment here cause it deduct me twice I still have 9 days before my next subscription but it automatically deduct me even before the expiration,2,1,9.1.14.864,2026-09-10 13:22:11,"Hi. We're open to feedback, and we'd like to get some more info about this. If you have the time, give our Customer Service a shout. You can find them by heading to support.spotify.com and searching ""Contact us"".",2026-09-10 21:13:37,9.1.14.864
9a7c918e-4f20-4e9b-96b2-0dfe5fbcbc46,Mbulelo Dikana,https://play-lh.googleusercontent.com/a-/ALV-UjXhdjL78FfvVtliq3Su6cp3SQN8lQy4M8GZ5bZtbY6m2Au69Bnf,exceptional! tune in any hour for that session,5,0,9.1.80.2221,2026-09-10 13:20:31,,,9.1.80.2221
66a7771d-3b3b-4e51-982e-863e386eb4c9,Eric-Leo Kane,https://play-lh.googleusercontent.com/a/ACg8ocKhThKOd2HuRKjMx2lQ3uNPCRhaLnlE5t6Hdn_dQmw_b9t24A=mo,"since the new update, it drops out heaps while using Google maps, and when trying to press play again, it won't play until you close the app and reopen. not ideal when driving.",2,0,9.1.80.2221,2026-09-10 13:18:51,"Hi. We suggest checking your phone settings to ensure Spotify is allowed to play in the background. If that doesn't help, we recommend reaching out to our Customer Service at support.spotify.com. Just search ""Contact Us"".",2026-09-10 21:24:31,9.1.80.2221
eaa5fcce-12bf-4608-8ce3-29bf5200cd87,A,https://play-lh.googleusercontent.com/a-/ALV-UjUHc07R79DXUYrppzDcHNM4IUwe0iqGsCASkR47rSZhV-RplcFk,pay for the full version. can't even reorder songs in the queue. app is broken,2,1,9.1.80.2221,2026-09-10 13:18:51,"Hi. We're open to feedback, and we'd like to get some more info about this to further check. If you have the time, give our Customer Service a shout. You can find them by heading to support.spotify.com and searching ""Contact us"".",2026-09-10 21:20:24,9.1.80.2221
9ee45c84-fa93-4f0c-ad1a-259b246b8689,Satish Gupta,https://play-lh.googleusercontent.com/a-/ALV-UjWqXZYkoijHJbCFS5SoFwe7-snN7lhdkSu4H06HfuBk0iSqvXa9,nice app,5,0,9.1.78.2218,2026-09-10 13:18:13,,,9.1.78.2218
fecac00e-4ce8-4560-b28d-03850ac956d3,Sejal Yadav,https://play-lh.googleusercontent.com/a/ACg8ocJcQDUBWCgbzvjREHN8DGyfRBeNfBACJsca0Y5nTlGPSj19tg=mo,only add and earning money motive I don't like the service,1,0,,2026-09-10 13:16:43,,,
7ca41c41-d8c3-4227-8d39-35a0326b10e7,Nelson Woolen,https://play-lh.googleusercontent.com/a-/ALV-UjXcOVtYMt3mABji6yNXqiVh0_VUvRh_qgCnImbesvt6ivoVq-j2UQ,"I can't sort my play list, can't add my wife to my plan...",1,0,9.1.80.2221,2026-09-10 13:16:17,"Hi. We're open to feedback, and we'd love to get some more info about this. If you have the time, give our Customer Service a shout. You can find them by heading to support.spotify.com and searching ""Contact us"".",2026-09-10 21:14:56,9.1.80.2221
4b65c239-17b9-4fd5-9da4-74ea9088b17f,Bob yuva,https://play-lh.googleusercontent.com/a-/ALV-UjUMDCVPnlkVLUCYD8fy0hWZUgAJEVRmmJQ22vDIkPz8nYWL9jSK,good 👍😊,5,0,,2026-09-10 13:15:33,,,
dcc539aa-31ba-43f5-a883-7b3a349149f3,amit kumar,https://play-lh.googleusercontent.com/a/ACg8ocLcKHuH8Ze9PZvFfiDEmX-Ry8twAfP46uoj33kiwR0R3-6mdw=mo,😞,2,0,9.1.80.2221,2026-09-10 13:13:27,,,9.1.80.2221
fb62950a-1c60-4d85-97ea-a4780ed5d943,Nnaemeka Noble,https://play-lh.googleusercontent.com/a-/ALV-UjW2mbEP-EVIEfDWenGSD2HRCVnCpSvjRE46-AUdTIgpfKZ6NkoT,amazing,5,0,9.1.80.2221,2026-09-10 13:13:05,,,9.1.80.2221
b271bd9a-3744-44d6-adee-4e9376dbfc24,Samir Mehmeti,https://play-lh.googleusercontent.com/a-/ALV-UjXRWlfizU1ZpA8QLXp8hh_GAre0PQfAqxYFUAlEh8-1wvnt9lI,😩😩😩😫 the same file,4,0,9.1.80.2221,2026-09-10 13:11:56,,,9.1.80.2221
951a3b46-ec20-405e-8716-45123a388a90,Akinwande kayode,https://play-lh.googleusercontent.com/a-/ALV-UjVbervT1Yq2quxIE4dUyu_12x71WPnVzn4BSjPsQx1RWgn8Zsb9,Baddest,5,0,9.1.80.2221,2026-09-10 13:09:42,,,9.1.80.2221
2e979771-fd88-4c2c-bc75-9e1c25576f5f,Mudit Airan,https://play-lh.googleusercontent.com/a-/ALV-UjWzx-1YEc_QodjDjMm6xbGAEWX9BXqsKhjYwa3iebdMS4bjyjB3aA,works well for all moods and occasions,5,0,9.1.80.2221,2026-09-10 13:08:06,,,9.1.80.2221
e2e8899d-f01f-433c-beb1-57a412ec312c,Aditya yadav,https://play-lh.googleusercontent.com/a-/ALV-UjUloT5v938FH8-j640LJWSO2PpCl97LM4kJ2w81VTCdPar60V8,too good try yourself once it fine up to you,5,0,9.1.80.2221,2026-09-10 13:03:56,,,9.1.80.2221
fac6fcca-8806-4934-bc38-4dc85eb065e8,Tshepang Malope,https://play-lh.googleusercontent.com/a/ACg8ocJPTgZRozSsmZMJi4I7fkc_ykQC9mJBTAfrVn-_JLbL3-Qh1g=mo,Love love the app. insane convenience,5,0,9.1.80.2221,2026-09-10 12:59:01,,,9.1.80.2221
249c4588-6fe0-4076-9dbd-5ff93695930d,Aylin fung,https://play-lh.googleusercontent.com/a-/ALV-UjUpKVahxSj2Sc0AgCSwu13JNBykMgyInSzz2Mp3Xe8FcEDTzr8,best songs but to much ads,5,0,9.1.80.2221,2026-09-10 12:55:55,,,9.1.80.2221
8236e4bd-549c-46f2-9186-6361bc99935c,Curtis Simpson,https://play-lh.googleusercontent.com/a-/ALV-UjU-z--q7oCjLiuw63-Xv1fP6D6R38cyKKnOYFcT1k4TL1jArat2,"music, books, podcasts and I have the whole family on my plan for a reasonable price.",5,0,9.1.80.2221,2026-09-10 12:55:09,,,9.1.80.2221
7c517249-b1af-4639-89ff-d0642827bfd5,san s,https://play-lh.googleusercontent.com/a/ACg8ocIBAKdEorytPXwd3VDIYspvZFArXIluAm_7QD91m4csjzEfKw=mo,feel relax and mind. try to sing,5,0,9.1.80.2221,2026-09-10 12:53:27,,,9.1.80.2221
6b854ae9-c326-4bd7-857e-cb6daae95cbb,aQuestDina,https://play-lh.googleusercontent.com/a/ACg8ocJs9PM-1TQ-TN0IB-Votiyb9dXAh4N_4B5RHAcd6SnIotUXYg=mo,"The group mix has been a life saver between my friend group, we each have song we want to play for each other, befroe this we always fight (very subtle) for the connecting phone but now we just to the queue",5,0,,2026-09-10 12:49:28,,,
5b7d776a-ea22-43bf-8076-4edc961399d7,Mahesh Mahesh,https://play-lh.googleusercontent.com/a-/ALV-UjXiqmK_98fW5v1YMzHAIklNSK7DRpRLW30hUI-b_5U97bc5WX4H,super song's,5,0,9.1.78.2218,2026-09-10 12:45:06,,,9.1.78.2218
fcf38ed8-a6dc-40e2-826a-96a12b9f135c,Sophia Mora,https://play-lh.googleusercontent.com/a/ACg8ocL3QtfLpc7N6_vL2poAYnTgRNV2kIC1ulYtJeCpiK0-tAgD4bnw=mo,exceptional 🤩,5,0,9.1.80.2221,2026-09-10 12:36:24,,,9.1.80.2221
fbff17c0-40db-47bf-94e4-b82f6106e4b5,Siyabonga Nkosinathi,https://play-lh.googleusercontent.com/a-/ALV-UjVnOw0hAQ2G9jSFSicV_uglp6B4Pc3mR6Vtkl5b-cze6F4a9xPk,Best music player so far.,5,0,9.1.80.2221,2026-09-10 12:34:11,,,9.1.80.2221
480d8400-2a5a-4a57-8509-e31db3c5d2f5,Project Monkey,https://play-lh.googleusercontent.com/a-/ALV-UjWEFCk195axzAhLppX4vEvKJS8a-Xt9OdgUJmHXOXFmg8xESPGe,I been using app for 6 years And my experience with the sound quality on how u can change it is fire,5,0,9.1.80.2221,2026-09-10 12:34:01,,,9.1.80.2221
ce5e91b0-9621-40d3-8fab-24ea2b2529c1,Emon Samanta,https://play-lh.googleusercontent.com/a-/ALV-UjVzH-NxdGlc2NO3rbymCPJ4rRUb869DNrj8fspWW8eiFtCerH8t,good with premium,4,0,9.1.76.2055,2026-09-10 12:33:07,,,9.1.76.2055
539a48b8-e3b7-47de-abf9-9f00219e81f5,Michael Fox,https://play-lh.googleusercontent.com/a-/ALV-UjUmk8Lycz7fBpHAAyFLc_rw5RGLeUFxjxv1BMjuMy6o2Sx-rXyM,absolutely pointless. inconvenient.,1,0,9.1.80.2221,2026-09-10 12:31:45,,,9.1.80.2221
51be82ee-185d-461a-aff1-306347ac0d11,Navyush Singh,https://play-lh.googleusercontent.com/a/ACg8ocKCVYwR05Fqx-pj6EZxEQNx-9l6QbNTKzj49Ii0UR4UiF_Psw=mo,control acche se nahin hota gana chalta nahin Hai,2,0,,2026-09-10 12:31:13,,,
70584aad-c17e-4376-a073-d7ee7b5494e7,Willow W,https://play-lh.googleusercontent.com/a/ACg8ocLxCV4cmQRZc13WrNPYUmqCzK18WQDKxIJRLxdJVdJnL25-5Q=mo,"They donate money to hateful Politicians and show advertising that openly defends and perpetuates hatred, as well as military tech. I've canceled my subscription, and I've deleted the app. I am not going to support this. They've become not user-friendly over time as well, way too many ads in general, and now it's just not worth suffering through it anymore. they have also removed protest content. And now they have forced arbitration, which is very telling.",1,0,9.1.80.2221,2026-09-10 12:30:36,,,9.1.80.2221
a0f7f75e-68e7-45cd-ab06-ad11e20e91af,Aymane Boutouatou,https://play-lh.googleusercontent.com/a/ACg8ocJJ_3D2pHouOIDZKXOeZvxtlJ7y8onRLZcSvDoW9eONI6JAakw=mo,i love the app but pushing three ads at the time every two songs just to make me get the premium subscription is evil . i'm broke as hell and i'd settle with a normal music player and a 3rd party music downloader just to be able to listen to an album the way it's creator intended,1,0,9.1.80.2221,2026-09-10 12:27:04,,,9.1.80.2221
2014357e-1715-4e8b-8606-df0c84244dc5,Rademene Bassey,https://play-lh.googleusercontent.com/a/ACg8ocLg_ulXT3DOe4NPnf_w5_Pi6VzUFc8nx9BBcSOSI0gW5rW6yA=mo,awesome 😎,5,0,9.1.78.2218,2026-09-10 12:26:47,,,9.1.78.2218
4169c6e1-0081-4397-a7ed-0416979e5073,Ellis Bowen,https://play-lh.googleusercontent.com/a/ACg8ocKi59WEPrprMC21xTCIn73YElixOQ8UbTeIH3JRVYQ4GWArSA=mo,"Started getting adverts on a paid account, and the app has become over developed. Will be looking at alternative apps",1,0,9.1.80.2221,2026-09-10 12:26:11,"Hi. Do note that you may still receive ads within podcasts, but not between music. For now, have you tried logging out then logging back in to your Premium account to refresh it? If that doesn't help, we'd recommend reaching out to our Customer Service at support.spotify.com. Just search “Contact Us”.",2026-09-10 21:02:46,9.1.80.2221
82feafd9-a4f5-430f-b36c-c6b7717e740d,Angel B,https://play-lh.googleusercontent.com/a-/ALV-UjUoNV9gLcQREdoOLmzhXVnClFTZlxvY8T880Gf_jJYGInv0eARf,poor app performance,1,3,9.1.80.2221,2026-09-10 12:23:54,"Hi. Have you tried a quick reinstall? If that doesn't help, we'd recommend reaching out to our Customer Service at support.spotify.com. Just search “Contact Us”, and they'll be happy to help.",2025-04-17 00:05:00,9.1.80.2221
34e7bd0f-53bb-42d3-ab38-d17df452bf75,Tegan Lay,https://play-lh.googleusercontent.com/a/ACg8ocLyoI4OFMcbNcjxRgIAF1cFzbTDZ_CGvyjxU5o7oqTODBqDJQ=mo,do you get to listen to any music you want and you don't have to pay it's completely free download this app today this is my favourite song right now love song by triple charm bye I love you guys and mostly Spotify,5,0,9.1.80.2221,2026-09-10 12:20:28,,,9.1.80.2221
fa61f60c-a905-4567-baaa-870481bfb506,Sara Vogt,https://play-lh.googleusercontent.com/a-/ALV-UjVHBQ4FriZooV6qkJnl_qan_LVuSnjfvlznkmH7xNaFtcgiVjSZ,love it!!! I've been having an account with them for yearzzzz!,5,0,9.1.80.2221,2026-09-10 12:19:24,,,9.1.80.2221
ed9f068e-8331-4226-a129-bb9ec7363290,Tabassum Khan,https://play-lh.googleusercontent.com/a-/ALV-UjViTIIyWagzfX6zrFUHCMv61wqBPbpt-3-_Iqs2KZZ3PUrbgHo,this is too great aap for musicians and singer,4,0,,2026-09-10 12:17:28,,,
45e3afa6-1cf9-43db-a560-39a92fcaefe6,Sofacity Furniture,https://play-lh.googleusercontent.com/a/ACg8ocKLY1DfKZE1VhsFrus8zlt88896ayGXmrQjjs9rr-uaS14LAg=mo,good features,5,0,9.1.80.2221,2026-09-10 12:15:43,,,9.1.80.2221
8dbadb7d-2f04-4fbd-b552-d4330715794a,Mikayla Erika Jamias,https://play-lh.googleusercontent.com/a-/ALV-UjUpkVxg1CXUuBXy4COBMQ0N7awvXEPoQqOrYusKZRPMPNRSb0ny,It plays while browsing,5,0,,2026-09-10 12:15:29,,,
2d3048a3-04c7-411d-95e5-88a6679a449a,toktam kompani,https://play-lh.googleusercontent.com/a-/ALV-UjVHe_2B9d43KBKiJaualeBOanW3rqHwL00wwgotltpLwEfkSgQ,this app is perfect,5,0,8.7.92.521,2026-09-10 12:12:22,,,8.7.92.521
7b672f53-3464-4e1e-90d9-7952f30b0749,arnest mutethia,https://play-lh.googleusercontent.com/a-/ALV-UjVPbK-JbadncmdBNh_BCghDFg2AhsIlI-JeIt3AgjqfSAUfnJV0hg,fantastic,5,0,9.1.78.2218,2026-09-10 12:04:08,,,9.1.78.2218
72d96711-1964-4ebc-93bd-55e6a0483278,David Go,https://play-lh.googleusercontent.com/a-/ALV-UjWMt8mDQChUllDo1y9CBGLiXg9f_js-py5ocoY55aa9I9dbE_I,maganda,5,0,,2026-09-10 12:01:21,,,
a567e5eb-cc77-4c48-b934-08fdd0aa22e8,Galhvv Buyntoghtoh,https://play-lh.googleusercontent.com/a/ACg8ocKiHiAf51iWMXSrW4GDyiVCmqEOMMV3E392XWmJc3YzagyX7w=mo,not working..,1,0,9.1.80.2221,2026-09-10 12:00:28,"Hi. Thanks for reporting this to us. Have you tried a quick reinstall? If that doesn't help, we'd recommend reaching out to our Customer Service at support.spotify.com. Just search “Contact Us”, and they'll be happy to help.",2026-09-10 20:54:29,9.1.80.2221
7f8cba19-c844-4dad-8a1d-bf2efd74a088,Arbeena Rasool,https://play-lh.googleusercontent.com/a/ACg8ocKQv1OR0HVrCDShL21ar1yNictPTjRt95ybr5qSejNixpqn8A=mo,I don't like this app only shows get premium and no option to download without charges,1,0,8.7.56.421,2026-09-10 12:00:21,,,8.7.56.421
79af0ae4-531f-46ee-a923-e581da85a7a9,aaron ross,https://play-lh.googleusercontent.com/a/ACg8ocIDGco-PaSPFEamsA1hK34EfBB3w2TJC2fzADF42Tu1mlCMXg=mo,neutral,4,0,9.1.80.2221,2026-09-10 12:00:01,,,9.1.80.2221
b9a2c5e7-cdd4-45b6-a2ff-45dd82bfa673,Jon Sapkota,https://play-lh.googleusercontent.com/a-/ALV-UjWeAifhIZ4zJ7aSJn7prbA7J7rh_T2hSOoUuFuqXFQxhBY4VMIx,too many ads I can't even listen more than two songs in row and also the ads are taking too much time it's have like 2 minutes of ads only i request to Spotify to have less ads please 🥺 other than ads everything is very good 👍 my kind request to Spotify....🥺,2,0,9.1.76.2055,2026-09-10 11:57:09,"Hi Jon. We appreciate your feedback, and we'll pass it along to the Ads team. We'd recommend reinstalling the app as it fixes many common issues. Just search ""Reinstall"" at support.spotify.com. If you need more help, you can reach out to our Customer Service by searching ""Contact Us"".",2025-12-25 18:03:20,9.1.76.2055
1ea672b8-a146-48c6-94c3-13710502351a,Blessing Destiny,https://play-lh.googleusercontent.com/a/ACg8ocJ2x2MyvEizoM3YFR5jgeWBqwBXnx0GVp1e86ukCHzKexiBkg=mo,best of all,5,0,,2026-09-10 11:45:06,,,
99c98232-cb4f-4fdc-8407-0bea47626e91,Philly Flame,https://play-lh.googleusercontent.com/a/ACg8ocIdsCdZWPF8v68ilqeHwRFCXXyhPO0qwFl1RPclFOZnY1ZEiw=mo,this app is just amazing 👏 especially when you are on premium,5,0,9.1.78.2218,2026-09-10 11:35:05,,,9.1.78.2218
2c23b2c7-5c25-4fbd-9089-fe945ef9c964,Terry McCoy,https://play-lh.googleusercontent.com/a-/ALV-UjWRjgLlNLWTCAn_h7ZZpa2pKRs_Glt31ilapfXwOZjPkIViDHwc,Love freedom Spotify gives you with it's offline features and more.,5,0,9.1.80.2221,2026-09-10 11:32:55,,,9.1.80.2221
eafb54c0-2c1f-4a06-b1d5-ebaef0d8be33,Ain Mazlan,https://play-lh.googleusercontent.com/a-/ALV-UjUaSrd44wE-gzB1G1efsRV6-17_s4ikLrnCJnDnSYv8J8jsHCXA,good app to listen to music but so many ad..u guys so try premium,5,0,9.1.80.2221,2026-09-10 11:28:39,,,9.1.80.2221
9fb2fbac-6dea-4903-afd0-6481ae00d9da,GD GMRZ,https://play-lh.googleusercontent.com/a-/ALV-UjWnj-HHYX_z6UD79VuEpL6mt9HaOJi1mng4jIFzx8B8jSagKmC-,"Title: Music lovers ke liye best app! Main kaafi time se Spotify use kar raha hoon aur iska overall experience sach me kamaal ka hai. Sabse pehle iske features ki baat karein toh Spotify Connect lajawab hai—phone se laptop ya smart TV par gaana switch karna bilkul makkhan jaisa smooth lagta hai. Dusra, iska recommendation algorithm itna strong hai ki Discover Weekly aur Daily Mix me hamesha aise gaane milte hain jo seedhe mood se match kar jayein. App ka UI bohot clean aur dark-theme me premium",5,0,9.1.22.1630,2026-09-10 11:27:01,,,9.1.22.1630
6c05f6f7-cbff-491e-82a6-472bf7e62dc5,Lenise Cohn,https://play-lh.googleusercontent.com/a/ACg8ocKw0Sw-fXdoRjMoPipCZm6j9w0oN2nEzJxPUfRpmEQpEMZdJQ=mo,I love Spotify ... I am an old '70' s rocker AND my playlists -+ I LOVE 'EM ...,5,0,,2026-09-10 11:26:31,,,
5ec9c40c-0f86-48a1-92a8-d559ae21ab06,HRX YT,https://play-lh.googleusercontent.com/a-/ALV-UjXVvhSsvsY9SRcvHMFSiOzJCWkWXiElRlp0968z_HlCEM0dwTM,after buying premium it's cooll but but the interface lack something...,4,0,9.1.80.2221,2026-09-10 11:26:18,"Hi. We're open to feedback, and we'd like to get some more info about this. If you have the time, give our Customer Service a shout. You can find them by heading to support.spotify.com and searching ""Contact us"".",2026-09-11 03:11:01,9.1.80.2221
8b5924e0-0553-4ea5-aeb6-ed23327211fe,Abdulwaris Shaikh,https://play-lh.googleusercontent.com/a-/ALV-UjWK5-gVAQhpRYKfRjL7Flrra7BTl49y1_Gleu7VqKgZgz_EEAO-,wost app forever because after one sony played app give four ads,1,0,9.1.78.2218,2026-09-10 11:25:26,"Hi Abdulwaris. We hear you and we'll pass your feedback along to the Ads team. If the ads are excessive for every ad break, you can try a quick reinstall. If that doesn't work, we'd recommend reaching out to our Customer Service at support.spotify.com. Just search “Contact Us”, and they'll be happy to help.",2026-09-10 20:54:00,9.1.78.2218
5fabe99a-8796-44d9-a026-c22a94ac8a2e,Abdul Rauf,https://play-lh.googleusercontent.com/a/ACg8ocKJSr6Wbdl4S528sBDdYg6VrTB5GNo7gHjRI7JvVjRd-yu7VQ=mo,nice song application,5,0,,2026-09-10 11:24:49,,,
95b5c9c2-f753-403e-b805-ce181265c471,uchechukwu Samuel,https://play-lh.googleusercontent.com/a/ACg8ocLhG1g_x6GxKU-oZF9-0gmIUn0tZD1KKLdGazwipXdXS7BdLA=mo,perfect,5,0,,2026-09-10 11:24:25,,,
ed0cedb1-d271-4c31-85e5-33747352c00a,Omolu Isaiah,https://play-lh.googleusercontent.com/a-/ALV-UjV7mnQ_6aJO2EEHNIsZ4apmVJM0F3XfAu808EyRPjXm67-MOV-B,excellent,5,0,9.1.80.2221,2026-09-10 11:23:40,,,9.1.80.2221
f50654dc-6419-42a1-b640-e0787f4a9ab0,Arvie,https://play-lh.googleusercontent.com/a/ACg8ocKE_HFw2Lur6RAvGWrQdDRqgMcbnfdArnYT6N2b1gMWL-u3Udyv=mo,"the shuffle doesn't even work, how am i gonna subscribe to you guys?",1,0,9.1.80.2221,2026-09-10 11:21:48,,,9.1.80.2221
6b31d68e-803f-432c-b93a-53a0a2b44484,Charles Kioko,https://play-lh.googleusercontent.com/a-/ALV-UjWjLVhtZ1HQnNxPVipcsOR8KRQUYN2YI60b7Hr6_5bFAyDL-rRaXw,good,4,0,9.1.80.2221,2026-09-10 11:17:34,,,9.1.80.2221
548c9625-feae-4bf5-a3a3-5f92480cb3b1,Ross Labrat,https://play-lh.googleusercontent.com/a-/ALV-UjW-y23Bbtva_MWBsa16r3FBpolao7tyND0BT2pC-TzO_UOZHJ0l,"Me screenshot-ing a song while I'm in the app... doesn't mean that I want to share it to other apps or friends, I just wanted to screenshot certain songs instead of adding them to ANOTHER playlist. And because I enjoyed the cover image. Why is there a forced auto share feature? No. Please no.",3,0,9.1.44.2120,2026-09-10 11:16:30,,,9.1.44.2120
9116e09a-6b64-46ab-a007-64fdf4e0c805,Aliyya,https://play-lh.googleusercontent.com/a-/ALV-UjUY7pePjVvvFYQ3mwWOKlIwpMmpaT4dIHO35KN1SN3NsK3Gz1ch,Great music streaming app with a huge selection of songs and playlists. I really like how easy it is to discover new music and organize my favorites.,5,0,9.1.80.2221,2026-09-10 11:13:54,,,9.1.80.2221
6070f07d-6d12-41d7-9df9-2ebe5ccde35e,Ambura,https://play-lh.googleusercontent.com/a-/ALV-UjUNaBhKxizcQ8m0_hx4wg5ppZ3bcQaWVbVGLUV3416ltsp-Q7Yv,still missing content specially metal,4,0,9.1.80.2221,2026-09-10 11:13:23,"Hi. We appreciate your feedback. Our catalog depends on permissions from rights holders, and can differ between countries. To learn more, go to our Support Site at support.spotify.com. Just search for ""Missing music or podcasts"".",2026-09-11 03:09:34,9.1.80.2221
c826a53a-ef24-47ef-853e-ba91da05d1d1,Matthew Boyd,https://play-lh.googleusercontent.com/a-/ALV-UjUxhvejnP-0Z0B5gkt-0mvW06huEfaek7TBn6JdrAWat4nE2SQ,Lots of fun! Plenty of new music to enjoy.,5,0,9.1.80.2221,2026-09-10 11:13:01,,,9.1.80.2221
4863582a-0282-4193-8782-536f31a12b80,Aniesin Harrison,https://play-lh.googleusercontent.com/a/ACg8ocJGTIO1jbgSpL9HDwsFrIHqJsGHwzDNPvIXcLFQuGVXIYeWUg=mo,Perfect platform for music,5,0,9.1.80.2221,2026-09-10 11:11:50,,,9.1.80.2221
8a9277a7-a660-43c0-8fd0-357a562c9645,Muhammad Shanu,https://play-lh.googleusercontent.com/a-/ALV-UjUsnqaqnBEs0y18sPhwym1V8etMFams7vcZUNm45wr_s_MpAujX,cause I can't play 3 random without a ad pooing up but overall it's really good,4,0,9.1.80.2221,2026-09-10 11:05:46,"Hi. We appreciate your feedback, and we'll pass it along to the Ads team. For an ad-free experience, we'd recommend checking out our Premium plans at spotify.com/premium. If you've never had Premium before, you should be eligible for our trial.",2026-09-11 03:09:11,9.1.80.2221
ddf668af-fcb3-4e8c-8fc6-428618ecce37,Balkees Balki,https://play-lh.googleusercontent.com/a/ACg8ocLsorGa9hductV0fCGlCVNAgpNIpIxWC23e-yCgT8-_ZP46DQ=mo,this is a very good app and all song avelable,5,0,9.1.76.2055,2026-09-10 11:05:36,,,9.1.76.2055
87abe4fc-bac5-48a0-8ac7-b3682b9a7fc8,Joseph,https://play-lh.googleusercontent.com/a/ACg8ocJ2NTnZsBlgJOx59lToPELBtFjh7Z6HuePEhWC9RSsjcXsk8w=mo,Simply the best!!!! Still the best!!!!,5,0,9.1.80.2221,2026-09-10 11:04:16,,,9.1.80.2221
144ebad4-30ed-4808-82be-73ec723ed4cb,Krishna Sharma,https://play-lh.googleusercontent.com/a/ACg8ocKs0vIdOool29AfLX3-fVqP5mQDF1J0-ieSPpgE8Z-YbVS0lA=mo,bad experience,1,0,,2026-09-10 10:59:11,,,
338edd8f-82e7-445d-821c-939bd847ab7e,Angii C.,https://play-lh.googleusercontent.com/a/ACg8ocLBgRq4Tj3mqaF8zO60qByvDz9C_Aey3eaywCM-5kf60EK-mg=mo,it's very nice but the ads are annoying😫,4,0,9.1.80.2221,2026-09-10 10:56:59,"Hi. We appreciate your feedback, and we'll pass it along to the Ads team. For an ad-free experience, we'd recommend checking out our Premium plans at spotify.com/premium. If you've never had Premium before, you should be eligible for our trial.",2026-09-11 03:08:41,9.1.80.2221
a8147f1f-adec-4fc3-a428-ba595fac384e,Dennis,https://play-lh.googleusercontent.com/a/ACg8ocJswFi8XKZW3tk_MMDlH8dOTkWrfIEddWm252xxognE9p3vWQ=mo,had the best experience,5,0,9.1.76.2055,2026-09-10 10:53:06,,,9.1.76.2055
72417464-a83a-4d02-a1fa-6fa8aba999fd,Sello Mohloboli,https://play-lh.googleusercontent.com/a-/ALV-UjUi-Rr1XW5wpouGGJ_QhWZlj5t_p-JvPm9odGK1Ev9w7fSDv-g,absolutely love Spotify! can't live without it,5,0,9.1.78.2218,2026-09-10 10:52:00,,,9.1.78.2218
2240222b-a8a1-4a3e-8789-847748de2884,Steven Seagal,https://play-lh.googleusercontent.com/a-/ALV-UjXDex7EFbeOTCR-8LiHueCeJy3gFkODsZI5tkNcfOIyHXzBJAZu,love how you can share between all yhe other platforms,5,0,9.1.80.2221,2026-09-10 10:47:12,,,9.1.80.2221
79d83695-bdae-4808-af1c-f77d4c6e1229,Sunday Cyrus,https://play-lh.googleusercontent.com/a/ACg8ocJKUMjs3RUmQnvfJT4SdfPEePZJIhLGUinkvRc3t0Ji6j7ppg=mo,so so good,5,0,,2026-09-10 10:46:43,,,
c76d9201-9499-4914-9948-455f19563600,Mikey,https://play-lh.googleusercontent.com/a-/ALV-UjW91ZbaaZTkXMWOwQ-k5lUiBVEIBQrCzqBeZXhxAaoQ_gi8xCE,"Ads, think of that.",4,0,9.1.80.2221,2026-09-10 10:45:08,"Hi. We appreciate your feedback, and we'll pass it along to the Ads team. For an ad-free experience, we'd recommend checking out our Premium plans at spotify.com/premium. If you've never had Premium before, you should be eligible for our trial.",2026-09-11 03:09:56,9.1.80.2221
37300f45-35e0-4415-bc2c-c98e24e1eedd,Shedletskey,https://play-lh.googleusercontent.com/a/ACg8ocJ2bV8iXGNNAjFgBJir1oRhsTyo2Do80hKSl1VCz6QTU4w_tw=mo,it was easy to use great music,5,0,9.1.80.2221,2026-09-10 10:42:45,,,9.1.80.2221
bd5a5e2f-8816-44c0-a304-b738038dec47,Prasad Jadhav,https://play-lh.googleusercontent.com/a-/ALV-UjUkTOni6J1pSb0sgaROmYLZHEI5rS87mLzb-0kIcGmLP8xfM1rg,"Beautiful App, All genres songs Available",5,0,9.1.76.2055,2026-09-10 10:42:12,,,9.1.76.2055
fa30f0ac-970d-4d4b-8c59-ffb8d3df23ce,D A,https://play-lh.googleusercontent.com/a/ACg8ocK97KmygayjtMRpuoVWNUIT4yxaOackLodearQih5y0ZJG4CQ=mo,replays the same music on every shuffle. overpriced. music recommendations have just become another form of advertisement,1,0,,2026-09-10 10:40:36,,,
957689b8-9184-4c1e-a6c1-576df4d4ec04,Chuen Leung,https://play-lh.googleusercontent.com/a-/ALV-UjX0gT-bV1nw_3zJlKIuUxSBLFn9yA-WpDWQnzeqlwn9_q_VpBs,NICE,5,0,9.1.80.2221,2026-09-10 10:38:58,,,9.1.80.2221
a3c0c403-74a8-4cce-9c23-37b77a15c9d3,MOM Cooking & Vlogs,https://play-lh.googleusercontent.com/a-/ALV-UjUXY6jpmmFwukz0MLUXZNkqodAMAs6ESoc3aLVajItovHZKQ1uQ,nice,5,0,9.1.80.2221,2026-09-10 10:36:06,,,9.1.80.2221
d29de450-3dcf-4179-ac8a-74625653ba71,kabuye Nicholas,https://play-lh.googleusercontent.com/a-/ALV-UjXBho5PACKN9Oqr99-tZaHGyVoZLMVL4KbStbR4z0WP-6qelTMG,fair,5,0,9.1.80.2221,2026-09-10 10:32:55,,,9.1.80.2221
50f63c29-8c0d-4262-87cc-910f43d6ffd7,Maro Hussain,https://play-lh.googleusercontent.com/a-/ALV-UjXXau4CtLRjlbJwDjkvdnlOGll7NHbCyPqJyEuWRUuqaxlFyj9Y,free ?,1,0,,2026-09-10 10:32:18,,,
7dac1a29-d340-4226-8f47-92bed1f3f1ff,Erika Mahinay,https://play-lh.googleusercontent.com/a-/ALV-UjXz8ecrteeBCQefGnHjWoIuA4IcehqAshzxkYTif1oVsADMzjA,its good,5,0,,2026-09-10 10:30:41,,,
ae1c5cc5-7202-4296-bebb-c29b84550cf7,Jake,https://play-lh.googleusercontent.com/a-/ALV-UjX3dh1mEdk3GHAVgBqz1rQxGazPDlNpTjniXgBdQk6K_9twLIqC,"It's a fantastic app. The free version is good enough. but they push an outrageous amount of ads. and you can only pick what songs you wanna listen to so many times before it gives you the ""try the premium box."" it's just criminal",4,0,9.1.80.2221,2026-09-10 10:30:23,,,9.1.80.2221
691073d0-7485-4004-92e2-1ff097f4109c,Arthur Declan,https://play-lh.googleusercontent.com/a/ACg8ocIMECfzZYxOCZCMRONzYIyARNI0U2c5Dm8HEUivv5hatA76zw=mo,"Best music app, no doubt",5,0,9.1.80.2221,2026-09-10 10:27:39,,,9.1.80.2221
0e4e1455-35f5-4eed-802f-103852ddd473,Alexa Low345,https://play-lh.googleusercontent.com/a/ACg8ocLAQ6eZsqnX9-5HD88deIdDyRfWpb4EkRN3-9sPLf-nGVxsug=mo,I love it,5,0,,2026-09-10 10:26:36,,,
1d074530-981c-4cb3-a91b-34524f9b5054,Amin Khodarahmpour,https://play-lh.googleusercontent.com/a-/ALV-UjW5hu0zcW0ooFHPdPLbT4ZsDs24FNgn6yX5ocToTO-tHFVOYN6F,👍,5,1,9.1.80.2221,2026-09-10 10:25:27,,,9.1.80.2221
f8ff6602-7f08-4308-8c63-eab1b7ee377a,Valery Menjivar,https://play-lh.googleusercontent.com/a-/ALV-UjXE616KE-Pg54Tq2DDLtMymr5wATggYrKG1temykhoth_iRBtA,I can only listen to half of the song before it pauses completely. is this normal?,1,0,,2026-09-10 10:24:11,"Hi. Thanks for sharing your experience. We suggest reinstalling the app for a quick fix. If you need more help, you can reach out to our Customer Service by searching ""Contact us"" at support.spotify.com.",2026-09-10 20:55:14,
5eedd1f8-e02b-4b57-bb3f-33aa9bfc717c,Emilio Mervin Kupido (E.M.KUPIDO),https://play-lh.googleusercontent.com/a-/ALV-UjURpZ5qmQ-vo5Yo1W6TsUzpvVQo743MK8fZOUPAIQIbi36g5uKI,Emilio Kupido,1,0,9.1.80.2221,2026-09-10 10:21:00,,,9.1.80.2221
4ca60616-afbb-4f57-9c1b-90072d88842f,CCU 818,https://play-lh.googleusercontent.com/a/ACg8ocL56C7IwdocVX8-nGVGNBjj3DDJc1h8Tdaxgf97USaCce59rQ=mo,good experience,4,0,9.1.80.2221,2026-09-10 10:18:54,,,9.1.80.2221
7520a38e-7dcc-4b2f-9308-0322c34ff31d,Ben Gilliland,https://play-lh.googleusercontent.com/a/ACg8ocImfsqT6lb3oj3oQMyLb9cVs4haDf5CPuTp6QHvKehmb6pdBw=mo,good,5,0,9.1.80.2221,2026-09-10 10:17:15,,,9.1.80.2221
c3085af0-731c-4645-86cc-1a3308bd5aef,Tarun teja Pulavarthi,https://play-lh.googleusercontent.com/a-/ALV-UjVgod1tNJsTg12QmbU-kQUzTuvFENn2OM7D3Wyd2sSBxREUx6o,it's very bad experience,1,0,,2026-09-10 10:12:57,,,
81e19983-2ffd-46d5-a8c5-a221b90be7f1,Trisha Alcantara,https://play-lh.googleusercontent.com/a-/ALV-UjVyktN3bcQPwK7_60YAHhMWNAL8b7H7zNFiEu0O5pxbthJ5Z0vF,Tangina kailangan naka premium pa,4,0,9.1.76.2055,2026-09-10 10:12:14,,,9.1.76.2055
c551ef97-2b1f-4361-8af5-b7fd0efb6b8e,Laurie,https://play-lh.googleusercontent.com/a-/ALV-UjUuEgXY-RbuUNFcaO-CnWZ-j6gF48-B1LQ4nxLk9Tr5vHlK31aK,"I'm traveling and the song I've always listened to are no longer available to listen to. If I can't open Spotify and listen to the songs I want, the app is useless.",1,0,9.1.80.2221,2026-09-10 10:12:00,"Hi, we understand music is a great company while seeing the world. We'd like to get some more info about this so we can look into it for you. If you have the time, you can reach out to our Customer Service by heading to support.spotify.com and searching ""Contact us"".",2026-09-10 20:36:38,9.1.80.2221
3e4464ff-989b-42a5-90e3-5feb5239c222,SOHIDUR Islam,https://play-lh.googleusercontent.com/a-/ALV-UjV0dcQDDdeUFcnZX9qDshK2TPGXEdrOTf-LPvsxflyFiBfRJixP,bad app,1,0,8.8.66.563,2026-09-10 10:07:55,,,8.8.66.563
ceb37f37-815f-4e8d-a395-f393980a1869,Jayu Ranawat,https://play-lh.googleusercontent.com/a/ACg8ocK5Thfqp2oHdfI-07MiLwmySCl4VPKdzaTojwO5bh7uJC7R4A=mo,this app is waste of time if change 2 snog than a 2 min add come if chane 5 song continually than we cannot choose the song we want to play and everything is for premium the app continuously say to buy premium,1,0,9.1.72.1891,2026-09-10 10:06:52,,,9.1.72.1891
5743bb94-e745-4588-9a68-c4ea801c89f8,Ali Akbar,https://play-lh.googleusercontent.com/a-/ALV-UjUjhmhvHuy5kG3GbWrrSvzqx-E8-ILyI05-xnTvavGp9W6sX-Ev,"best for similiar songs, awsome",5,0,9.1.80.2221,2026-09-10 10:05:29,,,9.1.80.2221
7a2dfebd-94c0-42b5-831d-0fceec8a4d40,Luke Martin,https://play-lh.googleusercontent.com/a/ACg8ocKdePiZQBepovYVANJ6WGATBg2Abn7TLH-XzJGKAVnwY19xoSY=mo,"im literally a verified student with Spotify and have paid the student rate of R37 per month. for some reason spotify switched me over to legacy plan a couple of months back, bare in mind I can go check today and it will still show that im a VERIFIED STUDENT UNTIL 2027 AS PER SPOTIFY THEMSELVES. And everytime I wanna switch back over to student then Spotify says theres an error on their side. disgusting from Spotify because you are literally stealing from me and the whole world will know!",1,0,9.1.80.2221,2026-09-10 10:04:55,"Hi Luke. We'd like to get some more info about this so we can look into it for you. If you have the time, you can reach out to our Customer Service by heading to support.spotify.com and searching ""Contact us"".",2026-09-10 20:40:58,9.1.80.2221
20c7df07-c6b6-4e92-a3e4-dbb57ff90046,Ahmad Asyraf Assauqi,https://play-lh.googleusercontent.com/a-/ALV-UjVDm8QXaoF_ata8QFT8LvJyrpfVFMBIKFzAeMiawUTjG4Zs2wbEPA,"oklah aplikasinya bagus overall ya,cuma kalau subscription langsung dari Spotify terus misalnya ni mau cancel tapi lupa terus,kan diminta trs tu duit kan,nah pas isi saldo tbtb tu duit hangus diambil Spotify buat lanjut paket premium nya,nah masalahnya ga bisa direfund lo,pdahal tu duit gua butuh bgt",3,0,9.1.80.2221,2026-09-10 09:59:42,"Hai Ahmad. Kami ingin mendapatkan informasi lebih lanjut tentang ini agar dapat menelusurnya untuk Anda. Jika Anda memiliki waktu, Anda dapat menghubungi Layanan Pelanggan kami dengan mengunjungi support.spotify.com dan mencari “Hubungi kami”.",2026-09-10 20:38:38,9.1.80.2221
5dfc9466-adec-44b5-a902-5fa4136724c8,Lordjhon Ladeza,https://play-lh.googleusercontent.com/a-/ALV-UjW5Yk24ssp9sixP7kmqhc4UUVhpVFXvDIOnZtD10zzT6dt5GrI,the spotibai is so good because of the bisaya men,4,0,,2026-09-10 09:56:59,,,
f9d6f9ca-61d9-4a6f-919c-dd8754829a5d,Tumisho Ramashala,https://play-lh.googleusercontent.com/a/ACg8ocJMriNZqW2ZI7V1CqG5zVezT89lTQoWhlj-enusknhHzwdvdA=mo,complicated right now it is just change itself,1,0,9.1.80.2221,2026-09-10 09:55:55,,,9.1.80.2221
f9d610d4-1389-464e-a279-8205091fb9d9,Ashe Carlos,https://play-lh.googleusercontent.com/a/ACg8ocKNsBhljjnvRyLXW0SnNqp7gvtJM-gjP4UYU1hKGZwEZjMIsA=mo,"Scummy money hungry company who only manages to add updates that make the app more annoying and difficult to use anywhere. I look forward to finding a better alternative or just biting the bullet and actually buying all my music. Absolute trash. I recommend any other app. Pandora, Apple music, YouTube music, SoundCloud, etc.",1,0,9.1.80.2221,2026-09-10 09:54:21,,,9.1.80.2221
51c1406f-5db0-4f60-ab9f-ef9d33d30ec8,Tina vickery Byerly,https://play-lh.googleusercontent.com/a/ACg8ocLim-i92Xk2zCKKA-ALIGgUaSof9E1SgPsN89IE0G4ER4_e5w=mo,love it.,5,0,9.1.76.2055,2026-09-10 09:54:17,,,9.1.76.2055
69cc3231-8d63-42a0-be5a-2a45119ef4dd,Ma fe Sobron,https://play-lh.googleusercontent.com/a/ACg8ocIEps8eTvmjxU_TAoQYOdfbzVPfcwamBKzuJlUtpsCpdKw92A=mo,love this apps,5,0,9.1.80.2221,2026-09-10 09:53:51,,,9.1.80.2221
39d60a91-14e3-4e02-8acb-54981965ca9e,Dggvh Fhjh,https://play-lh.googleusercontent.com/a/ACg8ocKXpdqFh4v3fgHCmcoXQZPvQHGpyz2xYyMOJECCq__wTtidxQ=mo,sexual content,5,0,,2026-09-10 09:51:17,,,
fa9d19bc-00ac-48db-8b82-280798fd9b8b,Tahmid muhtadi Tahmid,https://play-lh.googleusercontent.com/a-/ALV-UjWUwXURpXVAxmGH_NAFTKIEJbcsotoENILl81soq6a2ZPGRaVxv,Good,4,0,9.1.78.2218,2026-09-10 09:47:46,,,9.1.78.2218
c139d04b-847c-4565-9555-2e3d590c2478,lukas klich,https://play-lh.googleusercontent.com/a-/ALV-UjVjitcJh_StKx0UkQsGmwLkwGgU18AL1D2Y3OqypTcvknFuwtI,doesn't let me listen to music about zov,4,0,9.1.78.2218,2026-09-10 09:45:08,"Hi. We're open to feedback, and we'd like to get some more info about this. If you have the time, give our Customer Service a shout. You can find them by heading to support.spotify.com and searching ""Contact us"".",2026-09-11 02:53:17,9.1.78.2218
c773515c-8704-46bc-adbb-733eb8df2227,Raj Rajadurai,https://play-lh.googleusercontent.com/a/ACg8ocLqAA5PBFXOcM9vqUcv1qMAtDOpeh9SoHRjTCfdppnEl8ra2Q=mo,ஓொஒொோ🫂ஒொஒ,1,0,9.1.80.2221,2026-09-10 09:44:06,,,9.1.80.2221
f17975db-a526-406a-a221-7419cfa73bf8,Mohamed Samir,https://play-lh.googleusercontent.com/a-/ALV-UjW2oB50af4qJPkJlXozxTeIkeK8Vo7ZPMagqukzzqGJlI7BkMjm,amazing,5,0,9.1.80.2221,2026-09-10 09:41:25,,,9.1.80.2221
f627b3ba-28eb-438f-82fa-ca7fd5398ede,Bella Nollan,https://play-lh.googleusercontent.com/a/ACg8ocJIKl7H0oaMmL_EMMWAHwZ4U2JZrUzmI1LKO-Yj0RgmIIZc_w=mo,nice music,5,0,9.1.68.1888,2026-09-10 09:34:23,,,9.1.68.1888
64dc772f-7683-4cdb-8a0c-436abbdcb072,PRADEEP SHARMA,https://play-lh.googleusercontent.com/a-/ALV-UjX4BNAtV2k9IpkPZIKk1ut4yc_w_NqbOcFxe19fBluMPwd0xAZX,best music streaming app.,5,0,9.1.80.2221,2026-09-10 09:32:55,,,9.1.80.2221
0bcc1817-e97a-4a58-93a9-d0fb8ef95fa0,Evan Khalfani,https://play-lh.googleusercontent.com/a-/ALV-UjW19QKBbbLlCAypbeX6BBAjR2M6eabOxVX8mo_1xHlCknpZ8MaT,admin ma main of the main boss final boss raja terakhirnya kikir sih jadi males maenin nih si spotipi .,1,1,9.1.64.1676,2026-09-10 09:27:34,,,9.1.64.1676
c81dc306-cfad-4ca3-9c18-bbb8b55bfaf8,Roan Lumbao,https://play-lh.googleusercontent.com/a/ACg8ocIJ5_rdo5sxB88BrS3ckXNrUt8dGbn_104x2txHOSN88T_HvA=mo,this update kinda suck considering you cant no longer choose a music you want,1,0,9.1.76.2055,2026-09-10 09:25:31,"Hi Roan, thanks for your feedback. Sounds like you’re seeing a recent change we’ve made. We’re always testing possible improvements, so you may see something new or get a limited feature temporarily on the app. We’d love to hear your feedback. You can share your thoughts with us at community.spotify.com.",2026-09-10 20:32:23,9.1.76.2055
bfe7261d-b35a-41de-a584-a70fd6a555cf,Stephanie Lowe (JESUS FREAK),https://play-lh.googleusercontent.com/a/ACg8ocI7igW56OkQbc7gCdj5uXVRUHVgs5Zp2wCRS7E3LIc9SmzjSrlM=mo,"The huge selection of Christian music helps me stay focused on worshipping my Lord and Savior, Jesus Christ!",5,0,9.1.80.2221,2026-09-10 09:25:30,,,9.1.80.2221
a90d12f9-6ae3-4d53-8429-505c51b9e6ac,Jorge L. Tojil,https://play-lh.googleusercontent.com/a/ACg8ocJi5kSkwfiWapW9zKgDeas_qmcRdGmZIZjEc2RyZ9bRiz9nOw=mo,Just awesome 👌,5,0,9.1.80.2221,2026-09-10 09:23:23,,,9.1.80.2221
b40303ba-5652-40ea-9717-f6254fc84b41,Sapna Devi,https://play-lh.googleusercontent.com/a/ACg8ocKLv008pt1zm9PJXi0U8Q-mRFg2_LnoX1HuxHIr7djjmTwwjw=mo,omg,5,0,9.1.64.1676,2026-09-10 09:15:46,,,9.1.64.1676
cd12e7f1-329b-4e49-9e5e-3bd11d63e47b,Ralph Laurence Ignas,https://play-lh.googleusercontent.com/a-/ALV-UjXC1Czw80uWxy_kSKcJLVzXE-V1yyL3Kl1qeEdaz8OEfgBnDNw,"maganda lang, pake mo basta magands sya",5,0,9.1.80.2221,2026-09-10 09:12:42,,,9.1.80.2221
995b2d6e-ec91-43e9-92f3-fea36c07eb40,Carlos A Krouse,https://play-lh.googleusercontent.com/a-/ALV-UjXsw3mcm_9JahytfgT8fMK2cMsIFlIV7Ngcz7bFYALTx4eo__7ChQ,"Spotify you are blocking many songs lately, but the cherry on top was 'Welcome to St Tropez' by DJ Antoine and Timati. We all know why you did it and it's childish. I already cancelled my subscription and I'm going to YouTube music where the song is still available. how can you do that in the 15 anniversaire. You lost a loyal subscriber.",1,1,9.1.80.2221,2026-09-10 09:12:33,,,9.1.80.2221
6f6a8d26-2f03-428b-b490-11a4d0d8731f,Saroj Kumari,https://play-lh.googleusercontent.com/a/ACg8ocIDb43HTWvxfpNVbyOVvEAyL9m3aY6JvASuGPRtjMvXg54mT0c=mo,Amazing,5,0,9.1.78.2218,2026-09-10 09:09:28,,,9.1.78.2218
1325af2e-878e-4c7f-be98-1f84ea82428f,ADRITO Boral,https://play-lh.googleusercontent.com/a-/ALV-UjW5dqDZL9e5X2OiQSSUOd9_U6m_RtmxmQo0lqwT4V5DtuspE248,This is the best app for listening music,5,0,9.1.78.2218,2026-09-10 09:08:12,,,9.1.78.2218
dedd1bf9-cbbc-45b8-ab71-0eabb0f97ff5,MD SUJON,https://play-lh.googleusercontent.com/a/ACg8ocJLbqZgoboEnwO1lpQcvea5bhiqf6r5x2LuQ00Leu3xhkhBizM=mo,mdsujon,5,0,9.1.80.2221,2026-09-10 09:08:10,,,9.1.80.2221
cdcecd78-2f44-4cab-a603-e90563a14d73,Yarisalis Rosa,https://play-lh.googleusercontent.com/a-/ALV-UjViRlvmdHXxMPlWCAeFoCKQZLMG0rBibwhs4aR3bnjNIGakYNKV-A,love it,5,0,9.1.80.2221,2026-09-10 09:07:05,,,9.1.80.2221
9ff15dcb-e660-4a79-b44c-d410d84dacb1,Eugene B,https://play-lh.googleusercontent.com/a-/ALV-UjXNDCpGv8s4sPxRkhMJs2S3avVFqJVPq2kwJCOnpXi7jmlAWASg,Man.. Refresh my daily mixes a bit more often. It's the same stuff for days!! Mix it up a bit guys...,3,0,9.1.80.2221,2026-09-10 09:06:34,"Hi. We'd recommend restarting your device to see if that makes any difference. If that doesn't help, you can get in touch with our Customer Service by heading to support.spotify.com and searching ""Contact us"".",2026-09-10 20:00:46,9.1.80.2221
404b4482-34de-4b14-bba1-3f9275a0f59d,Chris,https://play-lh.googleusercontent.com/a/ACg8ocJ8Fwwum4wMZRIgn5QcgSnkwainCgc7loBQUVULf4xNIwgyVA=mo,Really good barely gives me any ads,5,0,9.1.80.2221,2026-09-10 09:05:45,,,9.1.80.2221
912b0f33-316a-4373-8ce0-aa08f34f2ba4,Rupsa Das,https://play-lh.googleusercontent.com/a/ACg8ocIBHmS5Oxg_eklRHLjYgfnuGRNacuwl75GEn0jyTF76TvnINA=mo,this is amazing,4,0,,2026-09-10 09:02:42,,,
411ffab3-0880-48f5-b87a-99a06792d34d,Gleserie Star Tison,https://play-lh.googleusercontent.com/a/ACg8ocL_BIJVZV7ngbajyDMsPWnZ2zP6SSLVCWH_MRhwh4LvbEisMw=mo,vote 5 stars?i cant even focuse on one playlist too many ads too and i am not rich like hell okay??,2,0,,2026-09-10 08:57:51,,,
1b79ba4e-3e8a-499a-b0b5-3b0f35079d60,Ajay Rajak,https://play-lh.googleusercontent.com/a/ACg8ocK8TY44yyTNXkpCUxWBz59KRXBqWsNi0K5T9HKdsIse08iM7A=mo,I am use this platform very good 👍,5,0,9.1.20.1452,2026-09-10 08:55:12,,,9.1.20.1452
4432cec6-2ff7-4140-94ed-f272f10d637b,Tamar Kiboko,https://play-lh.googleusercontent.com/a-/ALV-UjV34fObNsc_MBsj6Xx3mfueEazGt-oZtwLSZONJr__iWTbHK6cS,it's great,5,0,9.1.80.2221,2026-09-10 08:53:39,,,9.1.80.2221
3837303a-cee6-4f81-b9e1-5688cf548ef1,Steve Smith,https://play-lh.googleusercontent.com/a-/ALV-UjXRH0AjiMvHygxiSJ3ZE8doluBLblniivsB8pDEUp9LpIcjEECI,I love it,5,0,9.1.80.2221,2026-09-10 08:50:15,,,9.1.80.2221
b79d9283-e3ba-4530-8756-98a02b9ad89a,Ujju,https://play-lh.googleusercontent.com/a/ACg8ocKm_VntLFLQu3Go2I5Ws4WjIFQ80A66aRn8E6GqR2r2xNLQVg=mo,👍,4,0,,2026-09-10 08:50:13,,,
240339f5-12b0-4e93-9f03-a59f3bd122ec,Mariamaa Dawvuda,https://play-lh.googleusercontent.com/a/ACg8ocJ9Mr1e8z5GW5DDJLJ5sgT4xmwihShN9DtzenfzlFT4JkyA6A=mo,lov em,5,0,9.1.80.2221,2026-09-10 08:42:56,,,9.1.80.2221
6d4a8b77-7004-4564-bbcc-26a5a6492e98,Feyikemi Kehinde,https://play-lh.googleusercontent.com/a/ACg8ocLYKcx51Zz4JSI0hOnHm7_zz02tB28XxFti0mYiHhCQ_JFymQ=mo,can't download song,1,0,9.1.80.2221,2026-09-10 08:40:15,"Hi! We welcome your feedback. If you’re on our free service, you can only enjoy music while connected to the internet. To download music and listen offline, we suggest exploring our Premium plans at spotify.com/premium. If you haven't tried Premium before, you might qualify for our trial.",2026-09-10 19:37:06,9.1.80.2221
98136c79-5698-40e0-82fe-1c8c188cbecb,anjuli hammond,https://play-lh.googleusercontent.com/a/ACg8ocLMqF_iAcwRFaOXQBssm0xzUDX79i7ii44F5GczjGdbj_NVDA=mo,I frickin love music and now I can listen to music while playing dandys world >:3 edit: too many adds. and they're getting really annoying.,2,0,9.1.80.2221,2026-09-10 08:37:01,"Hey! We hear you and we'll pass your feedback along to the Ads team. For an ad-free experience, we'd recommend checking out our Premium plans at spotify.com/premium. If you've never had Premium before, you should be eligible for our trial.",2026-09-10 19:42:16,9.1.80.2221
39e90710-e02c-42b5-bae5-d8d1cdffd1cd,J H,https://play-lh.googleusercontent.com/a-/ALV-UjVoj_B0apzG44JyYAm3S-bWkLak6N6r8klPYp90UvrDsJBV0MM,Great app! AI is getting better! thx,5,0,9.1.80.2221,2026-09-10 08:36:24,,,9.1.80.2221
192433f1-6a8d-4d7b-8c4a-9a9fd8e0dc64,Vaibhav nath Nath,https://play-lh.googleusercontent.com/a/ACg8ocLKG6tmdEw6OIraN5zcOb-w-ry_il2_9DHlnzBPAG4bhuJB0g=mo,hi Spotify,5,0,9.1.72.1891,2026-09-10 08:30:54,,,9.1.72.1891
5d7e844b-36df-4ff4-9eaa-57c7b374ab2c,Asif mirza Mirza,https://play-lh.googleusercontent.com/a/ACg8ocIDPo-HZTio7sM9l02iZ2uzqNy7OHepMtaBkOPYBVudqdStfE6w=mo,"forcing for explore, forcing for package",1,0,9.1.80.2221,2026-09-10 08:30:30,,,9.1.80.2221
065e1448-13dd-43ac-b31e-06bbd1f1571d,Tong reon,https://play-lh.googleusercontent.com/a-/ALV-UjXOxsCJWUwRYUWW-yvwzVeEKe4wt8CdgDc3H_dEl9G3I5mpdkg,"you wouldn't think people wouldn't take welcome back offers for premium just because the woman who voices the ad can't pronounce her english properly but no, you want to be diverse and unique and pay the woman but here i am, a bit annoyed you think that's enough to convince me to take a welcome back offer. it's a great offer honestly. i just...honestly just hire a stuttering woman and I'll do it.",2,0,9.1.80.2221,2026-09-10 08:23:06,,,9.1.80.2221
fc7034e0-02b1-4aee-95fa-fb41bb574875,Lorraine Blyth,https://play-lh.googleusercontent.com/a-/ALV-UjXOVVg9ntUN87mM_T0ZYcx9aV9SGmoT33S6DLA6827X4o1563Ov,as long as entire songs r played & lyrics- I think it's great. While there's not many adds,5,1,9.1.80.2221,2026-09-10 08:22:15,,,9.1.80.2221
7fdf8ccd-1916-43de-b799-588d7fc3db85,Missslowpoke143?,https://play-lh.googleusercontent.com/a/ACg8ocL95m-BW7qhOCiL6fqpl52y3CKvGdmBotqE-034QV3SjjmPRg=mo,once upon a time it's best ! but it's worst now ! adds ... especially I can't listen songs jst for not having premium.. so now I am jst deleting this bleedy app !,1,0,9.1.80.2221,2026-09-10 08:21:13,,,9.1.80.2221
580a873f-57ad-40b5-a56e-d489392eb0f1,Keir Williams,https://play-lh.googleusercontent.com/a-/ALV-UjVNCuZbOYeyLw291E8CS0Nb86F2PjdIF37AziZ-TbIIdeY_Lki_,"I'm a huge fan of Spotify. I tried out Spotify 6 yesrs ago and I've been a loyal user ever since. For me, it's their attention to the Customer Experience and digital forward enhancements. Many great apps and products end up ruined when companies stop focusing on the experience.",5,0,,2026-09-10 08:18:45,,,
1d41816d-fa10-49a9-971f-6e1e6a3eb2a0,Sahil Khan,https://play-lh.googleusercontent.com/a/ACg8ocJOWxg3RgFQxpL46JS3F_91Lx0DwD03o5k8yrXhLiO8qksy7A=mo,sidhu mossewala,5,0,,2026-09-10 08:17:31,,,
dbdbf138-7fe5-42f5-b754-028963c49e7d,ismael koech,https://play-lh.googleusercontent.com/a-/ALV-UjVLRGIpLiLWsi4LoNhFzzhEW-rvHIJh79SMMe3PXjuqmaAVSl9E,gooood,5,0,9.1.80.2221,2026-09-10 08:12:35,,,9.1.80.2221
d92e5755-39a3-4772-8e93-345a21ac77d5,Sergio Moreno,https://play-lh.googleusercontent.com/a/ACg8ocIT-DGX42jvlmAvdknHViJbj1WGjFNw1gP9S6yzFbwYz6_nHQ=mo,😈🌅😍,5,0,9.1.80.2221,2026-09-10 08:06:51,,,9.1.80.2221
b94b81f4-d175-4af8-bc40-194607361b0d,Prakash,https://play-lh.googleusercontent.com/a-/ALV-UjUQV8ja26NFehkDnGi9adctommppPTUtgURo6YQX3pzyiaDgVRE,sajankimar,5,0,9.1.64.1676,2026-09-10 08:03:41,,,9.1.64.1676
52a7fdda-b3d8-4d24-bbad-182e9e2c0ea6,Fiona Kurth,https://play-lh.googleusercontent.com/a-/ALV-UjW7ZEVqTH8TOKXl4wYxEXBPjDoiT2SqvxyFPDlcrA57TxAcLXbi,Lots of ads if you don't pay not a lot of audio books if you don't pay and some songs are behind a PAY WALL so the app is only worth it if you pay for a plan then and only then can you see listen or relax to stuff. But other then that there is lots of music and Spotify gets artist releases first.,3,0,9.1.80.2221,2026-09-10 07:57:52,,,9.1.80.2221
f9569478-85ee-45ec-a54e-0ddb13feef97,Neil Douglas,https://play-lh.googleusercontent.com/a-/ALV-UjUkoKkKkp00FpBhahFTBK8KtDAfKyaoI77UEBVtJuiS2PhqBc5m-w,marvellous selection of music genres.,5,0,9.1.80.2221,2026-09-10 07:57:01,,,9.1.80.2221
4bcec962-4314-4e5b-81a0-caed5f2a9693,Chloe Roper,https://play-lh.googleusercontent.com/a-/ALV-UjWkd7yiBCQoIyrsvqULjJWLX0Iizca0M411Kq5uobHrNwgf870I,Why is there a limit to showing lyrics. It's the stupidest thing I ever heard of.,5,2,9.1.80.2221,2026-09-10 07:56:31,,,9.1.80.2221
3b724639-f7b0-4924-b6e1-d7a82d0eb53d,Ammon Anderson,https://play-lh.googleusercontent.com/a/ACg8ocIQTtS8s7XHXxMyt1HXnxFA6m_4kVH6mr1iSWmzMpQC7W5yug=mo,it is a really good app other than the ads being really long it is a really nice music app to get you pumped up for a game or even to just chill when you go fishing,5,0,9.1.80.2221,2026-09-10 07:52:44,,,9.1.80.2221
613c276d-3d73-442f-ae2b-5e7f2198576e,Karl Lobitaña,https://play-lh.googleusercontent.com/a-/ALV-UjX0k46fFy3g6y9nmwOfX1cN-hg85-Kd8ANp0ukCY_eTxxPHEuI,"is it all just Spotify premium now? I can't even play songs in peace without ""OH YOu CaNt pLAy tHis SonG, cHoOse toMorrOw""",1,0,,2026-09-10 07:51:07,,,
66361e16-9c2b-4386-becc-975d9e5d5e33,Yashi Panchal,https://play-lh.googleusercontent.com/a-/ALV-UjWQ8s6tiRIEkPDWZmI4NCMN8JZhFRItjq8DPNclWD7iEsbHSJ-V,fabulous,5,0,9.1.76.2055,2026-09-10 07:49:29,,,9.1.76.2055
d40ce28c-0158-4189-b94c-9df876196454,Maricela Harmon,https://play-lh.googleusercontent.com/a-/ALV-UjUdJxsOVCItM4-j5tOw1z_w8rkrs-Bp1rsSa9uCt52UhB9LhBou,love it,5,0,9.1.80.2221,2026-09-10 07:41:17,,,9.1.80.2221
b7202856-fa7c-473b-8aa4-59e95f141be2,nurul syahana aliya,https://play-lh.googleusercontent.com/a-/ALV-UjV7i9oBGWX9Hp8eKUghLUqnnpoECHg_7xbrKjga29gr7kXLX22E,I can easily listen to my favorite songs with Spotify,5,0,9.1.80.2221,2026-09-10 07:39:49,,,9.1.80.2221
601dde0c-f6c4-465b-a840-96d3cf11bd63,Ismail Sahil,https://play-lh.googleusercontent.com/a-/ALV-UjU98cGNSsgJTIhadwPF3FNdFf9ExS_9Go-Y6nagpL_4v4p0_IKT,I found all my song taste in tis appp and it's too fantastic 💖💫,5,0,9.1.80.2221,2026-09-10 07:38:34,,,9.1.80.2221
fb454a6f-e76a-4828-9344-fdbac07979d3,Eddy Wannamaker,https://play-lh.googleusercontent.com/a/ACg8ocIMGUXr0VpP36F4PcZaauPwNojc-r-DJ3KZO_ck61SvO-1qeg=mo,Good stuff,5,0,9.1.80.2221,2026-09-10 07:36:35,,,9.1.80.2221
1019ef4f-4665-4682-9e15-1ccc5a93743f,Ramrash Ramrash,https://play-lh.googleusercontent.com/a-/ALV-UjWqOavO7mBW41dxZPyuYhSbdzyNzBQW5FCLdo85OEu3upjEMlJq,Matched with someone via moon signs!,5,0,9.1.80.2221,2026-09-10 07:27:29,,,9.1.80.2221
8fcb47da-d625-45e4-b3ea-acef8155d38c,beverly bass,https://play-lh.googleusercontent.com/a-/ALV-UjWMhmm0Y6tfl3PZjfbwXIwGkD-cWVT0UgdFC7J3fmdfc_OWfJ7WgA,Spotify DJ absolutely sucks. I keep skipping songs that I do not want to listen to and it malfunctions. when I ask for it to stop playing music of a specific type it tells me that it can't do that. when I say I don't want to listen to the specific type of music it should be a permanent fix. It clearly doesn't understand nor comprehend the tastes of the person listening.,1,0,9.1.80.2221,2026-09-10 07:27:08,"Hi. Have you tried a quick reinstall? If that doesn't help, we'd recommend reaching out to our Customer Service at support.spotify.com. Just search “Contact Us”, and they'll be happy to help.",2026-02-23 16:41:02,9.1.80.2221
cf54ee9e-ff9a-4ada-8a4b-e6ec3dc478e6,Sebastián M,https://play-lh.googleusercontent.com/a/ACg8ocJbyqkuAEqFBgh-VosYKiz5ed_NFNwsyRamrmn1sLdEjZQQ6A=mo,Best app to use,5,0,9.1.80.2221,2026-09-10 07:26:23,,,9.1.80.2221
65057b55-7078-42a3-ad2e-f0e4a5732bd8,sunny dhillon,https://play-lh.googleusercontent.com/a-/ALV-UjUl35gg9-GQISrWzwmkuDSWg4mCDPffFdhQrnUdOHvK_YDgdi87,nice,5,0,,2026-09-10 07:21:35,,,
99b0a53f-623d-41a6-9322-025932bb40ee,SOULWΛVE,https://play-lh.googleusercontent.com/a-/ALV-UjXAgoM598AOiGhnPicbqe9JvTGffBv024iB6bKAh1RKp4Keg4lKuQ,Thankyou Spotify ✨ 🩵✨,5,0,9.1.80.2221,2026-09-10 07:16:08,,,9.1.80.2221
29f845de-4b61-41ad-b71f-1188b6ff5294,Phani,https://play-lh.googleusercontent.com/a/ACg8ocJwMmdQAKcgHKLc3qnJe3rR06TQGvjk1-hNxG5L74NKvvLH=mo,"I paid for 12 months, realized in month two it wasn't for me, and Spotify’s response is 'tough luck, read the fine print.'"" Zero pro-rated refunds. Zero flexibility. Now I’m stuck with hate-streaming music on an app I don't want because Spotify’s legal terms are designed to pocket your money upfront and shut the door behind you. Never buy an annual subscription from a company that relies on hostage tactics instead of product quality to keep its subscriber numbers up.",1,0,,2026-09-10 07:14:23,,,
b0718206-dc9d-4729-81cf-004822a23882,Naga Phani,https://play-lh.googleusercontent.com/a-/ALV-UjUINccKEy--1oRbnew1HNPH-v-quiS6DE7iHykvmakcXtnheJon,"I paid for 12 months, realized in month two it wasn't for me, and Spotify’s response is 'tough luck, read the fine print.'"" Zero pro-rated refunds. Zero flexibility. Now I’m stuck with hate-streaming music on an app I don't want because Spotify’s legal terms are designed to pocket your money upfront and shut the door behind you. Never buy an annual subscription from a company that relies on hostage tactics instead of product quality to keep its subscriber numbers up.",1,0,,2026-09-10 07:13:50,,,
484492db-7b5e-40f1-ac95-aac2d8169678,Naga Phanindra,https://play-lh.googleusercontent.com/a/ACg8ocLtNwfDbd8Lmpdgb4n8EzyetJJyz69j8GE4wlkWq0vOpx3yGg=mo,"I paid for 12 months, realized in month two it wasn't for me, and Spotify’s response is 'tough luck, read the fine print.'"" Zero pro-rated refunds. Zero flexibility. Now I’m stuck with hate-streaming music on an app I don't want because Spotify’s legal terms are designed to pocket your money upfront and shut the door behind you. Never buy an annual subscription from a company that relies on hostage tactics instead of product quality to keep its subscriber numbers up.",1,0,,2026-09-10 07:13:22,,,
75f33643-2803-42f4-95d5-02d4f8aa5442,Patricia Sunanto,https://play-lh.googleusercontent.com/a/ACg8ocK4veKzlOadvz5P_SH_MVIteMY5Z2sB1HqdQCJ7fSIx2p4Evg=mo,"Spotify silently kept existing users on the higher ""Legacy"" 6-user plan (RM 30.90) instead of offering the 4-user tier (RM 27.90). If you only need 4 slots, you’re overpaying RM 36 a year for unused slots! Support hid behind rigid rules to deny a goodwill credit. It’s not about the money, it’s about taking advantage of loyalty and penalizing long-term users. I’ve cancelled my subscription. Check your billing settings so you don't end up paying extra like I did!",2,0,9.1.80.2221,2026-09-10 07:12:41,,,9.1.80.2221
223cc62e-dc68-4359-889a-0221628efd61,naga phanindra,https://play-lh.googleusercontent.com/a-/ALV-UjU3u9pp1FPXICLmBra7l4dYxeQwXN_wsbtY491mF0XhRxHc7Tyh,"I paid for 12 months, realized in month two it wasn't for me, and Spotify’s response is 'tough luck, read the fine print.'"" Zero pro-rated refunds. Zero flexibility. Now I’m stuck with hate-streaming music on an app I don't want because Spotify’s legal terms are designed to pocket your money upfront and shut the door behind you. Never buy an annual subscription from a company that relies on hostage tactics instead of product quality to keep its subscriber numbers up.",1,0,9.1.80.2221,2026-09-10 07:10:24,,,9.1.80.2221
4f42f5ed-28f8-4308-9f5f-65ac706d897c,Mariano Herrara,https://play-lh.googleusercontent.com/a-/ALV-UjXvu8n81j474MRmJWExVxyIX0PgMo4oJ6tE8uOATe9456-Iuyk,me gusta,5,0,,2026-09-10 07:07:57,,,
c671eb85-b63c-421e-9865-009a3ca147ea,Andres Guzman,https://play-lh.googleusercontent.com/a/ACg8ocK44VCV4xBOq6v41KW8Osdkzzs2NGfyHFSd9X4gZDziULKNvc0=mo,"legitimately the best music app, tho 4 stars for the constant ads and needing Spotify premium to have the perfect app good overall",4,0,9.1.80.2221,2026-09-10 07:06:34,,,9.1.80.2221
4e2c1d7a-5050-4269-a94b-ecbb615e533a,Sanskar Virulkar,https://play-lh.googleusercontent.com/a-/ALV-UjWwb4ngAFGjOdYB6GrKQxZpX120AaXBJd5hZRKbYGhg-WsXQ7ss,good app,4,0,9.1.80.2221,2026-09-10 07:04:54,,,9.1.80.2221
186bbf6d-e001-4508-be65-3eaf4c100e05,MD Hasan,https://play-lh.googleusercontent.com/a/ACg8ocIuo3esKT_zw0uwhPHskvrXOaocQ1m_5NID-GiAHE7oGDnbMQ=mo,এবি দেকার আপটার,2,0,9.1.78.2218,2026-09-10 07:04:01,,,9.1.78.2218
31a15b98-9568-41a9-aad7-493ac8a1a3ff,Sandra Doherty,https://play-lh.googleusercontent.com/a/ACg8ocL51dDtNdxm7-YwDGTbf0MJ2nQ4Fg8EhN3uJ5KgEkwD770XrA=mo,"Spotify eliminating the gift card is short sighted. One, you're not the only way to listen to music. Two, you're High if you think I'm going to use a debit card. Three, being a customer for 9y doesn't mean anything to this company. What Spotify...you're making so much money that customers are disposable? Good Look.",2,0,,2026-09-10 07:02:40,,,
6e01f2c9-13d8-4eec-a86f-d55bd8257aee,NEXGEN.,https://play-lh.googleusercontent.com/a-/ALV-UjWiyAE8RyldIE2waZybiehtpTaZDiOfT-nx4_Iy8efwTzuNPDI,shapeeeee 💝,5,0,9.1.80.2221,2026-09-10 07:02:31,,,9.1.80.2221
7a899f0a-03b5-4aee-ad8e-c0c7099d8195,Art Zamora,https://play-lh.googleusercontent.com/a-/ALV-UjVPHNWaRvY2SvjtrpIqL6-w4RRofDaaFC2D1viLL_MZ-feHHkpo,erratic at times lack upgrade warnings constant refreshing play list,1,0,9.1.80.2221,2026-09-10 06:58:08,,,9.1.80.2221
163f88cb-3ac0-496d-b068-4f0d49ebfc24,Brandt Jerace,https://play-lh.googleusercontent.com/a-/ALV-UjW-hQkltwOXJshPXp56_0XJrj_zDNAKYnwDsP2wz5a_lWbb6TmLrQ,Stop messing with my music then maybe I'll give a higher rating,3,1,9.1.80.2221,2026-09-10 06:57:06,,,9.1.80.2221
80190900-fa43-4fab-85f2-fe5d93ec3b8c,Swarnalata Pradhan Swarnalata,https://play-lh.googleusercontent.com/a/ACg8ocLFwgtnMkYM064hgrydy75zt9DIMAMlrhPCzoBlVCk3QKvx5w=mo,mind blowing advartiment and beautiful song,4,0,,2026-09-10 06:54:56,,,
1367ce49-2d3e-4706-9d93-41ef919d26fb,Greg Allen,https://play-lh.googleusercontent.com/a-/ALV-UjXTfSTZgu0eoMSIGagDcsyhlfKFLMgpBtwVwktQIAEhan-DjjGf,app is too aggressive,3,0,9.1.80.2221,2026-09-10 06:54:31,"Hi. We're open to feedback, and we'd like to get some more info about this. If you have the time, give our Customer Service a shout. You can find them by heading to support.spotify.com and searching ""Contact us"".",2026-09-10 18:47:33,9.1.80.2221
0cc07faa-5c58-4ff8-aaf4-47abbe7c546a,bharl caBz,https://play-lh.googleusercontent.com/a-/ALV-UjXa_ZV9RiG1nYOQnLHs6Dcmuv-PdOB8bi0apZ3pw-wxDv5Wz-NW,"..""easy & convenient: one of the best experience ever"".",5,0,9.1.80.2221,2026-09-10 06:54:03,,,9.1.80.2221
9a4e5488-abfa-4077-b8cd-09318c3685c3,No Hope,https://play-lh.googleusercontent.com/a-/ALV-UjVnosQ-39WimdvuESShWyGelGDdZ9enasNwdE07EqciPxJlBRO5,i love it but the ads are killing me,5,0,9.1.80.2221,2026-09-10 06:51:08,,,9.1.80.2221
fb571211-1824-4148-830b-b3c7197e1d0b,Niknor Safiqah,https://play-lh.googleusercontent.com/a/ACg8ocLSfcOrrHw_pZD6x_MWCWk0vU8zuM20LIlsyAhj_kmXwNd_Mg=mo,"Spotify remains the industry standard for music streaming, offering an unmatched combination of a massive song library, industry-leading playlist curation, and a seamless cross-platform experience. Its algorithmic discovery tools—like Discover Weekly and Daily Mixes—are still the best in the business for finding new music tailored to exact listening habits. **Standout Features** * **Personalized Playlists:** Consistently accurate recommendations that adapt quickly to shifting musical tastes. *",5,0,9.1.80.2221,2026-09-10 06:50:35,,,9.1.80.2221
d5e9749b-6fc4-4db8-9fd2-6853fd38b836,Augustus Lidaka,https://play-lh.googleusercontent.com/a/ACg8ocIowHkROeTAP-D5YLRMnilOPwcvyKG8dkI2fVNW8l3yB22JbA=mo,"This app is functional but underwhelming. The bugs have been ramping up a ton recently. They span cosmetic issues, UX pain, and sometimes the widget or app simply don't work. Disappointing, especially as a trajectory.",3,0,9.1.80.2221,2026-09-10 06:44:51,,,9.1.80.2221
995f373d-1464-4001-bc8f-8fc9430bf44b,Teresa Juarez,https://play-lh.googleusercontent.com/a-/ALV-UjWoE36AR19KExC2ld9nOeCDWJxlO54NBhc6qcZgES8dFCzqvig,I love this app. though i wish i could download the audio but i listen to music day after day without fail. awesome app though. definetly recommend,5,0,9.1.80.2221,2026-09-10 06:40:42,,,9.1.80.2221
4b363161-3f0a-499b-afd1-60a75deeb2d0,Tootie Charles,https://play-lh.googleusercontent.com/a-/ALV-UjUEtwPkiTmFJXPjNDFgygptZVNAp7CcPqwnACcTwGs5MVDLIy0,Actually a 5 but there is too many ads and I need to download and I dont have a Subscription and that makes me a LITTLE bit mad,4,0,,2026-09-10 06:40:38,,,
ea2d5527-4f5d-407b-a94b-eb37b9ab7d5d,Connor Shaw,https://play-lh.googleusercontent.com/a-/ALV-UjXPcYzgpGyJc6FGmGOYggpPeltuh2HMg6oevz-gh1xRdfW53DI,Excellent.,5,0,9.1.80.2221,2026-09-10 06:38:24,,,9.1.80.2221
55e81d02-3f9a-4e27-9e6b-429ec0ecff83,SIDHARTH SANTHOSH,https://play-lh.googleusercontent.com/a/ACg8ocK0BcHAw99A1IRBYe2vrZgV93sofT5yGit14saqaG9GFlK8VA=mo,good music quality,5,0,9.1.80.2221,2026-09-10 06:29:44,,,9.1.80.2221
cc352857-0fd4-44ce-bad7-ebbea8c2890a,Lita,https://play-lh.googleusercontent.com/a-/ALV-UjVAt4QepAiB9de3whiwXN0GZRW6EKSV12dKH4zmVr6XRwWyfCmb,I love this app Ty and recommend getting Spotify. premium is a lot though but they*sometimes give you a discount*I don't have it thought 😞,5,0,9.1.80.2221,2026-09-10 06:23:56,,,9.1.80.2221
e2051c45-adef-418c-a1f3-2508a36f3295,Mark Nichols,https://play-lh.googleusercontent.com/a-/ALV-UjX1V2HimfjyOeQ_WAbwews-kVgVGBjmRFsUMNMeAvkNgmO15DAuQw,Hasn't failed me once for what it's made for,5,0,9.1.80.2221,2026-09-10 06:23:25,,,9.1.80.2221
3804d674-3014-4dea-9d6f-637694584af1,Christina O'Brien,https://play-lh.googleusercontent.com/a-/ALV-UjXE91qoQwQ1bPOYphleHRPTYZGUnQuQ2YQ3YuOkbBOUuk_SMRM,"I really used to like this app, just 2 adds every now and then but now I get 6 adds then get to 1 song and then I get 6 more adds. ""listen to music add free"" is the worst lie I've ever heard I have heard more adds then I do music anymore and y'all expect me to pay for premium well I can't cuz I'm broke, and y'all used to let us pick the song we wanna listen to but now I have to pay to listen to a song of my choice, I hate y'all so much, y'all used to be add free now it's repetitive adds.",1,0,9.1.80.2221,2026-09-10 06:19:22,,,9.1.80.2221
15a8cd96-4294-446d-8744-d1262cd7ba22,Chris Gonzales,https://play-lh.googleusercontent.com/a-/ALV-UjV9VNfo7j0xLoCmvHMjjRsUpzPwbgFIncPnFWFW966X2FP-_3A,Not the worst and not the best,3,0,9.1.52.1388,2026-09-10 06:15:13,,,9.1.52.1388
17b21a65-3dee-4ed9-8008-adaa15fe8c0f,Matthew Branca,https://play-lh.googleusercontent.com/a-/ALV-UjWDt0SlzH2_TePK8xve7tQoqdacBL797aQH27oi3ueVoXJYF1X5,nice,5,0,9.1.80.2221,2026-09-10 06:12:30,,,9.1.80.2221
8e3ef228-9e07-41ff-9b75-abd37a1ae26a,r3xon,https://play-lh.googleusercontent.com/a/ACg8ocIhsScS6keirrbLMPuBlLF5RkNM_oTXFDJptb0ljTOTLTV3AcM=mo,"having this app without premium is literally like being shackled by all your limbs. multiple ad breaks, limited uses of song selection, no flexibility when it comes to fast forwarding or rewinding a song, at a certain point your not even allowed to pick what songs you want to listen to, only 6 song skips which is just ridiculous, and etc. I could go on about the problems this app has but if you have premium the app feels perfect to me.",3,0,9.1.80.2221,2026-09-10 06:09:04,,,9.1.80.2221
4da44a30-3368-4899-8ffa-74c9c832948b,Malka Jebet,https://play-lh.googleusercontent.com/a-/ALV-UjU2cEhqhUyoiydiQrJ7i-gcJiCegeqwZ-uxtkARApvW0aaFtLUuBA,"I really enjoyed using Spotify,I love music",1,0,9.1.80.2221,2026-09-10 06:06:20,,,9.1.80.2221
8c852ad1-c5f7-4fb4-8c67-dff22234e67b,Lucie,https://play-lh.googleusercontent.com/a-/ALV-UjUbO78njicMWDafMYcJWP4ywSWBatgmyWcxyeNoBORBsfgpKq58uA,what is happening with the app lately? it's lagging terribly. takes ages before the songs load so I can press play or the next song starts playing automatically.,3,0,9.1.80.2221,2026-09-10 05:58:14,"Hi. If you're experiencing app latency, we'd recommend logging out > restarting your device and internet connection > logging back in. If that doesn't work, you can reach out to our Customer Service by searching ""Contact Us"" at support.spotify.com, and they'll be glad to help.",2026-09-10 18:38:42,9.1.80.2221
3e786991-8518-4971-935e-759cfd378df3,Lynn Ingram,https://play-lh.googleusercontent.com/a-/ALV-UjWjuIQdzLrIvy_4u4Nd7C_zwLu1PTi7sguiPjSZdUJFL4N9124e,"Been using this app since 2020 and it was wonderful. Could listen to songs on repeat without it telling you to buy premium for 6.99 just to get rid of the ads. Now, six years later it's so bad. Constantly getting ads even though it says 15 minute break from ads, WRONG. It's two songs then four ads. Will no longer be using this app. been using Pandora for a few days now it's so much better. just have to watch an ad for the song u want and then boom, for 5 songs, your good. by Spotify.",1,0,9.1.80.2221,2026-09-10 05:52:02,,,9.1.80.2221
d8f529fb-dfda-4e94-ace8-a207af386815,Autumn Coleman,https://play-lh.googleusercontent.com/a-/ALV-UjVGpqpavJHjM2P-ByuswIAarclD8v_V4v0cmGrnYJJqgkduYfuY,most glorious app ever,5,0,9.1.80.2221,2026-09-10 05:47:14,,,9.1.80.2221
10201bdf-f957-4597-8193-33c9c99ef49a,Mathi Mathi,https://play-lh.googleusercontent.com/a/ACg8ocJOWZx2uFUXDUYGuQ0Qp1L-wwkL-38iZBJXhG3_V_U7JzUBag=mo,Niche,5,0,,2026-09-10 05:42:28,,,
94b17aed-ba78-424a-adad-d6b52a6afc9d,Vinod Daravath,https://play-lh.googleusercontent.com/a/ACg8ocLfEpROPd0X7rci3ala7TT2DM7qwNNuCCN0HS2Mp02AP9PsLh2D=mo,"Spotify has a great music library and excellent features, but the Premium subscription price is quite high. I would prefer a more affordable monthly plan, especially for individual users. Lower pricing would make Spotify more accessible and better value for money.",5,0,,2026-09-10 05:40:41,,,
71e9e940-2c2b-46a6-b7f5-37d625bd1de2,Namiginger,https://play-lh.googleusercontent.com/a/ACg8ocKtraQmsqtoiGAA_2w0iKp0A-RD7Ew8WrpDlOZJS3Rc2R2F=mo,I absolutely love this app 10/10 app would recommend,5,0,,2026-09-10 05:40:30,,,
f471e68a-cca1-485b-82a2-0a39bb584c19,Avery,https://play-lh.googleusercontent.com/a/ACg8ocKpQZFnLnyuSLyTD2LFCEpsjCgHDKU50KjJR5VVqvgzvxk1Rg=mo,it is really good sound and there is so many songs and I love being able to message freinds on there,5,0,9.1.76.2055,2026-09-10 05:38:39,,,9.1.76.2055
6e2baf55-0055-43bf-b82b-55a71884e05a,baybay ross,https://play-lh.googleusercontent.com/a-/ALV-UjW2eFOScX_3jvovCnxf94LsXxle0JlMb3Xzlh6OWazZaKH6hUs,best app for my music but I wish u guys would add 180 lifestyle by morgan wallen,5,0,9.1.80.2221,2026-09-10 05:34:40,,,9.1.80.2221
3c5ec77a-fa1d-46ad-8e40-a50264dae8cf,Addilynn Heck,https://play-lh.googleusercontent.com/a-/ALV-UjU26yth9_-6IsEvgiUG1jVFSIUPjImTEXW5T_zlSVxOIWrz3bUq,Spotify is absolutely amazing! It has gotten me a lot more into music. The songs that Spotify holds are beautiful to listen to and the podcasts on there are inspiring and hopeful! I highly recommend this app!,5,0,9.1.80.2221,2026-09-10 05:33:47,,,9.1.80.2221
ed355ace-22e9-4fb4-aacf-bec871987bcb,Testimony Ekenesoko,https://play-lh.googleusercontent.com/a-/ALV-UjWpEzC-LEjeowETsvUWjcbYD0X3LSfm2c4PbPFmQFqJiaw1Fvqn,"I love everything about Spotify, especially that they're one of Barça's sponsors. But there's one feature that would take the app experience to another level, letting me see the total hours of my Liked Songs, just the way it is for other playlists.",5,0,9.1.76.2055,2026-09-10 05:19:50,,,9.1.76.2055
7ecb5770-84bc-4233-b0d1-bd6b0659e344,paid death,https://play-lh.googleusercontent.com/a/ACg8ocKOReiJgCTjF5P2YVmqc_ZNe-joKYK3uun9IgFPk7l17VW6OA=mo,I listen to more Advertisements than music. I'm looking for new applications now. Otherwise I start using my VLC player.,1,0,9.1.80.2221,2026-09-10 05:16:42,,,9.1.80.2221
411374a6-d43a-48b4-95f9-cbd4fa02594c,Robert Karkoff,https://play-lh.googleusercontent.com/a/ACg8ocKJmvz4_zdKKkf8znf0u7t8WoQ6b08iUlVPPtASsg8l1GXekQ=mo,great happy with thanks,5,0,9.1.68.1888,2026-09-10 05:15:20,,,9.1.68.1888
16773e67-aa5a-4b79-bbff-d39a0d48d9ca,Hitalo Lucas,https://play-lh.googleusercontent.com/a/ACg8ocKX2cSzdEiy3X91WfbK6g0PZKvwvGDAL-2kd68siEuUN8jmDWX-=mo,"a qualidade do áudio é ótima, tem muita coisa e bla bla bla. vcs deveriam parar de ficar desesperados quando a mensalidade n é paga na hora. imediatamente removem todos os donwload e põe as configurações no padrão sempre, coisa irritante dos infernos.",2,0,9.1.80.2221,2026-09-10 05:06:41,,,9.1.80.2221
686abc14-11d4-4bff-b77f-654a932fd6b0,Lallu Singh,https://play-lh.googleusercontent.com/a/ACg8ocJdIZrbAe35-jusnOAZ69SljxKEoJsCr186i9fQ2l2a5BECIw=mo,too much ad,1,0,9.1.76.2055,2026-09-10 05:04:11,,,9.1.76.2055
1db02f2f-34dc-4172-8adc-f03119287d06,Mark Ramai,https://play-lh.googleusercontent.com/a-/ALV-UjUwu5wzwkFPTR7jWi2tEBGzVVr3jBIXwoEpukAc6UXeXFwLTu5ehA,beautiful,5,0,9.1.80.2221,2026-09-10 04:58:51,,,9.1.80.2221
7c9c525f-83e4-4b1e-812c-0b71787fa7ee,Justin Norton,https://play-lh.googleusercontent.com/a/ACg8ocIKeTGT2aLggeZRGVuPuUFAobqVt01Xckxq6aqV4_3hFRTJLA=mo,It's awesome. Nough said.,5,0,9.1.80.2221,2026-09-10 04:54:02,,,9.1.80.2221
3f8dfd21-9e09-4855-bfdd-85d40a06f935,Neil,https://play-lh.googleusercontent.com/a-/ALV-UjVt9KGATy15d5KnYVYOdvPEUHLDCGliLfkZSai8sc86v9DFs4g,Great,5,0,9.1.80.2221,2026-09-10 04:38:03,,,9.1.80.2221
c0f1f3aa-5769-44bc-a1ff-5816ab4d7c8f,Alexus Berrios,https://play-lh.googleusercontent.com/a-/ALV-UjUd_YZLJ3LoeL_EKgW5Dg7J4M1Or21EK_JhypTFsYbS4WrPjHc,its a necessity,5,0,9.1.80.2221,2026-09-10 04:37:02,,,9.1.80.2221
7f07de91-fc81-4ebb-8d64-7b850e006c71,AARIQ Sk,https://play-lh.googleusercontent.com/a-/ALV-UjWyTweLENWcGOkY24-PVB06YD4f2zwlDOJBbkoJ7HMYl_tQ11Q,best music apps.,5,0,,2026-09-10 04:32:43,,,
3e802512-07b2-4ac7-a395-6d70129a89c9,Mixie IsLost,https://play-lh.googleusercontent.com/a-/ALV-UjW3UDquDbQIHvKgSJAoN7E80HGxO3l2OCz8T555RaTsOrots94,you basically cant do anything if you dont have premium and I havent used Spotify for months and suddenly it charged me as soon as my card opened and so I instantly asked support (which is literally just a ai system that doesnt listen to you which is greatttt) and they just said they wouldnt give me my money back soooo just dont make an account and if you do dont make multiple because they will randomly charge your old ones!!,1,0,,2026-09-10 04:29:15,,,
10cbcdcb-c01f-4986-b89d-2eb1188d6d4e,Gypsy Paranormal,https://play-lh.googleusercontent.com/a-/ALV-UjXiaqz2nZe3C1RBafxkAGK9Hjujc2xK0rSbFfFJghNd5pMPU5hmTA,"I like spotify , but I wish when it came to the app , fewer ads because they're way too many, like one or two is fine. and The permian , I think, should be a one-time payment.",3,0,9.1.80.2221,2026-09-10 04:27:53,"Hi. Thanks for sharing this. We hear you and we'll pass your feedback along to the Ads team. For an ad-free experience, we'd recommend checking out our Premium plans at spotify.com/premium. If you've never had Premium before, you should be eligible for our trial.",2026-09-10 04:39:55,9.1.80.2221
c68b2efa-2328-460e-b67d-fc8e9e46c146,Deborah olaniyi ayinke,https://play-lh.googleusercontent.com/a/ACg8ocJH88wbpAiiBTIZNbAO3PJzUlcKuT3KoU0vd4Q5tdZ0THww7g=mo,too many break up for adds. it's just too much,2,1,9.1.64.1676,2026-09-10 04:15:39,"Hi. Thanks for sharing this. We hear you and we'll pass your feedback along to the Ads team. For an ad-free experience, we'd recommend checking out our Premium plans at spotify.com/premium. If you've never had Premium before, you should be eligible for our trial.",2026-09-10 04:43:01,9.1.64.1676
0fd40a5b-ddb2-4714-80f3-9ce68ab99acf,Alison Severson,https://play-lh.googleusercontent.com/a/ACg8ocJ0wjRLO01r-V7kParytgtnBH_jgf6RHuA2tQgllqA8zDcYBQ=mo,Spotify is the best.,5,0,9.1.80.2221,2026-09-10 04:15:27,,,9.1.80.2221
ef6858ed-8830-405f-8d19-1eb9d228978e,Jose Padilla,https://play-lh.googleusercontent.com/a-/ALV-UjU1zhlg6E_wMGYFM5B1WrZZcaR_qFNf_uM6L2igvtdYIrPcfkU,been good so far great variety on music,5,0,9.1.80.2221,2026-09-10 04:13:43,,,9.1.80.2221
eff3f21e-44a2-47d1-a4cd-642b59320c8a,Luke Cain,https://play-lh.googleusercontent.com/a-/ALV-UjXvCybJ-Ar9t9iwIQqP_-JftSP_xa4ysD7w3ltBnwlJ07kbWczH,Playlist constantly stops playing. I have to go into the app and rehit play almost every other song,2,0,9.1.80.2221,2026-09-10 04:13:02,"Hi. Thanks for sharing this with us. For the app's behavior, you can try a quick reinstall. If that doesn't help, we'd recommend reaching out to our Customer Service at support.spotify.com. Just search ""Contact Us"", and they'll be happy to help.",2026-09-10 04:42:27,9.1.80.2221
699e58db-01cc-4c99-a78c-b1ef4ab6525e,Tanvir Alam,https://play-lh.googleusercontent.com/a/ACg8ocLxmD42W8-W_4BgGZEQIbje4dm1aZ4HNiXtX9O3Wxmxu9duSg=mo,I have purchased 1 year premium membership...... This is very cheap.... I think you all should have to go for 1 year not single monthly.... Btw the app is very good.... Every one knows,5,0,,2026-09-10 04:08:08,,,
b5831f5c-a9b7-48e6-a492-d6ea225420d8,L F,https://play-lh.googleusercontent.com/a/ACg8ocKyMfSZ_B23vhdcvRM3Sbph4zToqL-Xda4cRijntyXMsvqL0g=mo,"Great but frustrating, I am an active listener, daily of music and podcasts. But they realise that they could be making money from my account and strange things happen. This week my queue is flooded with music I did nit add there. I mainly use the queue for night time stories wiyh a timer. imagine falling asleep and then abruptly being jolted awake by an obscure song. fed up also of silly adverts that do not match my listening habits at all...sometimes 4 in a row.",2,0,9.1.80.2221,2026-09-10 04:07:59,,,9.1.80.2221
74f56239-3980-40f7-9ce9-033ad08c064e,Kendra Nakimuli,https://play-lh.googleusercontent.com/a/ACg8ocKIWSXTpHviG_4i55e_nKoMTq87shXqytzUDvn9tkaprdXwxA=mo,"to many adds,but the best app to blast your favorites,I just I wish I had money to pay for the premium,just imagine how it would be, it's like am using the free one but it's good asf, Spotify I love you 😘",5,0,9.1.80.2221,2026-09-10 04:05:48,,,9.1.80.2221
de668772-cba7-4cfe-8db5-a5a3496c486b,Gheyren Delcid,https://play-lh.googleusercontent.com/a-/ALV-UjUsIKzxukf43y_OILZHNFgbkNWiVQoIx5kyjtzk4NFk6O3GS_Wy,the adds are really annoying,3,0,9.1.78.2218,2026-09-10 04:04:51,"Hi. Thanks for sharing this. We hear you and we'll pass your feedback along to the Ads team. For an ad-free experience, we'd recommend checking out our Premium plans at spotify.com/premium. If you've never had Premium before, you should be eligible for our trial.",2026-09-10 04:08:34,9.1.78.2218
d1ee91c9-3ca4-4353-9ba1-e1fde82a8f49,Matthew Birdzell,https://play-lh.googleusercontent.com/a-/ALV-UjW3RrWfJSehf6W8deoa-tWTkXPrUEF0JDQeqdZlaAN9PPoZ0zF73A,"Love the app. But for the love of all that is green on God's earth ... stop with the ads! Way too many. Stawwwp plz. thx. Edit: Yes, Premium is an option for ad-free listening. But come on... if you lowered the amount of ads, that's fine enough. 4-5 of them in a row? I don't really care how long they are; they're still there. They interrupt amazing music.",3,2,9.1.80.2221,2026-09-10 04:01:38,"Hi. Thanks for sharing this. We hear you and we'll pass your feedback along to the Ads team. For an ad-free experience, we'd recommend checking out our Premium plans at spotify.com/premium. If you've never had Premium before, you should be eligible for our trial.",2026-09-10 03:56:50,9.1.80.2221
dfb9e84d-9aee-4337-9a50-5dc18005012e,Ur Mom,https://play-lh.googleusercontent.com/a/ACg8ocI8hzQAOx-F1Hm8jLTe3qOYo52Flg49zvmOUV_4MFNfjmOTmA=mo,I love it!,5,0,,2026-09-10 04:01:29,,,
9c7a8adc-d50a-4cf2-ab6b-0455f2c6d41c,William Te Rangi,https://play-lh.googleusercontent.com/a-/ALV-UjUm8NBmBgCn7lHSiu9mlQMctJLLX-KsAYUHoNUztJ103t7Iv3Fa,👍,5,0,9.1.80.2221,2026-09-10 03:59:01,,,9.1.80.2221
7044328d-1b49-4123-9966-9a7689aff0f5,Nemanja Trninic,https://play-lh.googleusercontent.com/a-/ALV-UjVf_AigcuKnRoxW1AOD04Cd0xGweSkjRmPDcoqsP9OILRGmnLs,Can't believe that you have a limit on selecting songs on the free version.. this app is garbage,1,0,9.1.78.2218,2026-09-10 03:56:40,,,9.1.78.2218
1d2f2a74-eed4-44d5-9b31-5fcd045e7bcc,DJAYY DEANDRE Lewis,https://play-lh.googleusercontent.com/a-/ALV-UjUTaEu2CzFQZNRlIeYsSmZl5HD5wKPRpzQr0Hjh0qt1T_K5hsk,why every time I get on that app for some reason when I try to switch the song on my playlist it won't let me saying that I had to pay $0 for 3 months for free give it my credit card information which I'm not stupid they need to change a policy it's really slow bro why do I have to go out of my playlist just play the song I want to listen to and then I get more ads like four or five ads what sense does that make it makes no sense,1,0,,2026-09-10 03:52:25,"Hi. Thanks for sharing this. We'll pass this on to our ads team. For the app's behavior, can you try a quick reinstall? If that doesn't help, give our Customer Service a shout by heading to support.spotify.com and searching ""Contact us"". They'll help you report this.",2026-09-10 04:10:16,
6845c336-36be-456f-b5c3-68f9f118687e,Darius Jackson Jr,https://play-lh.googleusercontent.com/a-/ALV-UjWxHzP7lEZFoHBKjzvYaryY1C7J-9J2GSPQb0W5I4ik_Ctfe5A,"Honestly has been great so far, the ads are a downer but they gotta be sustainable somehow. It also helps smaller artists and companies get more reach so it's bearable.",5,0,9.1.80.2221,2026-09-10 03:50:08,,,9.1.80.2221
1cd14810-d05a-4c72-9184-f83f44b8094a,marrylove Havana,https://play-lh.googleusercontent.com/a-/ALV-UjVlhesVMJYUQ18HFw8sKtv5YvODSURgwXUFpFe6MJZBCRwL8_g,I can find my favorite songs through the singer,5,0,9.1.80.2221,2026-09-10 03:49:34,,,9.1.80.2221
2299e49c-15ba-4711-965d-67b60ba7385d,Michael Gove,https://play-lh.googleusercontent.com/a-/ALV-UjWKxQOQOwHE8v47VikCbu3XGEKIYsW04VGs78gMZWlsHURaUVhh6Q,Wish i could upload my own downlaoded songs with a folder but other than that great app.,5,0,9.1.80.2221,2026-09-10 03:46:32,,,9.1.80.2221
c651547d-74de-4540-beb3-f2d05e450496,Dena Raulerson,https://play-lh.googleusercontent.com/a/ACg8ocKbGcB458k-apz54mzu9tBqYBO383Sa9g22p3lB9Wv5mcn4Gmsw=mo,great for saving songs just annoying with the ads.,5,0,9.1.80.2221,2026-09-10 03:38:44,,,9.1.80.2221
875eaea5-f8a0-4365-b807-a908b1866d16,Emmanuel O.B. Ogedengbe,https://play-lh.googleusercontent.com/a-/ALV-UjVAl6WyE6zm4dqOoC3Dor_aTQSgRbUiu2F9QUaGBrfqQvo1D6M,Good music service!,5,0,,2026-09-10 03:37:38,,,
d0dcf2b7-81aa-435c-9921-4faa57fecd26,Son Gohan,https://play-lh.googleusercontent.com/a/ACg8ocKUQVfLmeqPxWnl2HT36dbCNL69va3_UyNtzoQjtsZIovewMw=mo,تطبيق خراا كله اشتراك اشتراك دا يعني كفاية انهم عاملين التحميل بي اشتراك و كمان سمع الأغاني بقي محدود و لازم اشترك علشان اسمع اغاني اسوء تطبيق للأغاني حرفياً ال ملوش في الأشتراك يبعد عنه تطبيق خراا خراا خراا,1,0,9.1.80.2221,2026-09-10 03:31:32,,,9.1.80.2221
ccb4d0b9-dc85-4846-9952-2d77958719d0,Asanda Mbiko,https://play-lh.googleusercontent.com/a/ACg8ocK6hWFVGmxi1LBkW-PhA4pl9SMlCPYXdv70Zx-s9A1G-KnvOg=mo,enjoyable and reliable 👌,5,1,9.1.80.2221,2026-09-10 03:21:45,,,9.1.80.2221
d40c14a2-5d9e-4b31-83b7-4a06690fbbdb,Pork Huntt,https://play-lh.googleusercontent.com/a-/ALV-UjXDIxsFk9N6h4_ho7RFPMZyiQmoR_H1ipH1W0Lw-cMppeFH0ng,So you won't ever tell me about new music from artists except when it's a fake song. Some random ai song put up under their name. Been up 2 days and it seems super hard to report. Maybe make reporting this type of thing easier. As it's ruining your app alot laterly. We pay for a rubbish service,1,3,9.1.56.574,2026-09-10 03:21:08,"Hi. Thanks for reaching out and sharing your thoughts - we truly appreciate it. Your feedback helps inform how we think about the future of the platform and we'll make sure to pass it on to the right team, as this is an area we are definitely focused on.",2026-09-10 03:56:22,9.1.56.574
5f5750c5-4fa4-47ec-b123-53476903a759,Clevester Speight. Sr,https://play-lh.googleusercontent.com/a-/ALV-UjXTBnpUtQXBeBXwq_0jn-sg4SDPrhI66BKXQenDDd8GEyD8uJqN,Awesome,4,0,9.1.80.2221,2026-09-10 03:19:51,,,9.1.80.2221
1df74db8-7733-4bb6-b215-b5d0794639da,Ashley Hobbs,https://play-lh.googleusercontent.com/a/ACg8ocJO32-M4cAc94w2-5vouvhG9YL-QKIp52OfqGxtWEYuYk5wiQ=mo,"best app there is, no issues",5,0,9.1.80.2221,2026-09-10 03:19:16,,,9.1.80.2221
c601755e-9468-4fff-a01a-dc39847c63d4,Judy Kreller,https://play-lh.googleusercontent.com/a-/ALV-UjUgYieRdaz5_-zaM37E5tqQhl5UkKowBqHZMqMVLPBk1tg0Ptv5,I love this app. I've never had a problem with it. I thought I wouldn't be able to hear anymore of my old songs! When I signed up to listen to music back in the day. I was in my glory to hear my older songs that I thought I lost for good.,5,0,9.1.80.2221,2026-09-10 03:16:18,,,9.1.80.2221
8fa73cbe-b6db-484e-8a0e-5e1d5dfe5c75,Joshua Conn,https://play-lh.googleusercontent.com/a-/ALV-UjVM53D8mif6BrmfN0zRObY8G9cFVVc27MGNx9Efx9ncKo0qXm9P,damn good music but podcast comments was a mistake,5,0,9.1.80.2221,2026-09-10 03:15:35,,,9.1.80.2221
083b4ab3-5d02-43b7-b680-943021525d1c,Pat Hayes,https://play-lh.googleusercontent.com/a/ACg8ocJmqanJfrCcDtv0P7OpWZXvjjj-2Z5EDGhKtutXDJ5ckWsu-Q=mo,I can listen to the music I love anytime!,5,0,9.1.80.2221,2026-09-10 03:15:19,,,9.1.80.2221
6e66a1a7-29ad-420c-a1c7-41708c538af3,Sugar Plum,https://play-lh.googleusercontent.com/a/ACg8ocKSBMxGJYAWZFj67cYJnn02GzT2bQi66_-ZyiKzn5BkaARTcg=mo,it makes u listen to random songs even when u have a Playlist,1,0,,2026-09-10 03:03:11,"Hi! Smart Shuffle is enabled by default on our free service and helps introduce new songs to your queue. If you’d like to turn it off and have complete control over your music, you can explore our Premium plans at spotify.com/premium. If you haven’t tried Premium before, you may be eligible for a trial.",2026-09-10 03:08:45,
82182b64-a61b-4b52-860a-5167ce75a772,Christi J,https://play-lh.googleusercontent.com/a/ACg8ocIWLjZzrxSY3qVyTGqAdZEiQYKHQvemKW5fkwgFAhsi2ckEDg=mo,very bad,1,0,,2026-09-10 03:02:13,,,
d4bb967d-bf04-4999-9fc0-284e9dfd8daf,Khloe Tendo,https://play-lh.googleusercontent.com/a-/ALV-UjVpP_kBBoCgBo3imZiNrQ0zZPAC_INRiiv1K6-CPEKnGLZm4Y2P,just adds,3,0,9.1.80.2221,2026-09-10 03:01:47,,,9.1.80.2221
c2ad7757-91dd-450a-9420-fe6454912fcc,Sexycell Electronic,https://play-lh.googleusercontent.com/a/ACg8ocKvxe_uB2AhIQCnuHZZjZB55dDFz8XZeMSXpBZnBTWdOF09qg=mo,when u have a Playlist It makes random songs be added,1,0,9.1.80.2221,2026-09-10 03:01:39,"Hi. Thanks for sharing this to us. We'd recommend checking out our Premium plans at spotify.com/premium, for more flexibility in your songs. If you've never had Premium before, you should be eligible for our trial.",2026-09-10 03:09:18,9.1.80.2221
db789aff-aeb1-4b7e-8a9d-211862b23b6b,Aderemi Olumide Abudulateef,https://play-lh.googleusercontent.com/a/ACg8ocKnGQp_dHU8mUqp4G1mRIzvWG_SlHuxQu93hOtJacJDRwbMjw=mo,I love it 😀 😍,5,0,,2026-09-10 02:59:57,,,
cad634c7-caec-4836-923d-80086b0c23a8,Daniel,https://play-lh.googleusercontent.com/a-/ALV-UjWqj6cuaH-nUFuFk6RgO1xFcEKSnOgQyoirjXepi_7Eorenxnin,best music app I have ever used,5,0,9.1.80.2221,2026-09-10 02:59:08,,,9.1.80.2221
a75a4ac7-9f09-48cc-90fd-7bd915c50fc8,Mollie,https://play-lh.googleusercontent.com/a/ACg8ocKt7dYMXNeksUR6s1aDJC7_HJNKFBknkinRkSNQYxlvdJxOpA=mo,"I love Spotify, but the only downside is the ads that you have to deal with unless you pay for premium monthly... so I just deal with the ads because not everyone has the money to pay for something every month!",4,0,9.1.80.2221,2026-09-10 02:53:56,,,9.1.80.2221
7afc69f7-c4da-4787-a082-9933e8c6bf6d,Michael Bianchi,https://play-lh.googleusercontent.com/a/ACg8ocJZIIA7NWy7imOlVj-romeRtTt-koQwDUXMrYMmZAZW2msHMQ=mo,excellent music for every occasion,5,0,9.1.80.2221,2026-09-10 02:52:50,,,9.1.80.2221
a81ec7b3-c71a-488b-8a13-d40eb59e0301,Gavin Quick,https://play-lh.googleusercontent.com/a/ACg8ocKFRNqccsjXg0Xr85aNc9gG4OCVoEUfuwzUruVB7AIQ7R3OmA=mo,300 adds just for 5 minutes of music,1,0,9.1.80.2221,2026-09-10 02:51:54,"Hi. We're open to feedback. If you're getting more ads than usual, we suggest trying a quick reinstall. If that doesn't help, contact our Customer Service team at support.spotify.com under the ""Contact us"" section. They'll help you report this.",2026-09-10 03:10:06,9.1.80.2221
fadb5296-41cf-4eeb-8a0f-2c1a2edc9345,Porter Kahamni,https://play-lh.googleusercontent.com/a/ACg8ocLxYJcQP2iL8OccNlTgZP8PDBi5pqNVY2K6Omx3YXA2HuJP3Q=mo,best for online and off screen listening 😄,5,0,9.1.78.2218,2026-09-10 02:48:20,,,9.1.78.2218
96bf0d87-840b-465d-9fa7-7890974d1d8a,Patrick Queen Ufuoma,https://play-lh.googleusercontent.com/a/ACg8ocLJw_Z8OrHJUNCb43e-x6oC50OvR1rHunCvsWI3BtsYuReh1w=mo,good 😊,5,0,9.1.80.2221,2026-09-10 02:47:57,,,9.1.80.2221
d871fc59-4a72-479d-8cc5-1e00730f8163,Mohd Umar,https://play-lh.googleusercontent.com/a/ACg8ocJzVOIMFTwdGgxrJfj5E-rjPZ4DcYg3Kl7dNXKsjQD6nT5cTkI=mo,ads interrupt too much and premium Spotify is expensive,1,0,9.1.44.2120,2026-09-10 02:46:26,,,9.1.44.2120
d358b649-eb50-4110-b592-057ce4328bfa,INFINITY SHORTS,https://play-lh.googleusercontent.com/a-/ALV-UjVzHnzrZd340VDpl6sh3_I7JzHGmqRxiYXmDPyWyfVvRI05HgU,ads 🤬🤬🤬🤬,1,0,,2026-09-10 02:45:20,,,
105ba12c-57c5-451d-8d56-66922de89e6d,Brianne Williams,https://play-lh.googleusercontent.com/a-/ALV-UjXZKXlxS_mJWwHdmRNr-GKDaTSx6EC7CLK-J7ImUjUtKFf-nzY_,I had my membership for the past couple of years and I had no issues with the app. I really enjoy the personalization aspect of the app.,5,0,9.1.76.2055,2026-09-10 02:45:08,,,9.1.76.2055
582be0df-3bdb-4b9e-b29b-3269978e079c,Adian,https://play-lh.googleusercontent.com/a/ACg8ocLMjdIcmWw_oMUQ0UGmxDgk8yhGYZJyVdrdvJFfN0L8IkD1vA=mo,worst app on the app store,1,0,,2026-09-10 02:45:07,"Hey! We're sorry to hear this, and we'll pass your feedback along to the Ads team. For an ad-free experience, we'd recommend checking out our Premium plans. If you've never had Premium before, you should be eligible for our trial. You can also check out other deals by heading over to spotify.com/premium.",2025-04-11 19:53:47,
b923f280-a821-459c-a0df-2cbc741f4d4c,Yahya Family,https://play-lh.googleusercontent.com/a/ACg8ocIzP_AIz5tWuOSsaAv0fUCGAzHcESkbVRkf0IarXjgTjxYZQA=mo,I love this app way more than any other app because it ply even when I turn off my device and when I leave the app which is amazing so thank goodness I found this,5,0,9.1.80.2221,2026-09-10 02:44:50,,,9.1.80.2221
eaf89455-33ea-4bef-b576-b3031fb8309f,MRBANNA 007,https://play-lh.googleusercontent.com/a-/ALV-UjX0M07cgkTeMzrxPaZ_GqLKRdrgtGLuSoG3dkxeSnWQ0feUDlo,asd 🤬🤬🤬,1,0,,2026-09-10 02:44:45,,,
bcc45af5-6414-48b9-a133-3451a27850cb,Damn Local,https://play-lh.googleusercontent.com/a-/ALV-UjWZg8HZlYOc52s3JZNFH_bbGiIz8HyVyZ83m6iWS91zoYbHa8aL,delicious,5,0,9.1.80.2221,2026-09-10 02:36:55,,,9.1.80.2221
16d5308e-84a5-4071-bb72-07b622a1ec32,Hugh Jessop,https://play-lh.googleusercontent.com/a/ACg8ocJx7jVW9K8f8l3op_VTD9MzFsjVb0LSQdp6n5ccEYV4C6lAXA=mo,I listened to Spotify for probably 3 to 5 hours a day. it is absolutely excellent!,5,0,9.1.80.2221,2026-09-10 02:32:38,,,9.1.80.2221
ece1ad5d-ab23-415b-b7b7-965f250b4766,Tamarion Pattillo-Lewis,https://play-lh.googleusercontent.com/a-/ALV-UjUimNty7FDKXR7zRDBaKm2CBJ4D0A0saWkCD9ZjPTchW7pG7-Y,the best music place,5,0,9.1.80.2221,2026-09-10 02:27:42,,,9.1.80.2221
f5508df0-9b20-4bbf-a89f-f6b72a474f5f,Frank Legalhomie,https://play-lh.googleusercontent.com/a-/ALV-UjXqpo0bXgGGWxk8lp-HWncHnACG7Em9XSFutkJCe8dAwO7GJ60_,I enjoy Spotify more than every other music platforms. this is just the best.,5,0,9.1.80.2221,2026-09-10 02:27:13,,,9.1.80.2221
5d8cccad-89fd-45be-9ba0-4c4e345c54ce,Ciara Ross,https://play-lh.googleusercontent.com/a-/ALV-UjUWHid-PYu4PCGZqCvRmk4Q71sn-ZgNYrIiJ8eNjJ4GaLJg1ek,get it it's amazing,5,0,9.1.80.2221,2026-09-10 02:21:28,,,9.1.80.2221
0421bd0a-b630-491f-9634-6ad6dfb3eaf2,william Hadegu,https://play-lh.googleusercontent.com/a-/ALV-UjUifBJPHpjlCEoJ75tP6a2BsWsSkRTqDDWFRivlaz65WpgNzIA,Stunning,5,0,9.1.80.2221,2026-09-10 02:20:14,,,9.1.80.2221
d3063037-19e3-4e09-a64a-aa194bf28acc,Vibhay Kumar Thakur,https://play-lh.googleusercontent.com/a/ACg8ocIb_iKqkYB3yNZKloFa6icpx_8VFiFB6_b0KmXzY-Bd9Pqg8g=mo,As a premium user Spotify is best.,5,0,9.1.80.2221,2026-09-10 02:17:08,,,9.1.80.2221
e0ee05df-7f05-40b8-bd9a-e04344eb2c9a,jose lima,https://play-lh.googleusercontent.com/a/ACg8ocJ3773t2DpozIhYFmIukKEWP_m2y3_kHn6UpemjNsv4T79ngQ=mo,Top!,5,0,9.1.80.2221,2026-09-10 02:13:33,,,9.1.80.2221
03935407-08f4-4ff3-8b0e-05679a1eabd9,Subhan Jutt,https://play-lh.googleusercontent.com/a-/ALV-UjWp7uyCfyTjbUcrh-10BhDV8VMZcudvxa9avFiN6CaYz3mYFl7P,IG Subi ♡,5,0,9.1.80.2221,2026-09-10 02:12:24,,,9.1.80.2221
0065eb78-b9cc-4b14-a421-557fffb88765,Christopher JvR,https://play-lh.googleusercontent.com/a/ACg8ocJkSK0U4GFkBbHGOZIcODfC_nR5SeiNbJM6g9SGw6PFl_Ap6A=mo,App very bad at adding songs to playlists with slow connection. They should use a queue to add songs to playlists locally and sync with cloud. More often than I can count I add songs to playlists but changes are not saved. WHATS THE POINT!?,2,2,9.1.80.2221,2026-09-10 02:11:38,,,9.1.80.2221
31e1ceb5-b62f-4f7c-b8fb-b991817b08e9,Keary Allen,https://play-lh.googleusercontent.com/a-/ALV-UjXDmhlFGbfbZP7w1pIhiylK-t3IsVsRgM3sznxC4-gV3dhNn7pe,Way too many ads. 4 or 5 ads per song.,1,0,9.1.80.2221,2026-09-10 02:06:52,"Hi! We're sorry to hear this, and we'll pass your feedback along to the Ads team. For an ad-free experience, we'd recommend checking out our Premium plans. If you've never had Premium before, you should be eligible for our trial. You can also check out other deals by heading over to spotify.com/premium.",2024-10-10 03:12:33,9.1.80.2221
e011148a-4b1f-4c93-a68d-5f42a6e0e0d6,Zuni Caruso,https://play-lh.googleusercontent.com/a-/ALV-UjUzjgHHgU6HZyCHaUzb6nLvRTY71PSXanh-p8aVPYHi7bjMoD7F,they changed a lot like now they shuffle songs and I can't reverse the song at all or go back and I have to listen to the full song,2,0,9.1.80.2221,2026-09-10 02:04:56,"Hi! We appreciate your feedback. To experience more flexibility and complete control over your music, we'd recommend checking out our Premium plans at spotify.com/premium. If you've never had Premium before, you should be eligible for our trial.",2026-09-10 02:11:02,9.1.80.2221
637cb7e2-5e8b-44c8-b280-4c43f44fc477,Nima Pourdahoohi,https://play-lh.googleusercontent.com/a-/ALV-UjX-QCx-9CGaH2v3tUdugWnV1WjNMz5JCToS1TdQpASS5EawehOwBg,the best one🍻,5,0,9.1.72.1891,2026-09-10 02:00:40,,,9.1.72.1891
031e95ed-75c7-4b0c-a329-7c486efe92f1,Kaiju Protogen,https://play-lh.googleusercontent.com/a-/ALV-UjU9JjfvDlHNkO9Wh6fAq6vlD-SUNDc1ry1JWSZLanBKgHyX9GM,the ads make me wanna kill myself,1,0,9.1.80.2221,2026-09-10 01:58:19,,,9.1.80.2221
658e31b7-1e8d-460d-a42c-cf200e73ead9,Likith Leo,https://play-lh.googleusercontent.com/a/ACg8ocJUu2U1gtGr1cyW3RKmu2Gy8Mb-FuxJ-Ea4WnS0aWDkKasugJLs=mo,😮‍💨🎧💥!!!,5,0,9.1.50.1906,2026-09-10 01:56:41,,,9.1.50.1906
b898d176-5887-41a8-ad76-8d4e444e5908,Doug McFarlane,https://play-lh.googleusercontent.com/a-/ALV-UjWMMf_hz_Kz7Z7D2f-9AENsD5OpaDRCW6unuE_WGiR-Ti1ZtpIf,awesome 👌,5,0,9.1.80.2221,2026-09-10 01:54:36,,,9.1.80.2221
9c17158d-2bea-4f43-aa20-e348642631e0,Pane _97 C,https://play-lh.googleusercontent.com/a/ACg8ocL87Pz-dTzC3MJLy9X1qM5d2fBVUgnk8d-Em3HUGzX5halmBgAf=mo,the retarded ai has made this app horrible compared to when it released,1,0,9.1.80.2221,2026-09-10 01:49:29,,,9.1.80.2221
7c7d5266-bafb-4ba9-a4f8-2df85ca57c4e,Samuelina Baker,https://play-lh.googleusercontent.com/a/ACg8ocLslfoOT7rPNM549XAjuB_euz8Bp_D1nXzTvwajfpThct7FIg=mo,it's really great and I really enjoy it,5,0,9.1.76.2055,2026-09-10 01:48:40,,,9.1.76.2055
63448a6a-772e-4549-9090-68d7a5d4895f,Dineo Phateng,https://play-lh.googleusercontent.com/a/ACg8ocIHgjKZBqzExyIlJGljceqmNQ-ohR4UuDrABJ0FXCinxxYWSg=mo,it's good but needs less ads after like 3 songs,4,0,9.1.80.2221,2026-09-10 01:45:00,"Hi. Thanks for sharing this. We hear you and we'll pass your feedback along to the Ads team. For an ad-free experience, we'd recommend checking out our Premium plans at spotify.com/premium. If you've never had Premium before, you should be eligible for our trial.",2026-09-10 02:16:56,9.1.80.2221
cde32fbe-3d26-4ed5-9d72-d0aa5b0ec753,Nahia islam Progga Nahia,https://play-lh.googleusercontent.com/a/ACg8ocIHJVXi8YyhM4nqlQXmvA5AFPPCWbRby8_yGBdHBP3OM8cfiQ=mo,iluvittsm,5,0,9.1.80.2221,2026-09-10 01:44:55,,,9.1.80.2221
86a1f7de-3c6b-4ebc-8c70-cedfbc7cb41d,Jossey Steven,https://play-lh.googleusercontent.com/a-/ALV-UjUnEP5UUc2ih9oV9XwDk24k1Vqz_uCp4Cdj3yRFjXyY-Oc_erBE,💯,5,0,9.1.80.2221,2026-09-10 01:40:08,,,9.1.80.2221
56322fee-a2ef-4d6f-a398-51a9466eaf71,Tanmay patil.,https://play-lh.googleusercontent.com/a-/ALV-UjU2G4YV2sx9C87LYbo8dDKDCsqCiRbtisVNT5RKPkbU-bN6RIMQ,love,5,0,9.1.80.2221,2026-09-10 01:38:44,,,9.1.80.2221
8857f1e5-c6a9-41aa-9531-20050739b4e9,Dori Martin,https://play-lh.googleusercontent.com/a-/ALV-UjWpbJFUX7Tc7wHpGiX36uUQ8ptVu4Be5VI2E1rPPGFU9WFGZPAM,"love Spotify! It's one of my most-used apps: podcasts, books, and my favorite music, plus great suggestions based on my preferences 😄",5,0,9.1.68.1888,2026-09-10 01:37:33,,,9.1.68.1888
481d4335-7058-4b59-9f26-db0dea064652,Astitva Sinha,https://play-lh.googleusercontent.com/a-/ALV-UjUrIQNmaHpAbxSq3-couEYUl6hMR1WMt5pQNrc8WXwT06jcT6NA,too many ads in between. break the flow.,2,0,9.1.80.2221,2026-09-10 01:36:53,"Hi. Thanks for sharing this. We hear you and we'll pass your feedback along to the Ads team. For an ad-free experience, we'd recommend checking out our Premium plans at spotify.com/premium. If you've never had Premium before, you should be eligible for our trial.",2026-09-10 02:47:19,9.1.80.2221
942c2594-a00f-406a-b521-1e980a3f9117,Chikwado Igube,https://play-lh.googleusercontent.com/a/ACg8ocKAlVHOuBSgM2InbP6YSr7knI_vBtzRuf1nqdYD8Gfb-kVf8w=mo,muchmnv NV f numbers,3,0,9.1.52.1394,2026-09-10 01:36:33,,,9.1.52.1394
cf38d5ed-ab94-4f3f-bbe6-ef6f35e73f80,Sarah Jones,https://play-lh.googleusercontent.com/a/ACg8ocLwgGi9W5gMGFxoqQyXPCDBQl59ESx0BXt5npWzEkm4-s4pJg=mo,Big load of rubbish,1,0,,2026-09-10 01:35:06,,,
3e94b32f-5372-4991-b85a-0dfddd5a30a5,Joseph S,https://play-lh.googleusercontent.com/a-/ALV-UjVICrGA7iNKckSPkqkWki6JcZ-dSHMzPKHWgWG8sfjn5DnABmg0,Customer service reps can't correct account address glitch,1,0,9.1.80.2221,2026-09-10 01:34:36,,,9.1.80.2221
fcc19647-e0e8-40fc-adf4-da81e2584b8e,elizabeth wagner,https://play-lh.googleusercontent.com/a-/ALV-UjXeDQhzSniTOi6Nl74R9ypOd-8W5y3Ch8HQuCzCmAfDD30Bo6sl,"this ""update"" has nothing but issues!!",1,1,9.1.80.2221,2026-09-10 01:31:13,,,9.1.80.2221
61274ee3-3dfc-4595-92fa-79cdcf9fcee3,Eric Balkind,https://play-lh.googleusercontent.com/a-/ALV-UjXdcSq1YTHeIZZ_vwiRVMSYgC1XfPHEb-RyN8mJV4TQ6yuYmobW,I am using Spotify since 2018 and it only gets better. We'll worth the subscription and you get so much content that you will never run out of what to listen to,5,0,9.1.80.2221,2026-09-10 01:29:47,,,9.1.80.2221
ae7d4a1c-3412-45e6-b385-6fb1d25bfb43,Ultimateflipper Bros,https://play-lh.googleusercontent.com/a/ACg8ocLbolO5DQ_RSU0oaAIPvJ5900wAWom4PMhKeht4sbwPHWg8WA=mo,At the Attic we have hypo 2000 Vaccumes airmax and mascara while on Spotify it says pay donations Via Damphirs and the Breaths,5,0,9.1.80.2221,2026-09-10 01:29:46,,,9.1.80.2221
8fb909ce-363c-481f-b2d7-5a803f45881b,Lee Leish,https://play-lh.googleusercontent.com/a/ACg8ocI8_m0hV0rPSwyJxv5yr8d1I64q20ZOZGaD8zR_rWqAkuJQjg=mo,I get to have many new songs😁😁,5,0,9.1.80.2221,2026-09-10 01:27:58,,,9.1.80.2221
d56ee2a8-b4ea-436d-9f35-85c2f1e569b7,Rashmi Karnani,https://play-lh.googleusercontent.com/a/ACg8ocKkN8odSpqT0C-JRjO9GveFLGU3dmXlABeBuphDWqgCaqKH5g=mo,bas tailor hi deta rehta hai Koi gana free Nahin Hai🙄🙄🙄😒,1,0,9.1.72.1891,2026-09-10 01:26:04,,,9.1.72.1891
f3ea0f93-691b-49b4-818e-054b834356be,Bibin Raj,https://play-lh.googleusercontent.com/a-/ALV-UjVZExGKK_iRx3T2XJrkbgEI4SIPQcIoOMMCTKwqAiC8fsQrvmY0,nice,5,0,9.1.78.2218,2026-09-10 01:24:31,,,9.1.78.2218
86ab239b-a8cf-4690-b140-65592c9dde07,Newranjit,https://play-lh.googleusercontent.com/a/ACg8ocLnvJS8AIVIxZDh6yJSjjcG21TYbhNPc5ym-JXMO4sgTk4i8w=mo,🤯😵‍💫😵‍💫,5,0,9.1.80.2221,2026-09-10 01:22:20,,,9.1.80.2221
63d2de6d-0794-4837-ad4c-e81b1994202e,Pablo Rivera,https://play-lh.googleusercontent.com/a/ACg8ocIow5ZaYPMT6kyNZRi4zgmbMLFu5T5Kss6Xn1C2etqTTelRzA=mo,the best,5,0,9.1.72.1891,2026-09-10 01:20:42,,,9.1.72.1891
d0e8dfc1-7611-4ed7-a93c-028efe13881e,Larsen Moseley,https://play-lh.googleusercontent.com/a-/ALV-UjUxO1KhHHtcRGebvDEXdZBsByFKLOxY_MjFlpPLJP9PGYfTQpzO,I pay these people $13 a month just for the app to crash every other time i try to listen to a podcast.,2,0,9.1.80.2221,2026-09-10 01:16:57,"Hi! Thanks for leaving a review. If your app is crashing or having other issues, we recommend trying a clean reinstall. You can find step-by-step instructions for your specific device by visiting support.spotify.com and searching for ""Reinstall."" If that doesn’t help, reach out to our CS team through the ""Contact Us"" section on the same site.",2026-09-10 01:39:45,9.1.80.2221
28fc4f42-0e8f-4641-9140-4842c785003d,Vojislav Jovanovic,https://play-lh.googleusercontent.com/a-/ALV-UjVswOUXiwkWD6PpogbX1MGDvAiAYdjTxyWScT7qYwCsbLknUSc3,phenomenal!!!!!,5,0,9.1.42.2058,2026-09-10 01:08:29,,,9.1.42.2058
444bb104-3d2a-4b1d-9f9d-7a549a233293,Mokuba Jarrett,https://play-lh.googleusercontent.com/a-/ALV-UjVriMRnJABw2XCcZkUkk1pysBb1ief9hfIi0rxHKBFyTLokldU,love this app,5,0,9.1.80.2221,2026-09-10 01:07:15,,,9.1.80.2221
adf2a624-ee2c-4e5d-a766-169f528ca01b,mopelola clay,https://play-lh.googleusercontent.com/a/ACg8ocJfcOzrqweFaxUuFc_h6vqK5wROdNyBhL9_WyLKOCQjBSYx9w=mo,nice,5,1,9.1.76.2055,2026-09-10 01:05:25,,,9.1.76.2055
11126193-d4d7-4255-a267-b9c75b9fdcb0,AH HA,https://play-lh.googleusercontent.com/a/ACg8ocJ5CwSRnWBE7eEP8lenOMTp9fPOZSHOs17roSD2643kPECdfQ=mo,sells your info and steals your music,1,1,,2026-09-10 01:02:25,,,
2405b685-2b17-4731-95f3-ddf19488e794,Gulgul,https://play-lh.googleusercontent.com/a/ACg8ocITwNRJxAbZgDrkugDQ4_O8mhn9IxNKgzyX6ggAe7MyR_fajAA=mo,so many adds,3,1,9.1.80.2221,2026-09-10 01:00:05,"Hey! We hear you and we'll pass your feedback along to the Ads team. For an ad-free experience, we'd recommend checking out our Premium plans at spotify.com/premium. If you've never had Premium before, you should be eligible for our trial.",2026-09-10 01:30:10,9.1.80.2221
bc238274-a8b0-4f8b-b16e-253c4d23aeca,Samir Mejia Cabrera,https://play-lh.googleusercontent.com/a-/ALV-UjVBsiTc21HqHQihpQfWVnfvSmpiTHWmfG11-vmBit6ScchLd00,it was so good I can't say more then that,5,0,9.1.80.2221,2026-09-10 00:58:40,,,9.1.80.2221
f4ea6b2e-a84e-4501-89f7-03e5f0493cc9,Peggy White,https://play-lh.googleusercontent.com/a-/ALV-UjUUIdC-2hWiiBgRBwjkRyAuuII9ml1PBOCjqir8tuob1FtkjEM,One of the best places to get your tunes 😎,5,0,,2026-09-10 00:55:29,,,
43430cfd-cbb7-4513-8099-9533e1815772,Michael Asiegbu,https://play-lh.googleusercontent.com/a/ACg8ocIBNTEykUwYUNKjQyfl2H5rdkj6kPDVeLd0MsSeXyJaz7TNDw=mo,EXCELLENT APP 💯💯,5,0,9.1.76.2055,2026-09-10 00:54:32,,,9.1.76.2055
02dde228-72b6-4f1c-9cee-d6621a3eff1b,Bo Marie,https://play-lh.googleusercontent.com/a-/ALV-UjUbVXWQViDZQhWO2hfkgMUZN8xQGheXi2Z5BRi5h07T6QcUtpw,I'm having an issue keeping Spotify open. it seem to force close after 1-3 songs...every time...,2,0,9.1.80.2221,2026-09-10 00:52:24,"Hey there! Have you tried a quick reinstall? If the same issue persists, we'd recommend reaching out to our Customer Service at support.spotify.com. Just search “Contact Us”.",2026-09-10 01:31:23,9.1.80.2221
b5fad50a-2708-4c74-a396-f42d19a07783,Zillow,https://play-lh.googleusercontent.com/a-/ALV-UjVJ1tTrP70iVELge-5_Xa03UZyHsQFg7Q_ESulowoZ_2Gzc-_8,Very interesting music play,5,0,,2026-09-10 00:52:20,,,
0db43087-5b83-49b0-91d7-12bb74c9ce31,kiahvi kiyutelluk,https://play-lh.googleusercontent.com/a-/ALV-UjWBrc0F4eY35F-t-XRFcCyJS3ttmq8ksC-eEckM-0aAzfMHtOXW,the music keeps staying on one song no matter what sing I press it stays on that song its annoying please fix it,3,0,9.1.80.2221,2026-09-10 00:51:30,"Hey there! We understand your concern with the app. Have you tried a quick reinstall? If the same issue persists, we'd recommend reaching out to our Customer Service at support.spotify.com. Just search “Contact Us”.",2026-09-10 01:29:32,9.1.80.2221
6fc50ec3-a261-40b7-ad74-c541e4f15444,Ben Capon,https://play-lh.googleusercontent.com/a-/ALV-UjXJCWhS1RhODUF1c8kCleIt-2EQPsdiWLRbZdGxcYHaDO_09gm1,fandabidosi,5,0,9.1.80.2221,2026-09-10 00:51:28,,,9.1.80.2221
3e6efcb3-c684-4857-93e0-7c5a5e40a962,Dustin,https://play-lh.googleusercontent.com/a-/ALV-UjV5uayNl5I2Gbp8LOhf3RznJzB-Puk3gJFexBJbaE83m9CblkFj7A,"If my work playlist is over a hundred hours long, why do I hear the same song 3+ times in one day? Sometimes it's the same sequence of songs. It's as if they only shuffle an hour of two worth of my songs and then repeat that same queue over and over all day. That's lazy programming!!",2,0,9.1.72.1891,2026-09-10 00:50:49,"Hi! Thanks for leaving a review. If you’re hearing the same songs repeatedly, try clearing the app’s cache—this can often help reset playback patterns that might be stuck. If that doesn’t fix the issue, reach out to our Customer Support team at support.spotify.com under the ""Contact Us"" section, and we’ll be happy to help further.",2026-09-10 01:31:30,9.1.72.1891
0c7e83b8-b0fe-4c69-be91-b735a5c36da4,Troy Magnusson,https://play-lh.googleusercontent.com/a/ACg8ocJUsUuRnBX6YG10mvefQvUOe1P3RJZl-Cq0WbWHEp6xnsDIkA=mo,"Can't use the app because everytime it comes up saying I'm not connected to the internet, which is funny because the reels on Facebook are running in the background. Moving over to YouTube Music or Tidal instead, maybe those will work like every other app I have other than Spotify.",1,0,,2026-09-10 00:48:05,,,
b52e7c67-e928-4f48-9541-6272c97d418c,sachly tahmasbi,https://play-lh.googleusercontent.com/a/ACg8ocIB2RZAq3seZwsNOss7fPb1lxliW9mmkC50d8A87GXQqJWw6Q=mo,abselut cinama,5,0,9.1.80.2221,2026-09-10 00:45:05,,,9.1.80.2221
540367f2-9683-40a9-9d45-eb653b818718,Oscar García,https://play-lh.googleusercontent.com/a-/ALV-UjUpxHVNKF-vWGz5E5B2f0P8RZ2Nyrbc1hkBDbzgAGdg1pKCqbU,"Everything they offer is mainstream, they insert AI music in playlists, shuffle is not real randomization, overall pretty bad",1,0,9.1.80.2221,2026-09-10 00:43:28,,,9.1.80.2221
72671383-d1e0-40c1-aec2-27ef79e284c7,Kevin Turner,https://play-lh.googleusercontent.com/a/ACg8ocI6zfabxwbQrbBvCtzfCIKlPCKsnwTxpOzCADlGWgOgmJt8YQ=mo,Spotify is great for its free content.,5,0,9.1.80.2221,2026-09-10 00:42:33,,,9.1.80.2221
f2c3305e-c28c-41b0-a4d2-3dddc6019415,Sicelo Mdabula,https://play-lh.googleusercontent.com/a/ACg8ocKivNb-V1uAUfvXJmtOV1OEDuCpeFETpimuVbRqFQt5EnopZg=mo,Perfect,5,0,9.1.80.2221,2026-09-10 00:41:22,,,9.1.80.2221
b49bed15-6537-4d7f-b804-70d75583e74b,Lathi Lathitha,https://play-lh.googleusercontent.com/a/ACg8ocIkhvPqxESA5JAhvTsY3ZkHI4ZTQyNomrVgbN2x71TCrTbUHw=mo,a good experience on Spotify plz install very good experience,5,0,9.1.80.2221,2026-09-10 00:40:13,,,9.1.80.2221
2fc62cea-aa45-4104-91b7-4ad2857d3aef,Sumaira Sartaj,https://play-lh.googleusercontent.com/a/ACg8ocKBumEuA7pvlhH5mUcr-vh18Tsb_Z6Sjor7wPNC20ITEMISzw=mo,"Great music library and discovery, but free version ads are way too frequent. Premium is worth it for offline listening and no interruptions. Interface is smooth, though podcast separation could be better. 4/5.",2,0,9.1.80.2221,2026-09-10 00:40:03,,,9.1.80.2221
f7c221b8-3fc0-41a4-aeaf-f3f397d6077a,Khushi Patidar,https://play-lh.googleusercontent.com/a/ACg8ocL9N5os4cect1-g0HV5uBS5eZn8PMw-gtyYq-hj2rx3bROTbQ=mo,"this app iss to often only 2 to 3 song are played by my choice and then they ask for subscription why should this happened ,a music app should provide free songs without subscription jio savan is much better then the spotify so this is a request for improvement because people install this app for listening music by there choice not yours okay",1,0,9.1.80.2221,2026-09-10 00:37:17,,,9.1.80.2221
f99ccf45-3587-4981-945e-71ce1e81e001,Hector Ortiz,https://play-lh.googleusercontent.com/a/ACg8ocJI0WBfuIZ55zX3EzGn_HRlLoOixsm-h1eJ1m4RKMVp0h05I3Wd=mo,Spotify does it for me with great music 🎶,5,0,8.9.74.568,2026-09-10 00:33:51,,,8.9.74.568
cb7d9ad8-dcf5-4ecb-9f36-f4a16fa6197b,Ayorinde,https://play-lh.googleusercontent.com/a/ACg8ocIk9P3iLZf7c3IjErB7FQ9bhJ9BNlSmKyciqCbSCoxj46xzmg=mo,wonderful and enjoyable,5,0,9.1.72.1891,2026-09-10 00:31:58,,,9.1.72.1891
0aa0b68b-75c7-4824-88ad-799d1df4247b,Katelynn Wier,https://play-lh.googleusercontent.com/a-/ALV-UjW2pzvCHLxYOLxSwSfiIZixIFCQuM3onFlItyw-Y-Wt3Ub7cPk2wA,"I LOVE Spotify but here lately my songs will randomly just completely stop playing for no reason at all. I will be listening to my music with my phone screen locked working, and then the music just stops. I have to unlock my phone to resume the music and the songs starts all the way over and not even where it stopped at. Please fix this issue Spotify. Update: Issue was resolved for a very long time. However, it is happening again. Please help fix this ASAP 😭😭",3,144,9.1.80.2221,2026-09-10 00:31:26,"Hi. Thanks for bringing this up. We suggest checking your phone settings to ensure Spotify is allowed to play in the background. For the app's behavior, you can also try a quick reinstall. If that doesn't help, we recommend reaching out to our Customer Service at support.spotify.com. Just search ""Contact Us.",2026-09-10 00:40:39,9.1.80.2221
7e960f3d-28fe-4072-af2c-6bd94523cebb,Familia,https://play-lh.googleusercontent.com/a/ACg8ocJWGvmloxQB6vzBpL2T_nlYAvSNvtytvPMCbwAiBmkVt5322A=mo,it good then you are d breaking apart there is some songs that can help me,5,0,9.1.80.2221,2026-09-10 00:30:40,,,9.1.80.2221
56c67414-d298-4df5-a2d5-ac34b52a91c2,trevor cast,https://play-lh.googleusercontent.com/a-/ALV-UjVYOwPofH-Peo_bOx09X3kbM8NKYl-DXlHqeb5fW0m4ML8h6SDy,finding new artists is always fun,5,0,9.1.80.2221,2026-09-10 00:28:31,,,9.1.80.2221
98b87a70-5369-42b8-8ddb-93d5397d40cc,help serve,https://play-lh.googleusercontent.com/a/ACg8ocIRZn6xABvO-T1GYiRbv5IJvUYd2CdypumsjcHVbIG7owSbUw=mo,"crashing after September update, unusable",1,0,9.1.80.2221,2026-09-10 00:26:45,"Hi. Thanks for sharing this with us. For the app's behavior, you can try a quick reinstall. If that doesn't help, we'd recommend reaching out to our Customer Service at support.spotify.com. Just search ""Contact Us"", and they'll be happy to help.",2026-09-10 00:37:04,9.1.80.2221
f941b0c3-c383-4f3b-bf26-396b07efbb79,Andrew Doyle,https://play-lh.googleusercontent.com/a-/ALV-UjUBqlVuhunM06bg3Pff_lWkuOGOU48qm9KtkaI6FLr5r-yueF8p,I love Spotify I'm able to listen to music I'm not able to find on Pandora or YouTube music I would I would like to enjoy listening to my music in order and not have to listen to ads and I don't want to pay for premium either cuz it's too expensive I want to listen to my music premium and AD free,5,0,9.1.80.2221,2026-09-10 00:26:35,,,9.1.80.2221
5c617740-25f8-4aa6-9f64-5d4813b3d632,Phila Xulu,https://play-lh.googleusercontent.com/a/ACg8ocLOmE1fvtg96Rgh5Li_oAe40Xx64Z0zVEfQtvdLtefxO50DOQ=mo,Iove Spotify,5,0,9.1.80.2221,2026-09-10 00:24:07,,,9.1.80.2221
09d0a868-39cf-4152-ae9a-8dee8531bcfd,Sudhindra Yadhati,https://play-lh.googleusercontent.com/a-/ALV-UjXTPkYRQ3o47EuJdlUtou49GWAIPO1BbDbGOAKU4FNIpg1rr0aiVQ,Overall very Happy with Spotify!,5,0,9.1.80.2221,2026-09-10 00:21:56,,,9.1.80.2221
a11d6d33-f8d3-4a85-802a-bd4131492954,Jane McCoy,https://play-lh.googleusercontent.com/a-/ALV-UjVWND1zIXMR3WsUW0LJm0tkkALFD_rNZyCCHr_URncIxZiQIuI,My go to music 😁,5,0,9.1.80.2221,2026-09-10 00:20:28,,,9.1.80.2221
0258e4bb-edf3-45eb-8139-9322f2af210e,Sreehari A,https://play-lh.googleusercontent.com/a-/ALV-UjUjl4JW_NnBLJhKvZAHmfzqH6SGD1P4LP5jmo1044K5sQjcgpAb,"""This app is okay, but there are too much ads.""",1,1,9.1.28.2252,2026-09-10 00:19:20,"Hey. We hear you and we'll pass your feedback along to the Ads team. For an ad-free experience, we'd recommend checking out our Premium plans at spotify.com/premium. If you've never had Premium before, you should be eligible for our trial.",2026-08-24 02:28:02,9.1.28.2252
d4087f2d-0844-4fa4-874c-490f15348322,Krishna,https://play-lh.googleusercontent.com/a/ACg8ocJmnSxZ--gjhQ6oEdXnrLbWpChjHjkEuCJ0njYaJoqin21XBw=mo,good,5,0,9.1.80.2221,2026-09-10 00:16:52,,,9.1.80.2221
aa4305f7-47c1-4d6b-bf5c-2af6a6188244,Taqwa Aisha Ali,https://play-lh.googleusercontent.com/a-/ALV-UjWCItKlW8FBR8b0EsCq-dcq7EK0pwL9ULit14EzObdm9kAAXDE,it is great when you get used to it,5,0,9.1.80.2221,2026-09-10 00:07:01,,,9.1.80.2221
7a90f480-4bc6-4c0d-863b-c1da3aa314fd,Daman Rajput,https://play-lh.googleusercontent.com/a/ACg8ocI4Le9_hImC6i7onwoHYuS2LcK6HjXfGyPRgaFxlqDuruQn1w=mo,money waster,1,0,9.1.80.2221,2026-09-10 00:05:07,,,9.1.80.2221
3b4847eb-5496-4b83-a13d-203aa9182533,Amirat Azeez,https://play-lh.googleusercontent.com/a/ACg8ocKZe6QKIl5t78aTQZqD__yP1fQ_wi31ioXWnd_UFngiKe9vYw=mo,music is so good,5,0,9.1.76.2055,2026-09-10 00:01:23,,,9.1.76.2055
cc5ea464-2ea4-458c-8263-1fd68b1ff59d,Ashantisagisagi11,https://play-lh.googleusercontent.com/a-/ALV-UjWOKdqekd0sSJk0W8BGpB8O_RwIiNZ-L82GQ9EazFsxs1m1MhwF,makes me so clam when I'm sad or mad I love this app!,5,0,9.1.80.2221,2026-09-09 23:59:09,,,9.1.80.2221
9510fbd7-9834-4a0a-bb81-6f8859faaf18,Joshua McNerney,https://play-lh.googleusercontent.com/a/ACg8ocKnkILhh3z_xcjqZ-rq-yoWYpw6o4kKpplB3fhmuWm-vJY6PQ=mo,Love the app but there's no underground music like other apps,4,0,,2026-09-09 23:58:59,"Hi! Thank you for your feedback. Our catalog depends on rights holders and can vary by country. We’re always adding new content, so if you can’t find something right now, it may appear soon. For anything else, contact our CS team at support.spotify.com under the ""Contact Us"" section.",2026-09-10 00:06:50,
f0b9e430-5e5b-4603-b0b4-8ec03169c2d7,Ajan Reka,https://play-lh.googleusercontent.com/a/ACg8ocKSoP-_euYfSwsRY6Wr_99Js8s6pXxoiO04ezn5aKLjtTu83Q=mo,"very good app, I love it",5,0,9.1.80.2221,2026-09-09 23:57:45,,,9.1.80.2221
290fdc2f-3c99-4803-b479-a58146b0b3f7,Sahil Shukla,https://play-lh.googleusercontent.com/a/ACg8ocJ4jvPtY0b9OvNu6dOs2ehlHxyTK5bNobKNej8xp_gls93L7Q=mo,great,5,0,9.1.80.2221,2026-09-09 23:57:25,,,9.1.80.2221
22b9075c-b900-49f1-9d55-6433948847a0,Abdulmalik Olanrewaju Hammed,https://play-lh.googleusercontent.com/a-/ALV-UjUluuAtvLxfmze9Rwgx1tWwniwqDHpLsScoQo7R8j_s-V9Lcx0-,Amazing 😍,5,0,9.1.80.2221,2026-09-09 23:53:32,,,9.1.80.2221
fce77dbe-fffd-41b9-95b0-6af794ba9910,Lucas Strader,https://play-lh.googleusercontent.com/a-/ALV-UjVEaMbFgd1zLf7eQH8CAKs6YNJShmM2X1t6VmSqcP7RVxzZFF0W,Easy to find what you're wanting to listen to.,4,0,9.1.80.2221,2026-09-09 23:49:23,,,9.1.80.2221
570dd521-a91f-48fe-9727-ad9335e3fb34,Donald Odom,https://play-lh.googleusercontent.com/a/ACg8ocK7pR2JdgarVS3jRHAABsM-g17SQCuDFDbAuE79ST0dob9dYQ=mo,easy to use huge selection of music,5,0,9.1.80.2221,2026-09-09 23:49:16,,,9.1.80.2221
fbc58f36-5495-4d65-9538-4f83510e080e,Fin R,https://play-lh.googleusercontent.com/a-/ALV-UjVPg-EG6oumWfhOlR8h6BgCz_eOc-2jKTAj_qO4cAf4onA9l94,BRO MAKE PREMIUM FREE FOR 10 YEARS ATLEAST,1,0,,2026-09-09 23:47:47,,,
ddaec0aa-ad0e-4e1b-be77-3597c1efbd04,Sabrina Puckett,https://play-lh.googleusercontent.com/a-/ALV-UjXA0WIDhGCbE3rksFGjC2-1oZFI7S8rUqfuJJ5MYnBpRyHMdwc,use it everyday!,5,0,9.1.80.2221,2026-09-09 23:46:22,,,9.1.80.2221
12fa32cf-f5ea-4bbc-a57a-29678cd525f4,Sutithi Bhowmick,https://play-lh.googleusercontent.com/a-/ALV-UjUltSBEosp44Lu6vPH2axsXvwMUNTHJYcAMCDk7VOjrAPV2mWUy,good,4,0,9.1.80.2221,2026-09-09 23:45:59,,,9.1.80.2221
fd700a71-c39e-4e83-9e5d-22d6b9ace6a3,Maak,https://play-lh.googleusercontent.com/a/ACg8ocI_5gInYbVYOvBtKNcbrCbqepwGtiv7VUC27eMBxU4C_aWfVw=mo,Spotify in 2026 is still the #1 music streaming app in the world for most people — but it's getting more expensive and the sound quality debate won't go away.,5,0,,2026-09-09 23:45:38,,,
7c98a681-a361-4131-9a1b-e93685da9f6b,Sibongile Zulu,https://play-lh.googleusercontent.com/a/ACg8ocLgFMVl1mV7gSehOxNGlWcMGnOApbSa5uKSyVfhpX98guXHEw=mo,very nice app but now I'm struggling to play with it on my Hawaii smart phone,4,0,9.1.76.2055,2026-09-09 23:43:27,,,9.1.76.2055
d7279840-ce38-4a7d-9f03-66bbe3f18f4e,Ray,https://play-lh.googleusercontent.com/a-/ALV-UjVxKZayq8i1y4gUCT1qz8dt7K190kxVy5Uyjk7ArZ-zw23mOHmc,"I love the music app just for some reason lately after the new update, I can't just let it play. It has to be open on my phone or else it'll just go mute. Even with all the permissions granted",4,0,9.1.80.2221,2026-09-09 23:42:16,"Hi. Thanks for sharing this with us. For the app's behavior, you can try a quick reinstall. If that doesn't help, we'd recommend reaching out to our Customer Service at support.spotify.com. Just search ""Contact Us"", and they'll be happy to help.",2026-09-10 00:09:52,9.1.80.2221
d0d7d43f-3975-438e-b64d-479ea39278bb,Tawhid Islam,https://play-lh.googleusercontent.com/a/ACg8ocJgg0WFEYR4hueV35QgLXH4lQV7cXsaBw2o_rC3WaEx2bgQBg=mo,good,4,0,9.1.80.2221,2026-09-09 23:41:14,,,9.1.80.2221
5195d147-3fc3-4315-8cd2-3bedab6054ae,Grant Allan,https://play-lh.googleusercontent.com/a-/ALV-UjXbAcQoLuaO1a1S_tbM5sNBsJ4qhk3T6cZ7P5tWC-UwGgFgZY4o9w,It's good. Lots of ads though.,4,0,9.1.80.2221,2026-09-09 23:40:21,"Hi. Thanks for sharing this. We hear you and we'll pass your feedback along to the Ads team. For an ad-free experience, we'd recommend checking out our Premium plans at spotify.com/premium. If you've never had Premium before, you should be eligible for our trial.",2026-09-10 00:05:51,9.1.80.2221
8f29513e-7f86-450e-9819-ab3dd730fa46,Rajesh Shinde,https://play-lh.googleusercontent.com/a-/ALV-UjVLzu96gzITL79kh_IncIdLhFZw0EktgIcYiEaGjQWAK9FJ1Xjd,"nice experience, best music app...!",5,0,9.1.80.2221,2026-09-09 23:39:11,,,9.1.80.2221
f5c998a2-a4cd-4e94-a006-08ab84736bf0,Trevor Henderson,https://play-lh.googleusercontent.com/a-/ALV-UjXLyTwA7VKVqhWpSHO8P6MgCOXeVX9oSLt9xgWzYrI36-lpKQ0,The lossless download format sounds better than cds. controlling the app running on my laptop via my phone is a game changer. Laptop is attached to my Pioneer stereo for optimum sound with optional outdoor speakers attached. A must in the car through Android Auto.,5,0,9.1.80.2221,2026-09-09 23:38:34,,,9.1.80.2221
66e1997b-3b8c-4cb6-a1a8-c5b01fb9799d,Chaytana Mandal,https://play-lh.googleusercontent.com/a-/ALV-UjV7sUFx7iGkqsc0PH4GkayHbtVAkTNK3sZXAfXdmnu59EFfKsVU,opoo,5,0,9.1.80.2221,2026-09-09 23:36:08,,,9.1.80.2221
7996e0dc-4682-4b5c-a369-f2bffc3a6c46,Nabeel Ikram,https://play-lh.googleusercontent.com/a-/ALV-UjVEI02iphaLOGVoEEYIu8IqKy6tdBDhc1KnroyowYB2Jqz4HLB0,I love it i had a very good experience,5,0,9.1.80.2221,2026-09-09 23:35:32,,,9.1.80.2221
a1bdf6ed-44e5-452b-b236-6cdf553333df,Maya Missy maymay,https://play-lh.googleusercontent.com/a/ACg8ocIZeET5ZO-9lzGu9__PvsJR04kDJmyEy9UGDxbr3Fk49QN6=mo,"it is the best but can you guys make it be used when offline Please.I really like listening to music on this app my favourite app this year .you guys are the best . thanks for making Spotify for people who loves music,have a great day 🥰🥰🥰🥰🥰🥰🥰",5,0,9.1.80.2221,2026-09-09 23:31:26,,,9.1.80.2221
c72ad10e-ec68-4fa6-94bb-144934ee2ebd,Joy Biswas,https://play-lh.googleusercontent.com/a-/ALV-UjXTOUYk0VZxSmu2ojPxqmCtFjfTRs-W0ngFy2_VcpkKVBaxQgP_,exclent,5,0,9.1.80.2221,2026-09-09 23:27:53,,,9.1.80.2221
40bd677b-6840-4231-a05a-dbf53edade0b,John Harvey,https://play-lh.googleusercontent.com/a/ACg8ocI4jxFAdQT7xc1HIP8DNlXqeL7oGqX3D30we5H4xHE72vBs7w=mo,always gives me what I look for! no matter how old the tune.,5,1,9.1.80.2221,2026-09-09 23:22:57,,,9.1.80.2221
6b02bc0f-95ee-43b0-962f-5a64aeeaf4c5,Abdirahman,https://play-lh.googleusercontent.com/a-/ALV-UjWGL8-GkZuIJFBBGNLhrE-0DFlMHME_SVkkR-eGFUAxsKsC3mM,persinalized playlists at their peak,5,0,9.1.80.2221,2026-09-09 23:22:20,,,9.1.80.2221
985a1f08-97ce-42b4-9232-e4b1c4e4b9c8,Aditya kumar jha,https://play-lh.googleusercontent.com/a-/ALV-UjXu4EUsTJQ-_ozvcrZVun6eXP1FIKdxz-1bz8lC8M46IqDbAkY,bro to cool and for student subricbtion 67 rupees oh ! my god,5,0,,2026-09-09 23:22:15,,,
09e9cd81-9498-435f-9362-d63d6fa5bc2a,Rakha,https://play-lh.googleusercontent.com/a/ACg8ocKKMwKRZHRC_2YESx1Va_8I9r5coeC-gUovGoZUgg616j7nmA=mo,Spotify is the best app for listening music 👍🤩❤️,5,0,9.1.76.2055,2026-09-09 23:19:59,,,9.1.76.2055
94d562e2-46e4-458a-89d1-298080a7959d,Sizwe Ndlovu,https://play-lh.googleusercontent.com/a/ACg8ocLIDZNDyFnF8pNn02ZUw6xOSzUHjqgmDjJHJZcWAQvRNLvBdg=mo,the experience is very good,5,0,,2026-09-09 23:19:38,,,
4ba3f106-b992-4b42-bd27-7958171f4fa7,Lewis Soccer,https://play-lh.googleusercontent.com/a/ACg8ocIDKo4WepuJXT7bH1IRSY7UjlcDfztoGIVlASAvsHoNSoIb0A=mo,too much ads but overall it's good,4,0,9.1.80.2221,2026-09-09 23:19:29,"Hey! We hear you and we'll pass your feedback along to the Ads team. For an ad-free experience, we'd recommend checking out our Premium plans at spotify.com/premium. If you've never had Premium before, you should be eligible for our trial.",2026-09-09 23:40:17,9.1.80.2221
77d45ff9-a1fc-42d2-bb47-7a81a029cb26,Chimudichimudi,https://play-lh.googleusercontent.com/a/ACg8ocIz1lhrcjMV2v0pswr20e0V2g687nBgiRabLt7PzN-25TXQvQ=mo,it forces you to buy premium or else they will make your experience a hell,1,0,9.1.78.2218,2026-09-09 23:18:47,,,9.1.78.2218
3623f907-c912-4ea5-919e-0b086e8de1b6,Faith Owens,https://play-lh.googleusercontent.com/a/ACg8ocKyMn13C7AokOpk-DzIKkNa1fq1dqhkUzR2KsLwHLC8M9irkQ=mo,amazing just need WiFi,5,0,9.1.80.2221,2026-09-09 23:17:55,,,9.1.80.2221
b5d495cd-bddb-4e12-8090-b2498d02618a,Luis Haddock,https://play-lh.googleusercontent.com/a-/ALV-UjW7ypibqrHVmCYbWvdgSMyzxj7gcWIomMh9KGj4Wj9FPw9cgiRdxQ,Good!!!!!,5,0,9.1.80.2221,2026-09-09 23:16:31,,,9.1.80.2221
1b2b19b6-b31c-4ae5-af3f-ff6fffb439f4,Karen Etminan,https://play-lh.googleusercontent.com/a/ACg8ocI1ejBdTNHScB8MncxhnF4pSGhLyEFqIMYbSaDm-Dc4mEQP=mo,چچچچررررررررتتتتتتتت,1,0,,2026-09-09 23:15:15,,,
0677a63a-bad3-4fe6-b2e4-9ae64ad357e0,Precious Destiny,https://play-lh.googleusercontent.com/a/ACg8ocJlLlV98pkPnRk2x2ZKmpe9EpWLTd-ZEp2_NxpF0N-_IgdhLQ=mo,beautiful experience,4,0,9.1.72.1891,2026-09-09 23:14:02,,,9.1.72.1891
138c5d17-acea-45f7-8915-6d60c8c2e4a9,Divisha Chaudhary,https://play-lh.googleusercontent.com/a-/ALV-UjV0HC8NsvREb_7uJQ7RVCmyijyVXpAIZRNUgm0300Lyafg2EqI,"I have taken the premium membership and the app is great with premium but currently for a while even after the update, the lyrics aren't showing up to him. Whenever I try to open the lyrics, it just shows a blank black box. [Other than this problem , this app is great than the other apps.]",3,0,,2026-09-09 23:14:01,"Hi. Thanks for sharing this with us. For the app's behavior, you can try a quick reinstall. If that doesn't help, we'd recommend reaching out to our Customer Service at support.spotify.com. Just search ""Contact Us"", and they'll be happy to help.",2026-09-09 23:38:57,
57d5b525-2e34-4a38-9acc-20f18aca7d62,Harjas Singh,https://play-lh.googleusercontent.com/a-/ALV-UjVFFZE4O_Dt8dEp3XVpc96alMQXAfDcL-yq1IAvnFEIqbMfXrA,love spotify,5,0,9.1.68.1888,2026-09-09 23:13:53,,,9.1.68.1888
3f9a1b07-9887-443c-81a3-67fb2f259213,Nirmay Maurya,https://play-lh.googleusercontent.com/a-/ALV-UjWMmgbyeCANON9m5jlLhQlJewtEFiGPUVhSlDg8GQfqY69EiP0K,this apps emails us a lot really really lot of ads congested but this best music app,5,0,9.1.78.2218,2026-09-09 23:07:23,,,9.1.78.2218
0df40a0e-6686-4c7c-9ea3-16c980c6a1a9,Snigdha Thakur,https://play-lh.googleusercontent.com/a-/ALV-UjXnTCWB0AWMlyIPx1sPyiSFPPCmD9ChEolZBecbCylo7rDpKFZB,"I paid for the premium but it's been more than weeks neither i got premium, nor the refund. Spotify is following the path of looting now, shameful.",1,0,9.1.80.2221,2026-09-09 23:05:38,"Hey there! We'd love to get some more info about this. If you have the time, give our Customer Service a shout. You can find them by heading to support.spotify.com and searching ""Contact us"".",2026-09-10 00:07:29,9.1.80.2221
4856277f-a581-43a2-b1d4-164e6e68d19c,Vishal G,https://play-lh.googleusercontent.com/a/ACg8ocJrfAGJE33TRPNNbXR8mUTUkXg6LBiwRy6EvHxbYOsjetI8Hg=mo,Latest widget update SUCKS. I want the widget to remember the last song I stopped at not replay the playlist/album from the beginning again. Why cant corporations leave a good thing alone? you dont have to keep changing stuff all the time,1,0,,2026-09-09 23:03:05,,,
c469d2ef-c3d9-45c3-aa2b-ef3006bd4b4d,Muchisa Phiri,https://play-lh.googleusercontent.com/a-/ALV-UjXf6bfiMQXjnlA_4W_ch8evXXvVOlGt26HYBKVIyjttolvwXSkh,great music plat,5,0,9.1.76.2055,2026-09-09 23:02:33,,,9.1.76.2055
cee8ed88-793c-4fa7-8c7f-e550d4ac1ce3,Sachin o.v Sachin o.v,https://play-lh.googleusercontent.com/a/ACg8ocJLqspEykgDWbPT8FOHOhYYGD1AsB6RF5CGqgY0KPAoE51RWg=mo,🤍🤍🤍,1,0,,2026-09-09 23:00:03,,,
d59ec1ef-1e9d-43c5-934f-c8bed31cc98b,Vaibhav Yadav,https://play-lh.googleusercontent.com/a/ACg8ocLZdQ03aQDSb6DDYyQFFqGzT4p5jAuts7zEivSll1halzcd=mo,it's too good for listening any music easy to search and listen,5,0,,2026-09-09 22:57:22,,,
9520265b-b2a5-4b02-9de0-b4811f5fb3bd,Grey Bubbles,https://play-lh.googleusercontent.com/a-/ALV-UjU-r7ISeP9znogl_gzCu5C_D2bgDMJI3l2qYnUuiwDA0m9CQBK6,"I wish there could be a way for our friend groups across the world could share the family plan with us. Family isn't just restricted to blood, and the ones who matter to us we want to help",5,0,9.1.78.2218,2026-09-09 22:56:54,,,9.1.78.2218
1bcd6c2c-52ac-47ab-ac5a-2efa3f170b35,Ak gamer 24 Khan,https://play-lh.googleusercontent.com/a-/ALV-UjWfktFJqXCMvdQd0UjImGK3geWyt8fNZ1WKIsleBJbxnkqc1XW9,too much ad and not full control not download this app,1,0,,2026-09-09 22:56:22,"Hi! We welcome your feedback. To enjoy complete control, ad-free listenig, and greater flexibility, consider exploring our Premium options at spotify.com/premium. If you haven't experienced Premium yet, you might be eligible for our trial.",2026-09-09 23:05:21,
6395a0ba-7d66-4880-95c2-c1e208453cee,Noyd Floyd,https://play-lh.googleusercontent.com/a-/ALV-UjWlqYNpjnfMmzo8d4H9lZsfPxXg0bdqkAFa3AysZ6FTXgEpMEc,u might be the greatest app on this whole page,5,0,9.1.80.2221,2026-09-09 22:54:44,,,9.1.80.2221
131a28bc-ce11-4e70-b8cc-ec40d6af187d,Shivansh Shukla,https://play-lh.googleusercontent.com/a-/ALV-UjX_lNU1rTI9nEVPA4g06Lx1TdwX-5l0K2XHl0-XvI2iGlT8n_4,This is refresher course for students,5,0,9.1.80.2221,2026-09-09 22:51:27,,,9.1.80.2221
a37aa3f5-f041-4fc2-9f23-0e266800bd03,Md Towhidul Islam,https://play-lh.googleusercontent.com/a/ACg8ocLVk5PqTmrxc8w1WBnZqJvGLZY3emAc1zcLwfrnWmqLTBEf2g=mo,ok,5,0,9.1.80.2221,2026-09-09 22:50:55,,,9.1.80.2221
78fc1970-d0d8-47c0-a87e-7cd674216a5d,* *,https://play-lh.googleusercontent.com/a-/ALV-UjV5HH4ETFc0auHvp2blFSmEOluHBt70KLdh38aRlCzZuKT5Jwhlmw,"alot of good music, and podcasts, even audiobooks!",5,0,9.1.80.2221,2026-09-09 22:48:02,,,9.1.80.2221
973079be-db81-455b-9aab-18e495f95706,Adarsh Basantani,https://play-lh.googleusercontent.com/a/ACg8ocJas_JfHAQLBzCht9WKR3hAHegmYy4nh-CtVsGuBcWat5JbUQ=mo,zero ads if u have premium 😌😭 i genuinely love this app when I have Spotify premium but when I don't I kinda hate this app 🤫,5,0,,2026-09-09 22:45:27,,,
a294b1b8-4e72-40cc-b6de-657a66f06fab,XxJuicexX,https://play-lh.googleusercontent.com/a-/ALV-UjX0cpr6sLXa-0K1mqVpX9bkiHicMCWZEtmZuKHINEw8V4QLCVnDHg,"98% ads,2% music",1,0,9.1.80.2221,2026-09-09 22:45:26,,,9.1.80.2221
8d80cf45-27b1-4768-9076-83b3acf3f334,hamidreza rahimi,https://play-lh.googleusercontent.com/a-/ALV-UjUtqBzARI2I9M-fa4yeIb0VSWuy6FBphLFMQzpul5IVuC88EUT2,The best music,5,0,9.1.80.2221,2026-09-09 22:44:28,,,9.1.80.2221
b20c0572-59de-415d-864b-8ce3638c3083,Sofian Hussain,https://play-lh.googleusercontent.com/a/ACg8ocLlFVxPxBswr9o4WQ7O_73GnGYojHOnC5H8KKfSHvd5jw2ICQ=mo,this app is so good I recommend lovely songs it is greatttttttt I ❤️,5,0,9.1.80.2221,2026-09-09 22:43:04,,,9.1.80.2221
6730fef1-2176-4401-8573-e4dd4dd6abee,Louay Ben nasr,https://play-lh.googleusercontent.com/a-/ALV-UjUeg94QeEbsk6BbMUqznUpBnWzbK4mfrPlvR6I4oNnzt9IZJzWK,best music platform,5,0,9.1.78.2218,2026-09-09 22:42:52,,,9.1.78.2218
c1178436-5b5c-4b2b-9d3b-aa6ea83d3393,Tristan Eazy-E6972,https://play-lh.googleusercontent.com/a-/ALV-UjXp9ZpXkd_EGWZzOAEOxIGoHDzMShhrbESzZiETGa2Rs2RiWGeo,simply amazing,5,0,9.1.80.2221,2026-09-09 22:42:40,,,9.1.80.2221
b31a7c4a-5240-4eba-95b5-ede0e3cdb8f0,Aryan jamre Aryan jamre,https://play-lh.googleusercontent.com/a/ACg8ocIrGG1ArZSCYxjGeYtQbFxKCM_LyfH4IeH4oqRhfbG4a2yOfw=mo,it is very nice 🙂🙂,5,0,,2026-09-09 22:39:36,,,
bcc4808a-2f90-4168-ac46-7fdac555ba20,Mst Laboni khatun,https://play-lh.googleusercontent.com/a/ACg8ocKRWw-KKksC0nxg-D0J5gwZdOemzJ2LGncEjSG8ocSPmy-zrQ=mo,This app refresh my mind 💜,5,0,9.1.80.2221,2026-09-09 22:36:20,,,9.1.80.2221
d3ad1959-f944-403e-965e-823a2065cda4,Raunak rao,https://play-lh.googleusercontent.com/a-/ALV-UjWoykZpyl8eZ72l-wAcM85vc3TGug2wduJX92jToLVux-dTa7M,ads,2,0,9.1.80.2221,2026-09-09 22:35:24,"Hey! We hear you and we'll pass your feedback along to the Ads team. For an ad-free experience, we'd recommend checking out our Premium plans at spotify.com/premium. If you've never had Premium before, you should be eligible for our trial.",2026-09-09 23:38:26,9.1.80.2221
dbe8bebb-4585-4edf-9bf8-278ca67d474b,Khawaja Muhammad,https://play-lh.googleusercontent.com/a/ACg8ocJp8g5oAwr77DTav01aDDmtJjaUPwI_keov0YwVz3oulZPX1Q=mo,great app for music,5,0,9.1.80.2221,2026-09-09 22:35:11,,,9.1.80.2221
7ab51842-eafa-4367-a7c5-8d64a18453b6,Michael Maston,https://play-lh.googleusercontent.com/a/ACg8ocK_rGUalhfBjdpPXaKYwlmip1-7WVVI4VHvbrxgUtv2XOjiZw=mo,This app cut out TWICE on me today. That is NOT what I am paying a monthly fee for. Get it together or I will find another service.,1,0,9.1.80.2221,2026-09-09 22:33:56,"Hi. Thanks for reporting this to us. Have you tried a quick reinstall? If you're on Premium and have saved playlists offline, you'll have to redownload these after reinstalling. If that doesn't help, we'd recommend reaching out to our Customer Service at support.spotify.com. Just search “Contact Us”, and they'll be happy to help.",2026-09-09 23:36:22,9.1.80.2221
3ec4286f-4fc6-424f-b81b-3643b7a928a9,ENOCH JONAS,https://play-lh.googleusercontent.com/a/ACg8ocIyZQdrfojh0XZveOofE2thojHjtN_1h9gF-CoMsGqa0FxZNw=mo,it remembers my loved songs and bring them together on most repeated songs and I like that so much,5,0,,2026-09-09 22:32:56,,,
ede8dc5d-807c-4b26-8118-33e59ca86fc6,Dominic Martin,https://play-lh.googleusercontent.com/a-/ALV-UjX1uPWpQz0hy731D0Fig6mSc_v4oMaRMHFSjzBM2z6NaKF_qRbZ,great app,5,0,9.1.80.2221,2026-09-09 22:30:45,,,9.1.80.2221
c3bc3740-eae5-4c53-815f-129f7da79196,Abbilash Suthagaran,https://play-lh.googleusercontent.com/a/ACg8ocL_yY8D1srwdG4d2gS3-TBXL6X7NwFx2nsr4r4xX1F7tkiY6sM=mo,best song listening app forever 💞,5,0,9.1.80.2221,2026-09-09 22:30:44,,,9.1.80.2221
d8fdd22d-968a-4a8a-874a-9f9138377d56,Kaitlyn Rolls,https://play-lh.googleusercontent.com/a/ACg8ocIdRxbx0Tz-wd3cDtaAAkS2rObCNxKqVF-QnoZulIOyJnQGBQ=mo,too much adds but overall a good app,3,0,9.1.80.2221,2026-09-09 22:27:23,"Hey! We hear you and we'll pass your feedback along to the Ads team. For an ad-free experience, we'd recommend checking out our Premium plans at spotify.com/premium. If you've never had Premium before, you should be eligible for our trial.",2026-09-09 22:34:05,9.1.80.2221
d4b7bc9e-190e-4fe7-a096-287bb8e0300b,starry,https://play-lh.googleusercontent.com/a-/ALV-UjU9VV2IwJgKnJ8C2K85hPKvHuqN-YvTX60Gbwv3_LQdYCnTosQ,"a good app.. but its saurr slow.. like i cant even load my own playlist cuz it cant load bcuz apparently theres ""no connection"" even though im already connected to the internet and it keep telling me that i have no songs in my playlist when i have wll over, like, 3 songs in it.. but overall, its a good app. its just that its extremely slow and kinda greedy..",3,0,,2026-09-09 22:27:09,"Hi, thanks for your feedback. If you're having issues with your connection, we'd recommend checking your phone's settings and making sure that the Spotify app has access or permission to your mobile data. More help can be found on ""Spotify is offline"" or by reaching out to our Customer Service at support.spotify.com. Just search for ""Contact Us"".",2026-09-09 22:43:44,
cc22d1c8-7e9d-4c39-97ee-719f9cc25aa4,Manish Bairwa,https://play-lh.googleusercontent.com/a-/ALV-UjXsSYQ1iJDzEvJas0_GxWHlYIV-XdcDpWJovpDz7eXnA76kI2_M,Good,5,0,9.1.80.2221,2026-09-09 22:26:48,,,9.1.80.2221
0ea61a36-30a0-47e1-8a75-0fb8cf04638d,Noor Ul Ain,https://play-lh.googleusercontent.com/a/ACg8ocKxjt_ntFxqsZwDaWiQHXXylUTfGAAmY49Yv7QIan3-1hjuog=mo,Your music has such a beautiful vibe. 🎶✨ Every song feels special and full of emotion. ❤️ I could honestly listen to it on repeat. 🎧 Your talent really shines through every track. 🌟 Keep creating amazing music—you’re doing great! 🫶,5,0,9.1.80.2221,2026-09-09 22:25:39,,,9.1.80.2221
1e7176d0-c986-406f-b3dc-a36c88a2a108,Shikhar Tiwari,https://play-lh.googleusercontent.com/a-/ALV-UjVvY4rN4_tXVqdflZa90JEhkTuJxLA43RN6SQzM4D7qFvuOeC_w,ye bar bar primiem de raha h gana nahi chalne de raha,1,0,9.1.80.2221,2026-09-09 22:24:23,,,9.1.80.2221
82857a2d-a56c-44af-91ca-1fef25facc94,athena,https://play-lh.googleusercontent.com/a-/ALV-UjWd3Fii4BB6QzsxQJTynzAxi2NNUMmF6TYpK39mJ_hNpqLXS4Ro,"spotify has always been the only trusted music app ive had for the last 6 years! purchasing the premium membership is definitely worth it. one time, i had forgotten my password and contacted the spotify support team immediately. their service was fast and excellent and they let gave my account back after confirming that i was the true owner of my account. really appreciate you for all your dedication and hard work to make spotify a reliable platform to have all kinds of music sources provided!",5,0,9.1.80.2221,2026-09-09 22:20:59,,,9.1.80.2221
05c9fd44-0b76-4ca1-bca6-3c2ec1bffdd9,Elizebeth Ashe'Agu James (ABBA's daughter),https://play-lh.googleusercontent.com/a-/ALV-UjUwH9_99Cyw2p1WUXHtaNB7kSKWoBMfVjX2VbelIBChhfTQprs,Beautiful experience,5,0,,2026-09-09 22:18:05,,,
5e618ff9-22f3-4abb-a18c-28ca2bb317b7,Chiranji Lal,https://play-lh.googleusercontent.com/a-/ALV-UjWxi0lHe9NvmiSkX_1UMbPOcADWquFBqbYuMpix9fqJrpQoHUwa,good app ads,5,0,,2026-09-09 22:17:24,,,
dd4ca733-1c83-489a-99b8-0f870f0f6fba,MK pro,https://play-lh.googleusercontent.com/a/ACg8ocIcfB0Oe1YmFBAJ5wCuOX1V888S5Dypi1eUIRKJqhD9a-v9Cg=mo,it is just too good to be true to have all kinds of songs and plays even when you go in a different app,5,0,9.1.80.2221,2026-09-09 22:14:05,,,9.1.80.2221
a8bfbed7-fe01-454d-90cb-7380f6f4b98f,Gowthami H S,https://play-lh.googleusercontent.com/a/ACg8ocJcSBKeNjOyI4p9ImnuE9BvLytU8tshPq6Evuy1Zxxx7hmUqw=mo,worst app,1,0,,2026-09-09 22:13:11,,,
61befa2c-a48b-47c6-baab-0f82f81b262a,Roy Mohun,https://play-lh.googleusercontent.com/a-/ALV-UjWZge-dExmsJ7JNOZeCz4lH29A6ysupofViI9wFXv54ZMOQauqK,it's good but I don't have money for premium,4,0,9.1.80.2221,2026-09-09 22:12:44,,,9.1.80.2221
701c462b-9449-438d-83f7-0f95fc5b972f,Jamie Dearden,https://play-lh.googleusercontent.com/a/ACg8ocKun8ovqp0-lAB8LoKWkth4BfyHx575Q5Rkh762wYCCn7I7Zw=mo,"fix your shuffle algorithm, absolutely sucks",1,0,9.1.80.2221,2026-09-09 22:10:21,,,9.1.80.2221
454728d2-0433-4b7e-8935-a8dd7c4009f8,Quinn Toedtmann,https://play-lh.googleusercontent.com/a/ACg8ocJ8uUT7AC3s3yBK4VGf1MhlBpf0yMKdX8ksuipm7V74gBEoMaA=mo,way to many adds,2,1,9.1.80.2221,2026-09-09 22:10:10,,,9.1.80.2221
9409f8cb-c308-442e-b5d2-9e3959df9bfd,Iano Ranking,https://play-lh.googleusercontent.com/a/ACg8ocJC1BnsejrSCOtM65tzecGYPputIsF5_iCPsryRCQqB1z2n7w=mo,the best,5,0,9.1.80.2221,2026-09-09 22:08:02,,,9.1.80.2221
ea31d6c4-f243-4888-8803-a64a37f28673,Tista Mondal,https://play-lh.googleusercontent.com/a/ACg8ocJ6vuRsV-n1ynFpGz6wDPfRpLt0RP0g_YMKDkV8eexYdxdbYQ=mo,very good,5,0,9.1.72.1891,2026-09-09 22:07:31,,,9.1.72.1891
256f6a34-17d1-45da-90b1-f3a50f1c71a2,Tanishq Warghat,https://play-lh.googleusercontent.com/a/ACg8ocLaKBOgCEPaZLFMZMl2hhZ9j854G8B2sTbky2Hg7go0zg6vbA=mo,this is a good song app,4,0,9.1.80.2221,2026-09-09 22:06:03,,,9.1.80.2221
97de3ba3-4f4f-4b7c-80e4-50182552199e,Kozangawe Pilla Bamla,https://play-lh.googleusercontent.com/a-/ALV-UjXaG_mDfRlsDtDXBYG2AGc_hoWUS53T_MWngAw_eK4-QD7rpeFd,Nowhere else you can listen to music than Spotify,5,0,9.1.80.2221,2026-09-09 22:03:49,,,9.1.80.2221
e8d4eb6b-a714-495a-a8df-14b7f8fa7cb9,Ibraheem OG,https://play-lh.googleusercontent.com/a-/ALV-UjXlMgEiU-yn-5_NPHybz0wdzLgda2LVmpld-bZ3g1ORVkL1tR4,too much ad's and please bring back spotify lite,2,0,,2026-09-09 22:02:49,"Hey! We appreciate your feedback. For an ad-free experience, we'd recommend checking out our Premium plans at spotify.com/premium. If you've never had Premium before, you should be eligible for our trial.",2026-09-09 23:05:31,
774f1e1b-610b-4f0c-bc6f-0c0eb9be1005,Sanjay Sharma,https://play-lh.googleusercontent.com/a-/ALV-UjUjZlEbbz1OXGBYOMNavJRm0-QhSrorDxiuxniTauYXZX54bMt5,Great App!,5,0,9.1.80.2221,2026-09-09 22:01:34,,,9.1.80.2221
a2d94067-dc75-46fa-ad9d-54129c74dbca,Vedic Bansal,https://play-lh.googleusercontent.com/a/ACg8ocKarRYmPc1hSjcmA8UN6NHVTYZmtsQ3RQS2GL0UZMgsIUd-Yg=mo,the vibe,5,0,9.1.80.2221,2026-09-09 22:01:13,,,9.1.80.2221
6a73fa27-a24f-429b-a9fb-6c4f3fdde8a3,Nadeem Azam,https://play-lh.googleusercontent.com/a-/ALV-UjVMIm_vQBueC3MpCPeatEcs6RF2izyiY7tzYZWh97MPENW-HLk,Spotify is nice it plays every song English and Hindi I overall rate it 4 one less because of my phone😭😭,4,0,,2026-09-09 22:00:45,,,
b0e3060b-1a5f-4321-aec0-b4d165542299,Aarushi Jha,https://play-lh.googleusercontent.com/a/ACg8ocJ7SwWPqoWHstT74TBpq_n0nChMyMhWq2OnaZd73Bu1iORUlA=mo,it is a good app,5,0,9.1.76.2055,2026-09-09 21:58:57,,,9.1.76.2055
0244311b-06cb-4699-a6a9-dfed52bf8062,Kala Chandru,https://play-lh.googleusercontent.com/a/ACg8ocJsnlx8zdbhhBb22VuFW2upr-I6rWd6fkktNYIgR3Dp2U9Iog=mo,very good,5,0,9.1.80.2221,2026-09-09 21:57:14,,,9.1.80.2221
e2d559d4-7299-45d5-8cf7-9b0ab7b60732,prabitha prasanth,https://play-lh.googleusercontent.com/a-/ALV-UjX5us0xClfIh8cTgFRtYiLs2i6N8jWC98M4qregD63KVmDWS9Lm5g,perfect song app👌👌👌,5,0,9.1.80.2221,2026-09-09 21:53:16,,,9.1.80.2221
51258f17-be85-4541-8180-8bc4c51f5280,Wayne C.,https://play-lh.googleusercontent.com/a/ACg8ocJndj9MHotW5bXQfbcU0X2h_SpRcLb26OWDEBmr4X_Qsn_K9w=mo,Great,5,0,9.1.80.2221,2026-09-09 21:51:42,,,9.1.80.2221
30ded69d-7aad-440c-8c41-637e470bc5c1,Akshat Bisht,https://play-lh.googleusercontent.com/a-/ALV-UjU7RI42m3i2oKmd5w4RrkETr2fcNQ4qW0WXpRwn4E4cyt1R9i4,Without primunm its normal version is trash 🗑 now we cannot listen our favorite song so what is reason of using this app,1,0,,2026-09-09 21:51:06,,,
ddf196bc-41d7-4b4f-85af-7d3d37032863,Dipen Pal,https://play-lh.googleusercontent.com/a/ACg8ocKq6QQo_jRL25q_z_aN2U4C59fcHSQk_ArQ2fGdkNr0YQhn3A=mo,Best of all songs,5,0,9.1.72.1891,2026-09-09 21:50:24,,,9.1.72.1891
ac5925ef-9638-4089-a0d0-7a0e43e5985b,Gints Rerihs,https://play-lh.googleusercontent.com/a/ACg8ocL2tapyfQsP593GF1HXve3_XvVz_noSFEnuSMn6pgZHtZuT9Q=mo,Good!,5,0,9.1.80.2221,2026-09-09 21:45:48,,,9.1.80.2221
246a5820-483d-4e54-af21-78f3c18d8b97,Prince Patel,https://play-lh.googleusercontent.com/a/ACg8ocJQHFAZDKkAJxDn7M6UnulPG0NHLZsDuIAzS-kqGLamUqOhgA=mo,good to be in Spotify for listening music 🎧🎶,5,0,9.1.76.2055,2026-09-09 21:44:27,,,9.1.76.2055
4764b2a8-6316-4b6d-8dc8-6c202afbae20,Guru D,https://play-lh.googleusercontent.com/a-/ALV-UjVg3I7qdfEAGd_0w0eb3C1cC_kgtLUs3P2J0yv8AVW6NjCJxy9U,good,5,0,9.1.80.2221,2026-09-09 21:43:52,,,9.1.80.2221
108fa95b-480d-4241-ba64-a2c68b77966f,Dk Ff,https://play-lh.googleusercontent.com/a/ACg8ocI1GqUsO83MjYqo7qoE_r1FCOnDx1nx3tJCiQ_hhAC5aP8xag=mo,If you’re managing 100+ or even 500+ social media accounts check out this tool 👉🌐 profileforge.site One of the most affordable profile management tools with anti detect support and unlimited profiles to manage your Facebook & Instagram accounts Low cost Unlimited profiles Easy management 😄,5,0,9.1.78.2218,2026-09-09 21:43:02,,,9.1.78.2218
71fcbc0e-8d5a-460b-afc8-479c0c1f8472,Rekha Bisht,https://play-lh.googleusercontent.com/a/ACg8ocJ9rmv89qApfFnLZa079JEarGa46BsnMXP-54eaQbEVbA7cSA=mo,"I don't what is wrong in this app without primunm when, I try start to a song from my Playlist it shows that you have to buy primunm to play any song at any time I am very disappointed because I am only a 15 year old boy who cannot buy primunm because I don't have any source of income at this age and I don't like to ask my parents for these things",1,0,9.1.80.2221,2026-09-09 21:42:44,,,9.1.80.2221
c9256829-2f1b-43ff-a0bd-b6e1d0860873,Ry Fh,https://play-lh.googleusercontent.com/a/ACg8ocIQwjI2kg5ZNifXcongTu5kuZ4hFpeD8A7dO8HuwlUKp-kA2g=mo,If you’re managing 100+ or even 500+ social media accounts check out this tool 👉🌐 profileforge.site One of the most affordable profile management tools with anti detect support and unlimited profiles to manage your Facebook & Instagram accounts Low cost Unlimited profiles • Easy management 😄,4,0,9.1.80.2221,2026-09-09 21:42:23,,,9.1.80.2221
15213730-7186-4b79-8bbd-3e4a357eb7ea,Vipin Mishra,https://play-lh.googleusercontent.com/a/ACg8ocKm_rz8iygFZMElMDlnjJMVR3ZBSHe0gO8NKf7mFC11coqyLA=mo,"Stop forcing users to buy Premium! Please let Free users play songs normally. Premium should be optional, not a requirement just to enjoy basic music playback. This constant Premium promotion is frustrating and may make users uninstall the app. Premium लेने के लिए यूज़र्स को बार-बार मजबूर करना बंद कीजिए! Free यूज़र्स को सामान्य रूप से गाने चलाने की सुविधा दीजिए। Premium एक विकल्प होना चाहिए, गाने चलाने की मजबूरी नहीं। बार-बार Premium का प्रचार करना बहुत परेशान करने वाला है और इससे लोग ऐप ही अनइ",4,0,,2026-09-09 21:41:52,,,
f4ae1fe8-1e44-4293-bd5c-afbde767fd26,Katie Willie,https://play-lh.googleusercontent.com/a-/ALV-UjV9U5BAm8LK0EtDoCqyKY2Crar6y6BBiH4oSVkWIpBG_Ob4J482Sg,I can't stand Spotify. It hardly ever works with my Sonos speaker. There's times where I can't change any settings within my account. And It constantly crashes. I wish I had 1 streaming service that didn't suck. I pay monthly so I don't have to listen to ads but I'm over paying money for an app that hardly works,1,1,9.1.80.2221,2026-09-09 21:39:02,"Hi. Have you tried a clean reinstall? This is a much deeper action than a basic reinstall and steps for your specific device can be found at support.spotify.com by searching ""Reinstall"". If that doesn't help, we'd recommend reaching out to our Customer Service by searching ""Contact Us"".",2026-09-09 22:36:21,9.1.80.2221
e37e84b3-1257-432d-933b-158a05c1e4c2,Jaswant Sonu,https://play-lh.googleusercontent.com/a-/ALV-UjXQBB9Fe5kQruFwby61pl_Qp6z2jFlk_bu9IjCGXmM0MGV1KAXx,Sohana Rio @JAiSulokn1y,5,0,9.1.78.2218,2026-09-09 21:39:01,,,9.1.78.2218
18141054-9edb-4b3f-9f41-14da0935b0c5,Hitesh Limbani,https://play-lh.googleusercontent.com/a/ACg8ocLBNH42FGp32ZZ7VQTTzvZBieRz1B9MwWhCn_vO9dQDSdFn=mo,excellent,5,0,9.1.78.2218,2026-09-09 21:35:01,,,9.1.78.2218
dc37cc44-c778-4bca-b823-e6c80fc5033c,Ruthie Maquez,https://play-lh.googleusercontent.com/a-/ALV-UjVCCSe2Af4Dca3837OYF_OY8NcVEV8SVPyodWxjZsPPbh2nInO-tg,I love listening to the murder podcasts at work.,5,0,9.1.80.2221,2026-09-09 21:34:53,,,9.1.80.2221
4c8db971-b530-493d-addd-2705ab765033,Rahul Kushvaha,https://play-lh.googleusercontent.com/a-/ALV-UjXvBAxR-bbg8ss3snDcX0exgiT0Hl3bV_bXV6_rnEY1agMZA7Q,good 👍,5,0,9.1.68.1888,2026-09-09 21:32:21,,,9.1.68.1888
dea7b244-97a5-4f85-8843-517f01d40018,Mahir Farhan,https://play-lh.googleusercontent.com/a-/ALV-UjU2OHLJROLNcZCHYaPApb2mAN2DGlAnQm2xITu4UitmDoSgiq20,Best Music App Ever,5,0,,2026-09-09 21:30:56,,,
0a06ecc5-39d6-451b-ad8d-c0b062b2eb2b,Chidubem Nwofor,https://play-lh.googleusercontent.com/a/ACg8ocLX2KHyxzfmEw4XSQTCWPRVkR4dPgEnbboycfS9DMYj1vWTnw=mo,peace of mind,5,0,9.1.72.1891,2026-09-09 21:24:50,,,9.1.72.1891
1de6e2f1-5539-4808-b03d-322281db1a6c,Hukam Kaur,https://play-lh.googleusercontent.com/a-/ALV-UjWTYBsOJJNBZA29ooaCxllG6033PG8YuvwHG2SZUyERER45alU,Spotify is soooo good,4,0,9.1.80.2221,2026-09-09 21:18:04,,,9.1.80.2221
c9c2cde8-022b-4283-a97f-d20d485fe0f1,Sampann Sing,https://play-lh.googleusercontent.com/a/ACg8ocIAfla7pHZma4wB-8nH9msXCfPKFxtNXSw4clBAc50DdvOz-A=mo,Very good,5,0,,2026-09-09 21:17:05,,,
5f111ced-5acf-4fb1-bcbd-95b042e1568f,TSHIAMO SEIPELO,https://play-lh.googleusercontent.com/a-/ALV-UjVCtGHzglUWwQo5oTgBovV8NpjCtKCssbQ-TarxcUSAH9-5i0uk,"there is no way I can buy memory device anymore, is just to pay monthly fees and enjoy music anywhere and anytime",5,0,9.1.80.2221,2026-09-09 21:13:28,,,9.1.80.2221
49182037-211a-4324-b12d-e7f1cddd1c73,shatabdo paul,https://play-lh.googleusercontent.com/a-/ALV-UjUqfUvFaedGfKKJKUr0CbVZQZA5K8am0ulP3QF16JVrmN_Odpxs,Amazing app if you want to listen to repeated advertisements.,1,1,9.1.80.2221,2026-09-09 21:10:37,"Hi. Thanks for sharing this. We hear you and we'll pass your feedback along to the Ads team. For an ad-free experience, we'd recommend checking out our Premium plans at spotify.com/premium. If you've never had Premium before, you should be eligible for our trial.",2026-09-09 21:35:05,9.1.80.2221
c5edf9db-f74f-4d4a-8a1f-9c8eb7f311c5,Santosh Sahu,https://play-lh.googleusercontent.com/a/ACg8ocKmSILcVZxzMtzvjHh24waMiIZvDCLE9ywPVg42mG0HJCjQfA=mo,इट इस वेरी गुड ऐप,5,0,9.1.80.2221,2026-09-09 21:07:17,,,9.1.80.2221
7754655e-d652-4c4f-b134-257fd0bb30e2,Gabriel Valdez,https://play-lh.googleusercontent.com/a-/ALV-UjWDspRXRwcfYoR4fPCy09K33P4k35WOXr5I393DvJ-5Ms1g7HQ,WAY too much ads im getting a ad after every song and paying 12 bucks a month just for no ads is too much,1,1,9.1.80.2221,2026-09-09 21:06:32,"Hey! We hear you and we'll pass your feedback along to the Ads team. For an ad-free experience, we'd recommend checking out our Premium plans at spotify.com/premium. If you've never had Premium before, you should be eligible for our trial.",2026-07-12 19:33:56,9.1.80.2221
54407bfa-b6ab-4f7d-8380-92152ffb2c14,Manjula Pawar,https://play-lh.googleusercontent.com/a-/ALV-UjXO0ZSMnthL4GdB4_nBONmqm1k7deSlqkEemxJEKCDlQR8UAG1M,very nice,5,0,9.1.78.2218,2026-09-09 21:06:13,,,9.1.78.2218
9004c4bb-2dd5-4871-a94f-d41f7064e65f,Ellie Thibeault,https://play-lh.googleusercontent.com/a/ACg8ocIhHjm7YJ0QBnOkjA5pBcmwOL3526-v8a0GCtmV5me2DBnJyQ=mo,great,5,0,9.1.80.2221,2026-09-09 21:04:07,,,9.1.80.2221
89982169-3368-4e3c-a905-5d7c25a34b05,Yashika Chauhan,https://play-lh.googleusercontent.com/a/ACg8ocLs0FXCiQ3DdoABa0s2x-JfeIoEUKOmnE9nwDvnGDPciwGtEw=mo,Love this tho,5,0,9.1.76.2055,2026-09-09 21:03:07,,,9.1.76.2055
b377b553-fced-4f74-818a-692492af821c,Amir mahdi Arash,https://play-lh.googleusercontent.com/a-/ALV-UjX3TJ-bpzogH-I-wDPyBbLTsxtFEm4qIsgnw-L54pQK71yErK-EkQ,it's must be free,3,0,9.1.78.2218,2026-09-09 21:02:11,,,9.1.78.2218
6dddc580-1b62-4fda-a3a7-33b085e526e8,Alex Mahy,https://play-lh.googleusercontent.com/a-/ALV-UjXECxeFXCFFT2JxBVD6EK4nvvCSPqa_gWDVKPEga5ycO4gN2gU,Where the hell did my downloads go?,2,0,9.1.80.2221,2026-09-09 21:01:57,"Hey there! Does logging out > restarting your device > logging back in make any difference? If it doesn't, can you try a quick reinstall? If the issue persists, we'd suggest reaching out to our Customer Service team at support.spotify.com. Just search ""Contact us"", and they'll be happy to help.",2024-09-25 23:25:17,9.1.80.2221
cd4ec774-6e57-44a4-ba1f-fdd90b971fd6,Sandesh Magar,https://play-lh.googleusercontent.com/a/ACg8ocIMq-HSYa1z2lz3yYCiqlDZSEkH0jTZrkEk58wHLJSr-j8IbA=mo,that app is so good I like it 🤩♥️♥️,5,0,,2026-09-09 20:59:50,,,
bdea0350-73ae-47db-8f26-1324c62cfc8f,Es Kutty,https://play-lh.googleusercontent.com/a-/ALV-UjUZyYUx1KkxrmxUr83Ux52r2KEAMhUaMgDhT2PGLgi42YxkK0DG,eskutty,5,0,9.1.52.1394,2026-09-09 20:58:49,,,9.1.52.1394
1a2cf21d-d5f6-46ac-b554-ae03420d4ab8,fahad munshi,https://play-lh.googleusercontent.com/a-/ALV-UjVQx7tDeCzDWIeYDSVEl7JDb7bwYE1GMEK2h2FHO9HB1O7QnA4r,গান শুনার জন্য সেরা এপ,5,0,9.1.80.2221,2026-09-09 20:58:23,,,9.1.80.2221
8c683a3d-17fe-460d-a464-da9364a097fa,Andrei Lagas,https://play-lh.googleusercontent.com/a/ACg8ocIqgc4XezgN-ykC0a70OAXDmEuJUBGkUdU-3FPo3kvh8u005A=mo,Wow so good,5,0,9.1.80.2221,2026-09-09 20:57:43,,,9.1.80.2221
175488ec-fb91-4d14-8f5b-632bd2a56be3,Vinod Kumar Malik,https://play-lh.googleusercontent.com/a/ACg8ocI17nR20pC0GEISxP6NnbgyHGhWh1AkOupp8Dx9YfXIsbbhJw=mo,excellent,5,0,9.1.80.2221,2026-09-09 20:55:54,,,9.1.80.2221
7a9538ff-31a9-46c3-affc-9a2e0daaadd5,Sikha Saha,https://play-lh.googleusercontent.com/a/ACg8ocJXT24OarSyis6_kndGheBVk1MduA2JjApII2FVtOch_P4gKQ=mo,💝,5,0,9.1.80.2221,2026-09-09 20:54:26,,,9.1.80.2221
7e466784-82f9-4d63-959b-b235d462a3f1,Minoja,https://play-lh.googleusercontent.com/a/ACg8ocLrc7UH7F8akuB9BUU23t5NuTy9eRw7VybftIhaWErc3KYujg=mo,Excellent music streaming app!,5,0,9.1.80.2221,2026-09-09 20:53:56,,,9.1.80.2221
59defded-0eef-40e4-b19d-d6f434800c08,Javier Widjanarko,https://play-lh.googleusercontent.com/a/ACg8ocIOID0z0kl6kX6E3WDtcRppEUZhwDftNuSkYXBtnQydiaJT=mo,naik motor dengar lagu oasis nirvana dkk,5,0,,2026-09-09 20:50:29,,,
1c6eaf90-bdf3-486d-81f9-28c0426b78d7,Aarnav Sharma,https://play-lh.googleusercontent.com/a/ACg8ocIr_C1IR-IsTMQnpsp4VvuCQxedyL_t21U8HtTI3KfwcKxhWA=mo,can't even select your music without paying them,1,0,9.1.80.2221,2026-09-09 20:49:46,,,9.1.80.2221
baf1b467-346a-4a49-acec-a5f550753539,Geeta Anil,https://play-lh.googleusercontent.com/a/ACg8ocL22kYYmZkUKl7Z9AA7DEo1Ja8iiG9RweBL1xjJVMgq1R7HRA=mo,mind blowing 😊😊,5,1,9.1.76.2055,2026-09-09 20:48:33,,,9.1.76.2055
fd1e1a7a-307d-4e8f-a9c8-bd242236a175,Victor Chirila,https://play-lh.googleusercontent.com/a-/ALV-UjWKfAU4bBG3wAes5uKes-2RNa79cW2UXAqoFYJQVTHVg3dJpCA,I Tried To Get a Two Month free Premium plan but it says My Card Is Invalid,1,0,9.1.80.2221,2026-09-09 20:48:04,"Hi. We're open to feedback, and we'd love to get some more info about this. If you have the time, give our Customer Service a shout. You can find them by heading to support.spotify.com and searching ""Contact us"".",2026-09-09 21:25:09,9.1.80.2221
b51bf750-86fa-4e0e-8c1e-7127376f710c,Ron Chapman,https://play-lh.googleusercontent.com/a/ACg8ocJv5nQz0l2YPoUaJ-zglXaM74ZBD6Dpb0VhjVioFw6mBWeGfg=mo,magical,5,1,9.1.80.2221,2026-09-09 20:46:10,,,9.1.80.2221
6b907cd5-205e-453f-bd55-29cb456c2e44,Geetanjali,https://play-lh.googleusercontent.com/a-/ALV-UjXJZnfASbMcbw7JmwWUMI2FBxCiI6wKB6MocoG7uTs4cRMhsaWtyg,best music app for me,5,0,9.1.80.2221,2026-09-09 20:41:29,,,9.1.80.2221
2f8d2421-4f05-4a56-961c-9a9bb7fa417f,Srimathi Vaitheeswaran,https://play-lh.googleusercontent.com/a/ACg8ocLhMQdwOgGuofcQQLGme1vSsxR6b_SKneZZKwgGRDQLyFZX3w=mo,can't download song while using for free,4,0,9.1.78.2218,2026-09-09 20:40:04,,,9.1.78.2218
adc09b29-a1c7-4e6c-ac4a-f3a28d463781,Rayan Malik,https://play-lh.googleusercontent.com/a-/ALV-UjV_Ul4YSEAS2fXrS8GUnr5GvleW-WpTOrMNBDEjmjTAYvdo0nt3,EXCELLENT!,5,0,9.1.80.2221,2026-09-09 20:37:48,,,9.1.80.2221
3a7d65f6-8ca4-4d50-b0e2-218f7ab92db6,Umaira Shaikh,https://play-lh.googleusercontent.com/a/ACg8ocLTrngp5KRPp4Qn9WUfFO0JAjReljzpnftI5-iGyJSFKlKUZA=mo,"it's a good app , but mine Spotify has something problem the playlist doesn't get activated directly,like if i wanna play asong the playlist will start to come other than the song ,maybe it's an update, but it s not useful.🫤",2,0,9.1.78.2218,2026-09-09 20:37:24,"Hi! We welcome your feedback. To enjoy complete control and greater flexibility, consider exploring our Premium options at spotify.com/premium. If you haven't experienced Premium yet, you might be eligible for our trial.",2026-09-09 21:35:31,9.1.78.2218
abe83c0b-9077-4018-90f4-465bb64798eb,Khadija Mehboob,https://play-lh.googleusercontent.com/a/ACg8ocJ2TqsXgaQCHmwZb2GsmnTnrxFA-LV-_23WYvyYja1veRy-=mo,Good app,5,0,9.1.80.2221,2026-09-09 20:37:13,,,9.1.80.2221
0db07952-9649-49de-9436-bff47a82b9f3,Utpal Malik,https://play-lh.googleusercontent.com/a-/ALV-UjVRhJZNKR2JVOLHCUd-ik4J1AyE3nWtzYLemKaQI5nqTFIY1JCc,super,5,0,,2026-09-09 20:36:47,,,
7495b87d-6ac3-4cbb-83b1-4bf57ad51e6f,Oto Akpakpan,https://play-lh.googleusercontent.com/a/ACg8ocLdIVDX64Pp5lGzrCuJpdzCM6OvBI8H6lQ2rDZroefl8mB7og=mo,"It's an awesome app, where you can get latest music",5,0,,2026-09-09 20:36:47,,,
ef8319b8-bdf5-48c2-9a17-847193d55ea2,Ashok Singhaniya,https://play-lh.googleusercontent.com/a/ACg8ocJVdgur052vIdgJQUiDtwe7w34csbaThSXUajwRJaadxxfxiA=mo,A FABULOUS APP,5,0,9.1.76.2055,2026-09-09 20:33:17,,,9.1.76.2055
bb462302-460a-4423-ac24-a01dd01f8208,liam trøjborg,https://play-lh.googleusercontent.com/a/ACg8ocJVpsTpDvKTv-7IEqsZxSd0Jmo5qcAJ8UATUNSAC8k_GsPefw=mo,peak,5,0,9.1.80.2221,2026-09-09 20:32:42,,,9.1.80.2221
d1a708bd-e98c-4337-9aa8-120d8f3718ea,mathies ullenbruch,https://play-lh.googleusercontent.com/a-/ALV-UjUXckDzHYmakLyRT-1BLT2WF2W9NN8fy2vjR6wud1sYAMqmcqmj,for the most part is a reliable app,5,0,9.1.80.2221,2026-09-09 20:32:34,,,9.1.80.2221
2160fe0d-7add-4d42-ad2e-fa991736efad,A R parvin A r parvin,https://play-lh.googleusercontent.com/a-/ALV-UjVYE1gD0XJYrcB-kbm_UCwnIxnND3CoaT_RkOQKgTxIAe3CPF4,one,5,0,9.1.80.2221,2026-09-09 20:32:29,,,9.1.80.2221
656ddad2-4dac-48b2-bece-73d131773075,Jerry Cochrane,https://play-lh.googleusercontent.com/a/ACg8ocLRdeLPmzkxg4k-BIhdht2hzDBY32bXg0kZUZLHwrl3xj00nQ=mo,No commercial interruptions is the best part.,5,0,9.1.80.2221,2026-09-09 20:29:04,,,9.1.80.2221
140db81d-39dd-4cc6-b71f-e14bc49ac0b2,Jay Vanara jay,https://play-lh.googleusercontent.com/a/ACg8ocKtTC6ZvlWMafhdlT_JqeQ6_Huuvpizf_16eco5bsfWXpfw5w=mo,music app ❌add app ✅,1,0,,2026-09-09 20:28:59,,,
3505fcdf-4419-435e-99ac-71c2d45e71d1,noor omar,https://play-lh.googleusercontent.com/a/ACg8ocI9AGaGfq9g1_cGpXFxd0rDjL6sP0ABCpllLUOdCMOh3zRZNQ=mo,love it butt adsss let me tell you if you put adds iam not buying anything bcs so many ads in many different platform I don't buy the specifying thing soooo pllll,5,0,9.1.80.2221,2026-09-09 20:28:58,,,9.1.80.2221
df4074ce-c878-4cd7-92c7-474a03f44dbe,Utkarsh Teotia,https://play-lh.googleusercontent.com/a/ACg8ocI26L2WgzELUj3c8LO_svkNF_5TS5s8IyM4TewLYvn9Svi8vA=mo,I would not like to say a quiet long description on it but at last but not the least I want to say it is too fantastic 😊,5,0,9.1.80.2221,2026-09-09 20:28:05,,,9.1.80.2221
1e891199-1da8-476c-bbd9-3c30db1668f9,Hayk,https://play-lh.googleusercontent.com/a/ACg8ocICnBgyfofloNjRdlArELBjEiI2n2OAeGORiI_2b6tH2Z6b4A=mo,все решает подписка. купишь? будеш пользоваться удобством не платишь? будеш слушать то что мы скажем. Вот так и работает.,1,0,9.1.80.2221,2026-09-09 20:27:23,,,9.1.80.2221
e13e54cf-51a2-4591-8cc8-2fa00553d65d,MANOJ KUMAR GIRI,https://play-lh.googleusercontent.com/a/ACg8ocJGLr1cB0-HKjEak8lRWYD2SO6aULJZwx83TKzdFXCVfGzbUPA=mo,Baat aap,5,0,,2026-09-09 20:24:59,,,
d367efe9-90b4-4c0d-832d-9009cfa398c7,Mister Dollz,https://play-lh.googleusercontent.com/a-/ALV-UjVwP6EIZ2ieyiKCN5JAGJkgDxlB5N7ZRrJfvh-YAEp9_th4iDYH,"It's a good app, but there has been some issues with crashing",4,0,5.3.0.995,2026-09-09 20:23:51,"Hi. We'd recommend restarting your device to see if that makes any difference. If that doesn't help, you can get in touch with our Customer Service by heading to support.spotify.com and searching ""Contact us"".",2026-09-09 22:02:02,5.3.0.995
2f5789a4-fe9f-42c5-b846-ea85101db360,Jil Sutariya,https://play-lh.googleusercontent.com/a-/ALV-UjUzTF6wKllvBbSOwDX-ITTIUgG674mH_3_Gc-5DFHnlzIPYHKw4,after 2 to 3 songs it shows that come tomorrow for listening,2,1,9.1.24.1739,2026-09-09 20:23:11,"Hi! We welcome your feedback. To enjoy complete control and greater flexibility, consider exploring our Premium options at spotify.com/premium. If you haven't experienced Premium yet, you might be eligible for our trial.",2026-09-09 21:20:03,9.1.24.1739
d7f644de-4662-4247-be3e-f89555bfbd72,Nitin Gawade,https://play-lh.googleusercontent.com/a/ACg8ocJG2Z7A77O3-dgXSsH1F4bn8QiuAEY7BXoX2zOGL8a8O9Zt4Q=mo,Nice,5,0,9.0.10.415,2026-09-09 20:20:59,,,9.0.10.415
e2eeaa42-b83e-40f9-9732-41d663f575ae,Golu kumar Sah,https://play-lh.googleusercontent.com/a-/ALV-UjWkONXO3hZ4VcxYFZsOyfCFeIw2FSPRF8a96ss_nFHySP1D_IA,nice app,5,0,,2026-09-09 20:20:01,,,
99398e95-8664-4538-8a65-1503538d31cd,Georges Haddad,https://play-lh.googleusercontent.com/a/ACg8ocI1JaXmHCOITdTPHFGprTL94JKj-dp9j1tFbCHalMgh2qWdyg=mo,I got 3 months premium subscription from Microsoft rewards and after 3 days with no warning they took it away and I really needed it so pls Spotify fix your app,1,0,,2026-09-09 20:17:44,"Hi. We're open to feedback, and we'd love to get some more info about this. If you have the time, give our Customer Service a shout. You can find them by heading to support.spotify.com and searching ""Contact us"".",2026-09-09 21:17:19,
29e98ebc-86fe-40e6-b61e-ca5a57763ec2,Chanel Dee,https://play-lh.googleusercontent.com/a/ACg8ocKiTA2QO42bkGTRBPenilM6h7tA7cxbpUfWJdPmlwoFCh42=mo,Love this app! One of the main ones I use to listen to music,5,0,9.1.80.2221,2026-09-09 20:17:14,,,9.1.80.2221
68929e1e-3d9b-4523-8d50-55511c34c7e8,Eunice Maharaj,https://play-lh.googleusercontent.com/a-/ALV-UjX1OUnPgg-ElYIEcr6v8Ql7_tPxWxO6mNhlet2fMsiD9aNhYb9r,"Music at your finger tips All my oldies is also here,, LOVE IT!!!! THANKU SPOTIFY",5,0,9.1.80.2221,2026-09-09 20:17:12,,,9.1.80.2221
cdb0ee10-eb2a-4789-803f-0c86550f6501,Mavis Chinongoza,https://play-lh.googleusercontent.com/a-/ALV-UjV57j_Y6TvbNra4mTeGHlvTXeJBwbvD4H0W7rpaEJkkjzpw9ygV,super app,5,0,9.1.80.2221,2026-09-09 20:16:56,,,9.1.80.2221
9c601b35-aeaf-4eb8-a6f8-deff13b83c84,John K,https://play-lh.googleusercontent.com/a-/ALV-UjV7BQ4Y8RaXk0Xh9tX17gZzBvzL4xMU6B6SjXEMhcn1oQPukT0,"I like the app, but not gonna lie, I'm only rating it so that it doesn't ask me to rate it again. haha.",5,0,9.1.80.2221,2026-09-09 20:14:54,,,9.1.80.2221
c950284a-48fd-4cc4-9b09-9a58d39cf338,aayush sp,https://play-lh.googleusercontent.com/a/ACg8ocJDUb2Lb037qo3dYN9cEnzOb7WZK9gBVNpCjpg_tEgoJ0pzhw=mo,Its nice but premiums for students are available only for college students. (as I saw),4,0,,2026-09-09 20:14:27,,,
09ee0793-dd27-42aa-935b-4941e891262a,Plenty Medicine,https://play-lh.googleusercontent.com/a/ACg8ocJ2hx6xhaKSavbrZm42U69UJAwLHFUEbEopVVKOnRl_96ZfMQ=mo,"You put a limit on listening time with audiobooks? What a joke! ""NOT"" cool. With that being said, I'm grateful for the ""free"" trial!",2,0,9.1.80.2221,2026-09-09 20:14:22,,,9.1.80.2221
a9baf287-1b73-4ba3-bc3e-48f02b0ebfc7,Sandra Gabrovsek,https://play-lh.googleusercontent.com/a-/ALV-UjXC3N5w5vzkAxUUpPllm4QwKveUrCWVfwIzJbjIpNVmyVjbEMQW,Wonderful!,5,0,9.1.80.2221,2026-09-09 20:12:58,,,9.1.80.2221
8711bb1a-b602-48e3-8ef7-b61c861956b3,Yeshua Collins,https://play-lh.googleusercontent.com/a/ACg8ocKTwbSKkbPOA0UWE8sd8bLlGkovXOtcvsjR-KVJ8vg3QpYhFQ=mo,the best I got more than what I was looking for you more than the best keep it's good 👍👍😊💥💥💥💥💥💥💥,5,0,,2026-09-09 20:09:24,,,
e3086aae-1ed8-4cc6-9157-0824c542d23f,Heeralal sharma,https://play-lh.googleusercontent.com/a-/ALV-UjXzc9y5mWVoMV85iJDJQ55FkLE0BkY4N1086f00viUTTqKTUVsp,excellent,5,0,9.1.72.1891,2026-09-09 20:08:54,,,9.1.72.1891
0e49ebc5-e04a-4d7e-8649-af4e003b6434,Javid_15,https://play-lh.googleusercontent.com/a/ACg8ocJMQ6QYnFJAJ6RYnjO9AbIB1uwZ9kOZZAiKNVCFtpyV98Wxkw=mo,super,5,0,9.1.80.2221,2026-09-09 20:08:42,,,9.1.80.2221
df90f548-9ef0-4002-b42e-1eb09704b0df,Benito Jr Diaz,https://play-lh.googleusercontent.com/a-/ALV-UjVrVNPK66YQ1755NMyLdFSDr_zT5Qgv3nbnCkIA7D08s845ECSDzw,amazing,5,0,,2026-09-09 20:08:15,,,
0360d513-a854-49b1-b722-64b8d4c551b9,Manny Beenstock,https://play-lh.googleusercontent.com/a/ACg8ocKYQv-9MGCpZjdlNGsN48Ph6Fobvp4CnNFgpTj-1g4KHKxoSw=mo,love when it doesn't have your music deleted from downloads.,4,0,9.1.80.2221,2026-09-09 20:05:11,"Hi Manny, thanks for your feedback. If your downloads are getting removed randomly, we'd recommend checking out ""Listen offline"" at support.spotify.com for some helpful info and following the suggested steps. If the issue continues, just reach out to our Customer Service by searching ""Contact Us"" at the same site.",2026-09-09 22:06:59,9.1.80.2221
8af3f651-9b7e-4f7d-b964-1d845a5c11ef,Tanvi,https://play-lh.googleusercontent.com/a/ACg8ocJWKTLEVY90PSzbdvkJmUsofLk7zurRdLzhtAM6epV0TCDH1w=mo,it's nice and grateful for every mood . Whenever you feel like listening to music just listen to Spotify it's amazing,4,0,9.1.80.2221,2026-09-09 20:04:32,,,9.1.80.2221
aab7fed1-708a-4650-a9b9-8cd9e2388544,Namrata Lakhani,https://play-lh.googleusercontent.com/a/ACg8ocLKWoGWaxqte649J4GYxABKc1rk_v5pNSkbcLzgt3gbgBtTyg=mo,byyy favvv app,5,0,9.1.76.2055,2026-09-09 20:02:51,,,9.1.76.2055
be8cb946-719d-4b70-bcec-33502d0c46a0,Protik Sutradhar,https://play-lh.googleusercontent.com/a-/ALV-UjVrmF6sdzb54iUh38TcmHgG7ivPFAmQPQO-ehlRFPgFEuto2MrD,Add more visuals and pronunciation in different languages lyrics most important thing add lossless audio in bangladesh region. there are plenty people waiting for this feature,2,0,,2026-09-09 20:02:31,,,
b389d498-6a76-49da-92d8-e8b0a1e06498,Matt Smith,https://play-lh.googleusercontent.com/a-/ALV-UjUpMSr1MEnnmbjrYCRx3PDw5C2zjNpRNZ7DOl-LJzsFZf23I_A,"I like the app for the most part. Recent updates due to needing a new phone have made it very difficult to listen when I have no signal. I pay for premium for offline listening but I ""need a signal"" for the app to load when I open it.... defeats the purpose for offline downloads if you ask me",4,0,9.1.34.2060,2026-09-09 20:01:26,"Hi. Thanks for reporting this to us. Have you tried a quick reinstall? If you're on Premium and have saved playlists offline, you'll have to redownload these after reinstalling. If that doesn't help, we'd recommend reaching out to our Customer Service at support.spotify.com. Just search “Contact Us”, and they'll be happy to help.",2026-09-09 22:06:32,9.1.34.2060
a9ac7072-91a3-4e77-b688-dc59746b2148,D.J. Sap,https://play-lh.googleusercontent.com/a/ACg8ocJNGDqNFobAOa9a8Uy08JK_YWgRbAzNnSzjkl_lhUTvELklrMs=mo,amazing hat,5,0,9.1.80.2221,2026-09-09 20:00:43,,,9.1.80.2221
49c7c059-bbee-4b48-b425-317f269c4f30,Al-Hussein Tanggo,https://play-lh.googleusercontent.com/a/ACg8ocLVRJZpaYZ0ckCCZKfSX_Mp0tAeolDtrwCdxlBONHo7FhNT8Q=mo,Spotify is the best unless I ain't have premium,4,0,9.1.80.2221,2026-09-09 19:59:15,,,9.1.80.2221
cc123826-b9b0-4be3-a3f4-e43798862e6b,khomotso mamabolo,https://play-lh.googleusercontent.com/a-/ALV-UjUQ3PtJMek2GWNqDC0OYpEErEQ2rUvmMSGh93vDO056kIZWdApZ,I'm a big fan of your app.,5,0,9.1.76.2055,2026-09-09 19:58:36,,,9.1.76.2055
d1919bc7-c583-4e88-8b41-6143d5058398,Abhi Kumar,https://play-lh.googleusercontent.com/a-/ALV-UjWEN9GvCWOSk6WIRU5lHHtukDS03FzIjkgf7k9yiECuwZb9gQnj,It is so good than yt music,5,0,9.1.80.2221,2026-09-09 19:58:30,,,9.1.80.2221
f21e809b-30ea-4d1e-ae56-ce043d340a2e,Codey Koble,https://play-lh.googleusercontent.com/a-/ALV-UjXydvPm-YWdUw6GKb6aoqeFpzLj7AlA_rTu47Z5SNL2J7LBs6Ln,"Shuffle is trash. Also needs an undo, one misclick and you can undo a ton of effort setting up a queue when it jumps to an album/playlist. Hitting back doesn't do it, the queued songs are removed",1,3,9.1.80.2221,2026-09-09 19:56:33,"Hi! We'd recommend restarting your device to see if that makes any difference. If that doesn't help, you can get in touch with our Customer Service by heading to support.spotify.com and searching ""Contact us"".",2026-09-09 19:45:02,9.1.80.2221
4ed4f64c-6778-4bee-ab86-c3e8d895c630,Ayden Dawson,https://play-lh.googleusercontent.com/a-/ALV-UjXJCi8CCfC8XdYPXa8LPL8fgfa9TV5dQQxCDBsKPuUIlR4aaVrH,noice,5,0,9.1.80.2221,2026-09-09 19:56:20,,,9.1.80.2221
8a8c0f2b-eb5e-4107-a2b5-7084fb9941f4,Dhivya Mary,https://play-lh.googleusercontent.com/a-/ALV-UjU-ovWPn4YuERPjihUSu4B57T-Lb-FMJy-YkwnxkWRUmMObNMEZXA,majaaaa app..... vibe mood on Spotify on .... always best .. the GOAT app,5,0,9.1.78.2218,2026-09-09 19:55:46,,,9.1.78.2218
e0db0c26-524d-4b8d-b4e3-5b2da7a044aa,John Karanu,https://play-lh.googleusercontent.com/a-/ALV-UjUs6I3QK2g8wweWOUYq9huqcLzofooSdd1TDurHqseIrYDqWd3W,Spotify is fantastic for music and podcasts. I love having so much content available in one convenient place. 🎵,5,0,9.1.80.2221,2026-09-09 19:55:08,,,9.1.80.2221
f1be5aa0-9eb6-42ea-99f2-f65551346424,Mpho Sebei,https://play-lh.googleusercontent.com/a/ACg8ocK7oY6YwE_55ipNHbDnUItbxjmz96JE5_Vg0PeLWclfKIu3nQ=mo,I'm good and happy,5,0,9.0.62.622,2026-09-09 19:53:09,,,9.0.62.622
90229885-12e4-4d43-9c37-c83002b52dfe,Rocket Gamer,https://play-lh.googleusercontent.com/a-/ALV-UjVdHwwpI5DMWRDHzri61ZR5LA6sBIsT2Q6Kolo0DNzc2Og-WPEH,great for musix,5,0,9.1.80.2221,2026-09-09 19:52:29,,,9.1.80.2221
20ea17ca-56aa-4987-bbf7-5383142fbb75,Alán Pérez,https://play-lh.googleusercontent.com/a-/ALV-UjXI6jYLlN9Yxr4fLcKPGNBs0jZSqhrpLhJEZln3J8uNZSdhfew,Great experience!!,5,0,9.1.80.2221,2026-09-09 19:51:58,,,9.1.80.2221
82b9e9b2-4146-4542-a312-033d136d40c9,Kalpana Gurav,https://play-lh.googleusercontent.com/a-/ALV-UjWYQyOWHhd1Va-8CHN8RPV3ISiYZ1En07RNeElhce778cO7NI8,only phonks,5,0,9.1.80.2221,2026-09-09 19:51:03,,,9.1.80.2221
74853e06-4d71-4e89-ae40-f46c82cd9e9d,Salwa luthfiya,https://play-lh.googleusercontent.com/a-/ALV-UjU4gIqTXwhlN2lr07Q75JqVjzeB77LYcd-dNfmnqtRC0CraG1E,just good,4,0,9.1.80.2221,2026-09-09 19:48:35,,,9.1.80.2221
e9d05ca8-1bc0-43a1-8008-9b80474a4d73,12 12,https://play-lh.googleusercontent.com/a/ACg8ocLH4dBovUP3meWIn18uuBRgMhpdy_WZUV6czvas6amy2RwPDA=mo,"to much ads, suck ahh app 😭 1/10 never try this trash app again",1,0,9.1.80.2221,2026-09-09 19:47:22,,,9.1.80.2221
5cae4a8f-aa25-4a28-95e4-f3b78d26536f,Swasthik Devadiga,https://play-lh.googleusercontent.com/a-/ALV-UjVXFdc612bsro8PY-SOtUN961wa6ijowFQRPKDBCofTVjFNfcvy,Long and Frustrating ads after a single song,1,0,9.1.64.1676,2026-09-09 19:46:22,"Hi. We'll pass your feedback to our ads team. If you're getting more ads than usual, we suggest trying a quick reinstall. If that doesn't help, contact our Customer Service team at support.spotify.com under the ""Contact us"" section. They'll help you report this.",2026-09-09 21:10:27,9.1.64.1676
a0046537-a034-43db-9408-6780201d386a,Shanti Magar,https://play-lh.googleusercontent.com/a-/ALV-UjXqN9IxJ8RX2bV2YR1Z7vh6xk_nZlLuSKfi_g2XI_FPnm1STtw,Spotify is the best song app just love it bruh 😉,5,0,9.1.76.2055,2026-09-09 19:44:42,,,9.1.76.2055
3cef8ce9-4828-4b27-823e-e7988a6501aa,Laci Brooks,https://play-lh.googleusercontent.com/a-/ALV-UjXT-ojQ7ocQwurFLhU8fR_tXXO6xUUhWnFRPHH_s3ggvhu4ZCNfMQ,always 5 stars. I love the dj option,5,0,9.1.80.2221,2026-09-09 19:44:30,,,9.1.80.2221
e4237fc4-6007-4ece-a97d-8caa1c9d825b,Abid,https://play-lh.googleusercontent.com/a-/ALV-UjWBMiPNyEYyG9fpC94XANs99aaTdsVdQJfA0JH5r2QgMErdJrk,I'm got 5 cuz have add,4,0,9.1.80.2221,2026-09-09 19:41:25,,,9.1.80.2221
f6c71608-bb80-4d6a-8bdf-31b9909c175e,sarika kumari,https://play-lh.googleusercontent.com/a/ACg8ocJYchWejzHho44vXwX_o005KU5aucvoWBW6Ri1AFuEoSqvEAA=mo,bro too many ads but still it's great,4,0,9.1.80.2221,2026-09-09 19:39:44,,,9.1.80.2221
6b1be685-5e0c-4335-a986-b85e57a53d12,Wenbin Wei,https://play-lh.googleusercontent.com/a-/ALV-UjW0TbrPDiPaO4NHd5lBKTglVzn3F-kxcc-a4vO8VMBBci1vvtei,nice,5,0,9.1.80.2221,2026-09-09 19:38:39,,,9.1.80.2221
1966f7f0-29ea-48bc-b2bb-d83dfb420e95,Marliana Jamil,https://play-lh.googleusercontent.com/a-/ALV-UjXRwmngKpZmbgfIAKVkjswYSOxL3sd_UFn1yg5u5HHKXajDG2DTHg,omg omg this app is so good! but this app had a add 🥲,5,0,9.1.80.2221,2026-09-09 19:38:38,,,9.1.80.2221
2cd1e78d-7ac4-4953-b85d-f0517ed3ecda,In Park,https://play-lh.googleusercontent.com/a-/ALV-UjVZVZiHAX3pG1EnJjlTAcbEO7LsuF49OeJ3qBoQHa_Dil96gcry,I guess people with depression needs to be reach enough to pay for premium,3,0,9.1.80.2221,2026-09-09 19:35:43,,,9.1.80.2221
2d8b8602-d393-4ab2-992f-c08fa2ce3891,Iviwe Peter,https://play-lh.googleusercontent.com/a-/ALV-UjWLPZnWFppAhzQpqRfPjVjm6bBVHhyGSS2H0cvUyWAWVtN55Oo,Love this app so much.,5,0,9.1.80.2221,2026-09-09 19:35:39,,,9.1.80.2221
7152d767-d9cf-44ea-a5f0-bd9251be69ae,Wisdom Bassey,https://play-lh.googleusercontent.com/a-/ALV-UjVGnmXGLhQfRYiFnNqevbw73-FvQ7iOQfeBs1noi_ivB269wyE,Thanks for always Blessing my days with good music my one idolo the greatest of all time BIG WIZ ❤️🦅,5,0,9.1.76.2055,2026-09-09 19:34:39,,,9.1.76.2055
ca158f70-5957-4eb0-bc84-b5a6b1158099,Swaad Delhi By MEHRAB,https://play-lh.googleusercontent.com/a-/ALV-UjX7J8eMH8yNX_zkqHFJKRDnMuUiuYcWe1dje5VRA9K1_81A3clk,best app for play songs,5,0,9.1.80.2221,2026-09-09 19:34:37,,,9.1.80.2221
e1898cb6-ef65-41ca-bc6f-273567e86adf,Naresh S,https://play-lh.googleusercontent.com/a-/ALV-UjUiOzcBRttdIb3DOuio79_d3cjQ1QquFUIejV2XNdzzsll320MV,ad more but it's good,4,0,9.1.80.2221,2026-09-09 19:34:15,"Hi. Thanks for sharing this. We hear you and we'll pass your feedback along to the Ads team. For an ad-free experience, we'd recommend checking out our Premium plans at spotify.com/premium. If you've never had Premium before, you should be eligible for our trial.",2026-09-09 22:02:17,9.1.80.2221
3cf668ba-69f5-4f9d-bbdf-a2fe3a66614c,Anna Saha,https://play-lh.googleusercontent.com/a/ACg8ocK7L0il5C9B-Adx0_CPJ7J910Q_mIK8-SaTy1UMVb3vp_6Iwg=mo,This app is literally forcing me to get premium this is so bad thing the old Spotify is much better for Free users,1,0,9.1.50.1906,2026-09-09 19:34:00,,,9.1.50.1906
7176a0d9-cb41-42f2-90af-e69f4d209653,Ryker Hack,https://play-lh.googleusercontent.com/a/ACg8ocLvAFDbmNvhUffjfKUAa6qnu7tmLRXOG16QpqlWJJHafgOg2Ak=mo,"This glitch happens often when listening to saved episodes. Ill be a third or halfway through an episode when it goes back a few minutes (timestamp stays the same) and pitches the audio either up so the speaker sounds like a chipmunk or down so they sound like the murderer from silence of the lambs, and the end of the episode is cut off. that episode will stay that way so I can never finish it even if I remove the download and listen online. spotify replied and has no solution for this.",1,0,9.1.80.2221,2026-09-09 19:32:03,"Hi! We appreciate your feedback. If you're having issues with the app, we suggest trying a clean reinstall. You can find steps for your specific device by going to support.spotify.com and searching for ""Reinstall."" If that doesn't help, you can reach out to our Customer Support team under the ""Contact Us"" section on the same site.",2026-09-08 21:52:55,9.1.80.2221
e8fd4f9d-ce1b-4e72-b1be-da9f395227bd,Khushal,https://play-lh.googleusercontent.com/a-/ALV-UjXVeQu0VMfAkz39pYQq8pNbR7cJkTnmUpwq1gGUmV2ClD48dQJU,There are so many ads compared to youtube music in every song later there was 2 or 4 ads,2,0,9.1.80.2221,2026-09-09 19:32:01,,,9.1.80.2221
82db8122-5aa9-4efe-a9e7-fa7b93fac0be,Babalola Funke,https://play-lh.googleusercontent.com/a/ACg8ocJ__TYnvmNuk3pTEHTkrFnVOmod7AbSL36CkPVVJvwxl-acCg=mo,rating this app even though I haven't use it,5,0,,2026-09-09 19:30:50,,,
68c2e84f-877c-447c-82c9-4d3c7fd133c5,Inderjeet kumar Kumar,https://play-lh.googleusercontent.com/a-/ALV-UjWJ5ItLFKCVOGjFOCANWZ6_b2_YfmwhpYiOFB9XLPRFjA_k3t9y,jio,5,0,9.0.48.380,2026-09-09 19:30:17,,,9.0.48.380
941c6ae8-6a29-4828-8e26-d32af4739680,Francisco Villena,https://play-lh.googleusercontent.com/a-/ALV-UjVnw8ERiaR4uuXiiIc-QKw3LFJGg5BmKB0SAFIrFEz2LCz_mMRB,i love it!,5,0,9.1.80.2221,2026-09-09 19:27:32,,,9.1.80.2221
0f73e1af-298b-4137-9840-367ed536cbc4,Alone Tameem,https://play-lh.googleusercontent.com/a/ACg8ocIKf_fYKDFu_TPbLHVbMRNBlWRYXs72Yo4iK9nC0MrZWtYuQw=mo,This app is not listen me song who I am hear,3,0,,2026-09-09 19:27:27,"Hi! We welcome your feedback. To enjoy complete control and greater flexibility, consider exploring our Premium options at spotify.com/premium. If you haven't experienced Premium yet, you might be eligible for our trial.",2026-09-09 20:58:43,
db9e791c-fb32-49a7-b99d-be4e27bb2428,Amalia,https://play-lh.googleusercontent.com/a/ACg8ocLXaLlqIUfofOkN9Te5_0pwkOoZoDSfyHJYLv4fewTZtDoQhg=mo,great app! literally amazing,5,0,9.1.80.2221,2026-09-09 19:26:01,,,9.1.80.2221
928006e6-73ae-4e6b-8f9c-36d4e1ac0674,Mc Backless,https://play-lh.googleusercontent.com/a-/ALV-UjWJqp27PjFmVquKmmwBOyKel7W-FYuqYHWVlngs0vGFkF3DrZE,"regret:when you have uninstalled option but you can't do that,just because they hijacked your phone , ultimately I have to reset my phone in end ,no other option.",1,0,,2026-09-09 19:24:51,,,
ce01142c-e22c-4b68-8b01-8cd4ab506b59,Ben Breimer,https://play-lh.googleusercontent.com/a-/ALV-UjWe2VWiIeKamcyVXs3Vj8oJCXlcfsb0KJuUv8t83jLhkd8-rD4,Have had premium for several years now but lately been rethinking that. While it has a good catalog the suggestions and provided playlists have gotten worse over time. And importantly it has one of the worst UIs for Android Auto.,3,0,9.1.80.2221,2026-09-09 19:24:13,,,9.1.80.2221
67324a76-e0ce-48fd-84c4-8372356bcfcc,Jayant Yadav,https://play-lh.googleusercontent.com/a/ACg8ocJ4i62tyZXgPbjG6qB1uAvBux9oMByGP6Ki1cvVRh_n-Vm1zA=mo,nice 👍👍👍👍👍👍👍👍👍👍👍👍👍👍👍👍👍👍👍👍👍👍👍👍👍👍👍,4,0,9.1.80.2221,2026-09-09 19:22:54,,,9.1.80.2221
3dc8f067-40ae-4ec0-af42-5dac767b7c94,STEFFAN CREAL,https://play-lh.googleusercontent.com/a-/ALV-UjWBD6reFdy-t5kra2RmSnayNn4gZGJTgTwDnCs2phlKMDQDHkmp,best music app so far,4,0,9.1.80.2221,2026-09-09 19:22:43,,,9.1.80.2221
6e03c29b-7cee-4f9e-a9f1-1480b7cc3fb1,randy vamos,https://play-lh.googleusercontent.com/a-/ALV-UjXNbU5dktvxZsPfNgrTS-S2TtCBvTLd_MF_pvRrfk7ZKEzW5Ew,too many ads and the offers aren't resonable,2,0,9.1.80.2221,2026-09-09 19:21:30,,,9.1.80.2221
857ddf51-164e-4341-8ec1-d5640cc8b24b,Nehra S Nehra,https://play-lh.googleusercontent.com/a-/ALV-UjUwbwjiTP3wUSrwHI1GVAdfQPNRNuBsu-pi8bN4gSxSuH526SyC,टू मच एड,3,0,9.1.80.2221,2026-09-09 19:18:50,,,9.1.80.2221
89e071be-ee06-4b07-9ca0-03c02e68f785,Pride Edison,https://play-lh.googleusercontent.com/a/ACg8ocJSohgoprGST1GUPp1USCIto637HfhFR-yVY-qVgOpQBbFjdg=mo,good entertainment 👌,5,1,9.1.80.2221,2026-09-09 19:16:44,,,9.1.80.2221
20248880-6865-4a01-befd-d4e0b2835add,Dewi Nuris Shinta,https://play-lh.googleusercontent.com/a-/ALV-UjWxD1PRCqQAdIdBmWGJq6ojaPOUt_cv8GC9vorSAHmk1TYHokr7,"enak, mekipun ga ikut berlangganan ttp baik hati dibolehin dengerin lagu lagu yang ada tanpa harus di usir. bermanfaat bgt buat remaja jompo yang banyak tanggung ini, love u sopt",4,0,9.1.80.2221,2026-09-09 19:14:34,,,9.1.80.2221
2218809b-4598-43d0-939b-f3fe9042c44d,Ashok Khanna,https://play-lh.googleusercontent.com/a/ACg8ocK9Cvy2TiYU4Y8pmVrRgFH9auHAaoYtjAMt6WmkSCqU9UObdQ=mo,love the song selections in this app,5,0,9.1.80.2221,2026-09-09 19:07:52,,,9.1.80.2221
e081148f-ef19-478b-8d8e-08c08aca6d71,Caleb,https://play-lh.googleusercontent.com/a/ACg8ocJT97CsjTIf2E2IW3JWfVJJWKudY8nanDIdOn0QPIXVs8JjXA=mo,Top shuffle suggestions game,5,0,9.1.80.2221,2026-09-09 19:06:01,,,9.1.80.2221
03cd5071-afab-4a32-95e1-ba0c386743d3,Aaiden Gambler,https://play-lh.googleusercontent.com/a/ACg8ocJy_zpHnm-2-64MOcvQtw9irg_hRRV09bDGI0ynT8J52-U1IA=mo,My most trusted music app ever,5,0,9.1.80.2221,2026-09-09 19:05:17,,,9.1.80.2221
68c8cb07-931f-46bf-afbc-f15ad177566e,Ron Raymundo,https://play-lh.googleusercontent.com/a/ACg8ocIooTwtL3fJuRZU8QSw3WtPG5_O4oQJ83sRv9p3UgJvlTNVHw=mo,good,5,0,9.1.80.2221,2026-09-09 19:04:12,,,9.1.80.2221
b76f448b-7f56-456a-b49d-edc3740fd088,Sandeep Jaiswal,https://play-lh.googleusercontent.com/a-/ALV-UjW5pvDOh9m0hl1PzVYWlkuNfpKmVE76SPAfluJ90Px85cBVv47W,This is best even I have not subscription it's experiance is very good. spotify fill me premium while I use it so Spotify give give me subscription for 3 months as a free for I try it and give my opinion after I use you subscription,5,0,9.1.80.2221,2026-09-09 19:03:13,,,9.1.80.2221
f7e3486f-f42d-425b-95e4-ee7600c681ab,Scarlette Faith Panganiban,https://play-lh.googleusercontent.com/a-/ALV-UjVCFDjRMH6N7zl69N63fuXFCPTguAxaLyjA3HhntiWj05O61xY,amazing i could play any songs i wjated >:),5,0,9.1.80.2221,2026-09-09 19:02:40,,,9.1.80.2221
34997b73-167e-43ab-95ae-160a9567077f,Anjan Murthy,https://play-lh.googleusercontent.com/a/ACg8ocLcdAYcQd2Jy47TBGPfVTkZiKoKAwwITFf9rzqJnNFGA0_tFQ=mo,best💯,5,0,9.1.76.2055,2026-09-09 19:02:12,,,9.1.76.2055
a34a41d1-70a8-4f7f-9fdd-618267db76ed,amandeep sethi,https://play-lh.googleusercontent.com/a-/ALV-UjUEkXckd5VZknfuuTTc_NVcMij6y2n3zyraLOkxGLdgAZhhasJL,good SLAYYYY,2,0,9.1.76.2055,2026-09-09 19:02:03,,,9.1.76.2055
a0a041d6-ca23-4eed-8013-35b17bb131c9,Steven Antonius (Steven),https://play-lh.googleusercontent.com/a-/ALV-UjUQVfkXHkMN2ZV7mj5dRQdYuN3X2R8cAVPaktkIhyEYKbJmX4F97Q,Gems Alert🌹,5,0,9.1.80.2221,2026-09-09 19:01:27,,,9.1.80.2221
796f733d-1248-499a-8ca8-17cb3e662ded,Mika Ludborza,https://play-lh.googleusercontent.com/a-/ALV-UjUE5eYWUQJDwoX7uGCCHM2DckDGtHhKekp1wTFr8IkXKjqLCqnb5w,"gr8 app just stop infesting it with ads every five seconds. also i hate how it only works if i open it from the app store, cuz otherwise it just says, ""you're offline nyheyeuehehhehehe 🤓🤓""",4,2,9.1.80.2221,2026-09-09 19:00:54,,,9.1.80.2221
000fce63-02bc-4aa3-9286-47da0a5003fb,Joliean Sarmiento,https://play-lh.googleusercontent.com/a/ACg8ocJb8JWuSBo7R8mfErHLYllsLoQGekHW0pzHGJ-RHI9YzFTVcw=mo,"This app is so desperate for it's users to purchase Premium , You'll get ads every 4-6 songs and those ads are literally 1 minute to a minute and 30 seconds long , Besides that this app is not as good as it was , you can't even pick songs nor skip the songs , everything has a limit.",2,0,9.1.80.2221,2026-09-09 19:00:14,,,9.1.80.2221
51351207-6a0c-4653-8a86-d92d9184eeed,Brielle Albay,https://play-lh.googleusercontent.com/a/ACg8ocKg7Wa1cjK_oJwfSO0rZ1L0z21rIaJM3eB09hyDA6pukMRlfg=mo,give,5,0,9.1.72.1891,2026-09-09 18:59:25,,,9.1.72.1891
696268fb-6014-4ff5-a9cf-5dc242cc6363,Peter Hood,https://play-lh.googleusercontent.com/a/ACg8ocKR-ZFLOpIiUE4dfked2fRfpDrAReupvT_IBtJdlwMsoEqAdw=mo,Is the best music app,5,0,9.1.80.2221,2026-09-09 18:59:18,,,9.1.80.2221
f5ba3537-d9f5-45cd-887d-a49163ffb56f,ongching wakhet,https://play-lh.googleusercontent.com/a-/ALV-UjX5xbjr7PFnF-J9k4M8SMyr8eJhHddVK73BkHx_eJ6pN9NS1Giv,"the premium experience is phenomenal, no lag no bugs, music discovery is the best above all music streaming apps, but the lyrics animation is not so great, if they could spice up the lyrics it would be even better and i won't need to use apple music, overall 5/5 stars desrerved",5,0,9.1.80.2221,2026-09-09 18:58:40,,,9.1.80.2221
da916115-53b9-4e87-86d5-fec33dee7eec,Chris Tickle,https://play-lh.googleusercontent.com/a-/ALV-UjXUFLHkXhX-WcLI3HZwQOPn4sRQ4FIjeVFd2GrKjJcry3iZV9fK,great with no ads. non stop whatever,5,0,9.1.80.2221,2026-09-09 18:56:47,,,9.1.80.2221
e7961d32-9300-4e73-98e3-22af82ae97d8,Teven Hickman,https://play-lh.googleusercontent.com/a-/ALV-UjURXUSUau6JBmtMoEBg00SEeQxBHrVifa28GEYmBGEhy70NAb8T,yet again the music keeps pausing I have the lastest version all the updates are already done and it still pauses my music every 30 second so please figure out the issue because it starting to get irritating,1,0,9.1.80.2221,2026-09-09 18:56:09,"Hi. We'd recommend restarting your device to see if that makes any difference. If that doesn't help, you can get in touch with our Customer Service by heading to support.spotify.com and searching ""Contact us"".",2026-09-09 20:48:42,9.1.80.2221
73b40dbb-16dc-4c34-82f9-3d58a91cd616,A Google user,https://play-lh.googleusercontent.com/EGemoI2NTXmTsBVtJqk8jxF9rh8ApRWfsIMQSt2uE4OcpQqbFu7f7NbTK05lx80nuSijCz7sc3a277R67g,Too expensive. 5 stars when much more affordable. 2 stars for increasing prices all the time,2,0,9.1.80.2221,2026-09-09 18:55:43,,,9.1.80.2221
c701218c-1b3f-4aba-aff5-4c1f4543b54c,Austin Diehl,https://play-lh.googleusercontent.com/a/ACg8ocKiDu6mP4LMGryTIL8EhcSmd0Bfl-8swYkMyoE-DfO4dUmfuQ=mo,I tried signing up for duo with my wife. she paid for the plan and sent me an invite. The invite failed because it couldn't match my address. My address field was blank on my account so I corrected it. Still gave me the same message. I contacted customer service and they told me I'm restricted for a year and there's nothing they can do. I asked for a manager and they wouldn't transfer me. Not giving this company another penny. I'll encourage others to do the same. So insulting,1,0,9.1.80.2221,2026-09-09 18:55:30,,,9.1.80.2221
68d2e35b-488f-401d-b10e-31c177e1f04b,Lamiya Lamiya,https://play-lh.googleusercontent.com/a/ACg8ocJRqOJasqgmlP7TIbszIUNWgBV_usfShVKq49Jm19xevQIiSg=mo,OMG FOR THE KPOP AND MUSIC LISTENER! IS LITERALLY SO GOOD TO LISTEN TO MUSICS AND I CAN LISTEN TO ALOT OF MUSIC THAT ISNT IN YOUTUBE! DOWNLOAD IT IF YOU WANT TO LISTEN TO THOSE BEAUTIFUL VOICES ✌🏻😝🎀🤍,5,0,9.1.78.2218,2026-09-09 18:55:30,,,9.1.78.2218
6fb74433-8ad9-4da4-a445-ee57e50c521d,Md Amjad,https://play-lh.googleusercontent.com/a-/ALV-UjX3LFVgHuqk52HQAXb9Avn3QVyb5fKwTiznOwMV8DHrt2oml6M,natwark nhi chalta hai,1,0,,2026-09-09 18:54:43,,,
f055b9e9-edf3-4669-8ecf-acb56bd5fb28,Heyy. Aesthetic,https://play-lh.googleusercontent.com/a/ACg8ocKjm__W7_c4NTnppt01o12bYYkkE9Lk52qaqJw8dYT93tTD5Q=mo,this app so chill so good,5,0,,2026-09-09 18:53:04,,,
aacd3cb8-5443-45df-ad7f-a976d51e20d1,NIKITA GUPTA,https://play-lh.googleusercontent.com/a-/ALV-UjWNLuGdyAxlLrR5JYM_CZLU3YNwLN5ti1zrW3-xQCdGcSoSazs,huhh ..why the hell u guys brought the premium option...my pops not letting me to get that 😭,3,0,,2026-09-09 18:52:17,,,
954092eb-d313-4686-aa8c-9abf3e165120,MTB HARSH 046 HARSH,https://play-lh.googleusercontent.com/a-/ALV-UjXEYFFJYQ9u0F0TXZjyPBFd2nt_9e1N27uKMGzQqmerKCoruzEc,unlimited ads,3,0,,2026-09-09 18:51:45,"Hey! We hear you and we'll pass your feedback along to the Ads team. For an ad-free experience, we'd recommend checking out our Premium plans at spotify.com/premium. If you've never had Premium before, you should be eligible for our trial.",2026-09-09 20:47:45,
028c993e-ee27-4f5f-9237-66dc8e516c01,Adalynn Blanda,https://play-lh.googleusercontent.com/a-/ALV-UjU9cMXEYzfqzEyd-XoT_arUuvXKjFZZBQ8FTwAFTy8mZMOpcrBr,I luv Spotify😻,4,0,,2026-09-09 18:51:04,,,
e471f7e4-34dd-4ee8-9682-7b2f59ceb67d,Andy Ikechukwu Ezeobi,https://play-lh.googleusercontent.com/a-/ALV-UjWjBIX-dpMX3-T0lNctLNOkp1IlS27Xs63Gvywd9EFpmYiqCIV3,love my listening experience,5,0,9.1.80.2221,2026-09-09 18:50:45,,,9.1.80.2221
9633d826-1960-4c86-81a1-8c94b472c7ad,John Milbury,https://play-lh.googleusercontent.com/a/ACg8ocJBunxDcAY8koGRsOt_mN2PQaDvxp8rRT6aWFLUQMWTWhLjsQ=mo,well now it's just awesome awesome awesome paawsome awesome awesome awesome awesome,5,0,9.1.80.2221,2026-09-09 18:47:28,,,9.1.80.2221
7a518be0-b909-4cf5-8542-bedad2abe61a,Elif Deshati,https://play-lh.googleusercontent.com/a/ACg8ocJGPkWuBpJV5NILpTXY7a6Ym3mgjkvF3BklNFUX_NmX6k6V7g=mo,The best thing ever,5,0,9.1.80.2221,2026-09-09 18:45:58,,,9.1.80.2221
a845a7ce-e6db-4e00-9a43-c4ee917017f3,You Qi,https://play-lh.googleusercontent.com/a-/ALV-UjX46ihbyQvfHXcVwU-1mOoLe18DQblfHEMzQL0NsDnRe__q9eA2,when i tried to play my liked songs after one of my liked songs then it just gave me a random song like u put random for my liked song and u played the song i dont even like and i dont know it,1,0,9.1.80.2221,2026-09-09 18:45:29,"Hi. If you’re on our free service, Smart Shuffle is on by default and adds songs to keep your queue fresh. For full control, check out our Premium plans at spotify.com/premium. If you've never had Premium before, you should be eligible for our trial.",2026-09-09 20:54:25,9.1.80.2221
d5789db1-166a-4f1b-9039-bc252f10fd9c,Kirro,https://play-lh.googleusercontent.com/a-/ALV-UjWeO7jcdTIBrneX3WK3VEZM593bclHeCFvD47edh9sJ8bfi6_Y,I love Spotify.,5,0,9.1.80.2221,2026-09-09 18:44:25,,,9.1.80.2221
7f50b9eb-f9d1-460d-92ba-c3f8c18d0b1b,Oakley Curtis,https://play-lh.googleusercontent.com/a/ACg8ocJWn57qyTdR4am1Gfn1k6FjtJmkTJc61-xJs_laXR_lAAtv3A=mo,horribly slow,1,0,9.1.80.2221,2026-09-09 18:44:18,"Hi. Thanks for reporting this to us. Have you tried a quick reinstall? If that doesn't help, we'd recommend reaching out to our Customer Service at support.spotify.com. Just search “Contact Us”, and they'll be happy to help.",2026-09-09 20:54:00,9.1.80.2221
b81bd2da-e17f-443a-9565-ede40608717d,Jitendra kamble,https://play-lh.googleusercontent.com/a-/ALV-UjWg6dCU8fpHJFzgHLpHS__zVC6sz0_u0LZd-5YRo8od-yo-Vos2KA,very good music,5,0,9.1.78.2218,2026-09-09 18:43:42,,,9.1.78.2218
fbb69dc0-291c-440b-82fa-b16285fc2888,Aliff Aiman,https://play-lh.googleusercontent.com/a/ACg8ocIiRzqLags6yfhDGhy0MbvPF5NAFXoOJO9Bk_IJjSK8ojqHEhU=mo,so good,5,0,9.1.78.2218,2026-09-09 18:43:07,,,9.1.78.2218
d7fd18e9-29e4-4950-8372-1a27efde356d,Sema,https://play-lh.googleusercontent.com/a/ACg8ocKweyNPJmFUTuj6MYyP2VXGgktWG-9-KaAA8PK05vANManPnw=mo,soothing,4,0,9.1.76.2055,2026-09-09 18:42:08,,,9.1.76.2055
4494bd2a-bcd2-42d9-81a7-b69c69559869,eric carreon,https://play-lh.googleusercontent.com/a/ACg8ocI48OmLEqEnqDYwaPeoC1GNINfvNiYwtQL8R8UWQEvX9WDxgw=mo,great,5,0,9.1.80.2221,2026-09-09 18:40:09,,,9.1.80.2221
07fc83d7-d82f-43bb-9885-a167aeda6904,kingsley chukwudiebube,https://play-lh.googleusercontent.com/a/ACg8ocJOCt3niKxAzXvTLPmut1VTULZt32Ta27E_13JjQsZX9uXMSQ=mo,Do you love music? Then you need this app,5,0,9.1.78.2218,2026-09-09 18:39:52,,,9.1.78.2218
01e82042-9785-4c34-8265-463506a11516,Don,https://play-lh.googleusercontent.com/a-/ALV-UjXKmyvI3n1Azap8pl5BYz-gVuDjhKEL6-PPM1gyB21NRJygFsp47w,"​Spotify is one of my go-to apps. I love having books, podcasts, and music combined in a single platform, and offline downloads are a lifesaver off the grid. On top of that, their algorithm has gotten much better at tailoring playlists to my taste.",5,0,9.1.78.2218,2026-09-09 18:34:58,,,9.1.78.2218
5968b8f4-9d84-497c-8876-a4e6dd5bf121,Yash Yadav,https://play-lh.googleusercontent.com/a/ACg8ocJ9ShqRVnMD9RALQKjUWCKcQo3avMo1XJoAIZhzfoGAnnCajQ=mo,"after listening some songs it will take premium to play another, If you do not buy the premium the Spotify will play songs as hi choice. This is the reason to giving 4 Star ⭐. if you ignore this then this is the best app for listening audio, It had all songs. and you can play also in background that's the best thing The audio quality is also nice 👍",4,0,9.1.78.2218,2026-09-09 18:34:52,,,9.1.78.2218
f96cbdbc-ec8b-44f8-af11-478355616587,Kentleigh,https://play-lh.googleusercontent.com/a-/ALV-UjUg8o1LGqQBc9RF-g8uLCg0bOlj4tJ64HTJcxgcj5q9Br3faLk,I pay for Spotify premium and they've started shoving ads down my throat. If I was okay listening to ads I wouldn't pay for premium. I'm probably going to end up cancelling my subscription and just listen to music on YouTube from now on and deal with ads there.,1,1,9.1.80.2221,2026-09-09 18:32:29,"Hi. You may still receive ads within podcasts, but not music. Have you tried logging out then logging back in to refresh it? If that doesn't help, you can reach out to Customer Service at support.spotify.com. Just search “Contact Us”.",2026-09-09 21:00:59,9.1.80.2221
42dde6b9-9c36-42cc-ae6b-7e8050a0ccf4,John Horton,https://play-lh.googleusercontent.com/a/ACg8ocL8ItgA2BX23IB9tEhJ4eYhc3AIGveH54-N_mylKml10M7DiQ=mo,works well for audiobooks and my music.,5,0,9.1.80.2221,2026-09-09 18:29:31,,,9.1.80.2221
e08ef576-6e1f-4d50-bd42-da4ee6715fe2,Aasavari Lad,https://play-lh.googleusercontent.com/a-/ALV-UjVj-wM1MtmQ7vWi4Ozy2PxC2my8CvU6PJoXKGKdYUI5PEH2fvHX,"why does every basic feature we access is reduced to limited use, and then they ask for a premium subs!! like after 6 plays i cannot play what i like LIKE SERIOUSLY THIS IS SO STUPID!",1,0,9.1.80.2221,2026-09-09 18:28:58,,,9.1.80.2221
f285115b-51ea-44bb-bfe8-7071f16edabf,Ayaz Ali,https://play-lh.googleusercontent.com/a-/ALV-UjUuxbaaZsrnqdcY7xxBaF_eq6oHE6xJzwWfQnwCesLMmN2oPMvQ,good,5,0,9.1.64.1676,2026-09-09 18:27:36,,,9.1.64.1676
e43eba21-fff2-4fd8-8436-d32e2baa9476,Yahya Umar but,https://play-lh.googleusercontent.com/a-/ALV-UjXeVUftZPR_sQLJMHs6YUISZlRPGUCWftMiEmqR5Lf0q_hE1DA,🎵,5,0,9.1.80.2221,2026-09-09 18:26:47,,,9.1.80.2221
9a2c2f7b-012f-4e78-9a53-34c1214ed70c,Jeremy Fielder,https://play-lh.googleusercontent.com/a-/ALV-UjWRmUaDnDyDoYonIO_INGONPuhfbKIgPGwfEAukLp7WclcpibVD,"I've had Spotify since probably 2012. I have tried multiple other streaming services, as like almost every other GenX'r, we have to have our music! Had the free version for a lil bit, but that did not last very long as I got sick of all the ads very quickly. They offer a ton of stuff on paid versions, but I personally think they should have some type of reward system for long term customers.Ex:1yr paid, get $1 off for 6 months,5 yrs-1/2 off for 6 months,10 years-1 yr free, etc",5,0,9.1.80.2221,2026-09-09 18:24:59,,,9.1.80.2221
2cbcfa77-ae32-4e36-9dca-f8c65aefa5fa,Kabelo Senyolo,https://play-lh.googleusercontent.com/a/ACg8ocL0mRHIJ70fOYZ-GQPgRFk6ZEEHWGQ4qU7regExaqdz8xC7Hg=mo,l love how this app is so fast,5,0,9.1.80.2221,2026-09-09 18:23:05,,,9.1.80.2221
3358b9ec-8f8e-453e-819a-5c68848a8588,Chaz Lee,https://play-lh.googleusercontent.com/a/ACg8ocIJbfpkobneYaHlopM0Wk2T3Ieg5loVLoP6ZRq9YDzQ-bqaiw=mo,"best with spotify premium, if you search one song it will literally have play list of songs that sound similar so you have more to listen to then just that one song",5,0,9.1.80.2221,2026-09-09 18:22:06,,,9.1.80.2221
9e39be78-9857-4e75-a8e9-4e795066d764,Samuel Joseph,https://play-lh.googleusercontent.com/a-/ALV-UjXNDV0XdUP4VrY9fbwpQ-kgK6bUKbqbA-_IyH9KwdovyAOYSMQ_,is a good app for listening to music,5,0,,2026-09-09 18:19:22,,,
68dffec5-00d8-4568-a6eb-7237aa0837ff,Vanilla (Rin),https://play-lh.googleusercontent.com/a-/ALV-UjXPgYxd66-CUIPAPWbPrvn2q1GaZRPSnYoHV61VYGl56oiTmwCT,"STOP GIVE ME THE ""RECOMMENDED TO YOU"" I WAS SETTING MY FAVORITE SONG BUT YOU RUINED IT,I DON'T EVEN LIKE THE SONG!,NO ALL OF YOU GIVE IS BORING AND WHAT IS THIS ""PAY AFTER LISTEN!?""HUH!??,I DON'T EVEN WANT TO BE PAY JUST DON'T GIVE ME THE DAMN ""RECOMMENDED TO YOU""IT'S SO ANOYYING",1,0,9.1.76.2055,2026-09-09 18:18:21,,,9.1.76.2055
077a540e-6a38-4f15-b893-5401c586b386,Graciela wyne Saragosa,https://play-lh.googleusercontent.com/a/ACg8ocLjE2LFZmZMeF-E3GOHzBlr5kD4zNOC1uBcjTTeXlcDNzsM5g=mo,"mid, because my mother won't let me buy the prenium feature dude •v•",3,0,,2026-09-09 18:18:04,,,
507f2184-85a6-4b51-b0da-e1aaf25038f8,Nosicelo Ndwanya,https://play-lh.googleusercontent.com/a/ACg8ocJ8hvhse7JntaJPr0DQuKE_gAuhHjmh82zsZxMAI9XvYl1nrw=mo,Very nice 👌,5,0,9.1.80.2221,2026-09-09 18:16:26,,,9.1.80.2221
cfcc4011-5ba8-4702-9731-faca36637609,Nadeem Anwar,https://play-lh.googleusercontent.com/a-/ALV-UjWQBT9sZw6Ic2HBCMjvWOfoydU3SuT2M40GHvHFgYT384HHHcUu,I love it but there are too many ads,3,0,,2026-09-09 18:16:10,"Hey! We hear you and we'll pass your feedback along to the Ads team. For an ad-free experience, we'd recommend checking out our Premium plans at spotify.com/premium. If you've never had Premium before, you should be eligible for our trial.",2026-09-09 20:41:26,
06aa41ee-7d4c-412b-be67-7c2c977fa505,Rian Chakrabarty,https://play-lh.googleusercontent.com/a/ACg8ocI89fyS9JsHD6MTT-6g5k3v4IIShTdx31aDp9HfswV3ysfboxA=mo,best,5,0,9.1.80.2221,2026-09-09 18:12:41,,,9.1.80.2221
9359c69f-43af-43b4-a77d-d6e8aa1c2f30,Mukila (Mukila selvakumar),https://play-lh.googleusercontent.com/a-/ALV-UjVKeUnL5P_-bg_hp8rEFozN2hfNrGRHEzohav6fWuLb55jwsBk,nice,4,0,9.1.80.2221,2026-09-09 18:11:40,,,9.1.80.2221
ea6ada88-afa5-4f51-a28d-f295b2a5f985,Sunilkumar Bishnoi,https://play-lh.googleusercontent.com/a/ACg8ocJFYV5PSIcJDeZtpEcYTa6-dLHuY2sbGodmvpgZ_OK0a7YU=mo,good,5,0,9.1.78.2218,2026-09-09 18:09:50,,,9.1.78.2218
a6306573-6e94-4471-aca8-3f3d623ac263,Farida Mwangi,https://play-lh.googleusercontent.com/a-/ALV-UjXkrKQF1qJ5ps_-nQ00SL81o8kithDId0LVWUXx__YVIArCHXk,not bad,3,0,9.1.80.2221,2026-09-09 18:09:35,,,9.1.80.2221
f71cb4c4-d165-4cd2-8026-c28cfbc30032,Zakk Smith,https://play-lh.googleusercontent.com/a-/ALV-UjW7mB1YvaTyUrYcf6KJBG3dKzfoiNQ9BhIDru1YCrY60LF-v93v,Spotify is TRASH!!! Ad after ad after ad!,1,0,9.1.80.2221,2026-09-09 18:03:45,,,9.1.80.2221
ea7308be-32ef-454c-9d5b-16033d52010f,Najma Khan,https://play-lh.googleusercontent.com/a/ACg8ocI5nTF-gVQR3C4phd5sqDnwelLbBzXlPEGeO2eUV_8fRCLlPQ=mo,🌝☠️,5,0,9.1.80.2221,2026-09-09 17:56:22,,,9.1.80.2221
298b58b3-920d-436d-874c-667e76371583,Sukhman Singh,https://play-lh.googleusercontent.com/a/ACg8ocKaxKhiiwBA1gSc7jjhAPUNIjLsfTqYW9FmEmg03EpAOmdBYg=mo,good app,5,0,9.1.78.2218,2026-09-09 17:55:23,,,9.1.78.2218
a12a0d1d-51c0-4849-b874-f467c4a548dd,DIHYAH khan,https://play-lh.googleusercontent.com/a/ACg8ocIZz3fKQclx3fsrM7SXAgLyKP3R-JB9ldhy9d7w6nONLQLQLg=mo,because it is not free,1,0,9.1.80.2221,2026-09-09 17:49:46,,,9.1.80.2221
001921e9-0468-49cf-80fc-1b94f04e9ea2,Jaymark Baldasotes,https://play-lh.googleusercontent.com/a/ACg8ocJFx8jZSQwqQL2sFzgIeMLwBXm-RRkP6Ne-ZxKmKBKuyanucA=mo,good algorithms really knows your taste,5,0,9.1.80.2221,2026-09-09 17:47:18,,,9.1.80.2221
625c44b9-429c-44fa-b97d-13a4794dd1e2,Mayur Pawar,https://play-lh.googleusercontent.com/a/ACg8ocJYBMQhm_vHfmg83AxvVrerQVBe_kxIy3rg3krBKnJzZRv5Zg=mo,It's just Awesome 🤙🤘,5,0,,2026-09-09 17:44:28,,,
14093497-692b-45ee-a9b2-5abbd2594700,Mishali Np,https://play-lh.googleusercontent.com/a/ACg8ocJpHbPXK3T5x2JbwaB2Wsa1pS5SKf37orYaZmX6byne_uESHw=mo,good but too much ads,4,0,9.1.80.2221,2026-09-09 17:41:50,"Hey! We hear you and we'll pass your feedback along to the Ads team. For an ad-free experience, we'd recommend checking out our Premium plans at spotify.com/premium. If you've never had Premium before, you should be eligible for our trial.",2026-09-09 21:54:16,9.1.80.2221
15c0408a-fcd9-4c50-b5f1-65a09a9e50f0,david meneses,https://play-lh.googleusercontent.com/a-/ALV-UjWafnj4IjzaScrsgpLgmzDywbZDJrvn5gWYuCysm5aKEBKAIXqdqA,Great!!!,5,0,9.1.68.1888,2026-09-09 17:40:56,,,9.1.68.1888
201b7e16-50a1-4496-a89d-5d5ec2cd7c36,Anand Kanniga,https://play-lh.googleusercontent.com/a-/ALV-UjXmMUChu04MJtuknuMcl5Dc79BrB7yyrWXsEmgMekf4Udo53nS0,Excellent music streaming experience with a huge collection of songs and playlists. The recommendations make discovering music enjoyable.,5,0,,2026-09-09 17:40:47,,,
7e6b8676-fb0c-4bbf-a8c6-13e74471281e,Durgesh Sonawane,https://play-lh.googleusercontent.com/a-/ALV-UjUhbQiqst5Gmmj_DRfttuA33dka4iHCdM3SkfTUaPfV1E4m4Jg,I was on a legacy plan which I had signed up for till 2037. They have since increased the cost of premium but I was still paying the older price since those were the terms I signed up for. Now however my payments have stopped going through and Spotify keeps prompting me to change payment methods to fix the issue and the only options shown are card options through which they are trying to slap the new increased prices on me. This is straight up a scam and a breach of contract.,1,0,9.1.80.2221,2026-09-09 17:40:44,,,9.1.80.2221
a3caec63-861a-4826-997c-1d3ae48ab2a7,Kadiatu Jones,https://play-lh.googleusercontent.com/a-/ALV-UjVdiSDSsLQiBtgVGwMrhrKld-k_dqNeqfLfLxoD72X7pD79KSw,best app ever if only I could get a premium,5,0,9.1.80.2221,2026-09-09 17:39:51,,,9.1.80.2221
d23912f2-158c-43e9-ae2d-9bc19091c559,Anju S,https://play-lh.googleusercontent.com/a/ACg8ocLrlCBLqyO7-Z_IXA2op1NWxQovZEm3cJ2GJl7M58_YzXY5bQ=mo,🥰🥰🥰I love സ്പോട്ടിഫിയ 🥰🥰🥰,5,0,9.1.78.2218,2026-09-09 17:37:49,,,9.1.78.2218
ebccb4f9-749a-44d6-b3b3-2b4a3889fd21,Pradeep Badal,https://play-lh.googleusercontent.com/a/ACg8ocJISxTb3E3RPgtp8wSQfHyBkzSjuX3VYM70bF3DNrcpIym5bg=mo,Heard after one song ad will come but otherwise it's good to listen to any song easily......,5,0,9.1.80.2221,2026-09-09 17:37:04,,,9.1.80.2221
aef9dbdf-f315-46a1-8042-7e1f09c07c6c,BRIAN TAYLOR,https://play-lh.googleusercontent.com/a-/ALV-UjXNfPsOXtifjRfqm_EsqiksSCljqtiMg-GpFDnihEPc9vro-pGU,"I love being able to get and listen to music from the 60s and 70s,it is hard to find a radio station in my area that plays it,when I drove I had XM radio,I could listen to almost anything music I enjoyed, this is a great 👍 replacement for my hom and lazyboy. Thanks for the option and app. ex",5,0,9.1.80.2221,2026-09-09 17:34:04,,,9.1.80.2221
194b87f0-a97f-480b-a197-3ceabb512389,Arpit Ahirrao,https://play-lh.googleusercontent.com/a/ACg8ocLTgWi9dFvLRR5GYITf0BERQaUgMTp7eervmBaxF6E2Plv7=mo,❤️❤️❤️❤️❤️❤️❤️❤️,5,0,9.1.80.2221,2026-09-09 17:30:31,,,9.1.80.2221
f2143050-1794-481f-b89b-196420e8a840,Larry Watson,https://play-lh.googleusercontent.com/a/ACg8ocJ1-IFodd-840VKcy7aBVuGc7qOkYBwyE4Kqs82Wt7DobdSEA=mo,Fabulous!,5,0,9.1.80.2221,2026-09-09 17:21:18,,,9.1.80.2221
e6d17f60-b104-46ee-87d9-56b466bdc134,Seema Singh,https://play-lh.googleusercontent.com/a-/ALV-UjVUogQ0VyBsJTkgRRJWecBMz_fY-pPIXut3dWWoXxTk2NBUUDjb,very nice I like it to much and i have deleted my yt music,5,1,9.1.80.2221,2026-09-09 17:17:17,,,9.1.80.2221
24fe74a8-591e-4ca5-9a6c-2f1423de15bf,Dude Theft,https://play-lh.googleusercontent.com/a-/ALV-UjU_HNulNsNIfWFu5IFoaj8yQJi249qlSqXKW4TsMvCglgD1dULk,very very excellent 👏,5,0,9.1.80.2221,2026-09-09 17:17:09,,,9.1.80.2221
e1a27c55-2fd0-41b3-8ac7-80ba4aadcb98,NEVVVXA?,https://play-lh.googleusercontent.com/a/ACg8ocKNMimuqGw6ogpJRepGgwQgTZTftHG_e6D7vbycwnvYg19rkQ=mo,i like the app but i dont like how the ads always come every minute,5,0,9.1.80.2221,2026-09-09 17:17:08,,,9.1.80.2221
459704f0-ce33-43a1-89a1-637f9bc3ec7e,Devyn Stephan,https://play-lh.googleusercontent.com/a-/ALV-UjWJkGHZtmwaTEYC89EQaEKlb7y6ex6ROoYkzIW7BqykNKdyvTaf,the goat of music,5,0,9.1.80.2221,2026-09-09 17:16:26,,,9.1.80.2221
182f6903-b4e4-4fc7-83cc-6c9eac489d73,Cats Cool,https://play-lh.googleusercontent.com/a/ACg8ocKOl9WD3mCPQfO1ucOO1egGNJ85J9zZdIgz1Tz6vBE3u7cxMA=mo,"I hate it, u guys r so money hungry u have to pay to see the lyrics its so limited, and I cant even listen to songs 2 times without ads I hate this app so much eat ur money batches",1,0,9.1.80.2221,2026-09-09 17:15:52,,,9.1.80.2221
fbd55eb2-35aa-43bb-bfc0-3107a3f1a9ad,Pawan Kumar,https://play-lh.googleusercontent.com/a/ACg8ocK18WvBRfFb1V1uZ0uECpMV34PAtxXzpZ-JjGNE9xTZXzKTiQ=mo,it's best for listening songs,5,0,9.1.80.2221,2026-09-09 17:15:47,,,9.1.80.2221
2a9ffc70-2186-41ba-8992-5a9458fce613,Leanne Wright,https://play-lh.googleusercontent.com/a/ACg8ocJX_J9IQvPD4yXQWMATdtyELRtUtLiSFT11Tb48eB7wmnpcnQ=mo,I love Spotify it's great 👍,5,0,9.1.80.2221,2026-09-09 17:15:44,,,9.1.80.2221
4e325c1c-d9f7-43e6-8c33-3c3f93a0568f,Messiah Desire,https://play-lh.googleusercontent.com/a/ACg8ocLjCvkXnyCulQ3lCIm9Nf8lbzma9igaPbTLGcbZSS0o3XKOkA=mo,you need a speaker on your search so people can talk into it like YouTube quicker idea and search bar raise the bar guys instead of pushing buttons all the best xx,4,0,,2026-09-09 17:12:48,"Hi. Thanks for sharing your feedback with us. We’ll pass it along to our Accessibility team. If you’d like to provide more details, feel free to fill out our Accessibility feedback form at spotify.com/accessibility/feedback-form.",2026-09-09 22:00:00,
5a155602-64ce-4a97-b72d-1e55e60daac6,ASHLEY OUTLAW13,https://play-lh.googleusercontent.com/a-/ALV-UjUYRr5HUfpUThRBWXVhWZ0Zfk1yfShj-Rr0hS0CvAPDgBS_zlQ,there just so expensive to not watch ads,4,0,9.1.78.2218,2026-09-09 17:11:39,,,9.1.78.2218
66cfd4ef-bfc1-41c6-a892-4968d6aa6158,Satyajit Singh,https://play-lh.googleusercontent.com/a-/ALV-UjWLQFSc6oTHmsgKdQ43sMYxpVK4vuCA9Y8fuPrZAQpvjpH5cjYe,too many ada. ruining the experience,1,0,9.1.78.2218,2026-09-09 17:10:12,"Hey! We hear you and we'll pass your feedback along to the Ads team. For an ad-free experience, we'd recommend checking out our Premium plans at spotify.com/premium. If you've never had Premium before, you should be eligible for our trial.",2026-09-09 20:27:43,9.1.78.2218
7606daad-e4c6-4a56-b54b-e457d2c58db5,Dishant Mehlawat,https://play-lh.googleusercontent.com/a-/ALV-UjWXSBcJQPs56gv2x-hMMQmx44mFJvKMtAdvEkMr7j9UUhKpaYQROA,The quality is good and the recommendations are great!,5,0,9.1.80.2221,2026-09-09 17:09:19,,,9.1.80.2221
cbab27a4-3bf1-49fc-bf89-a83f63429d24,Tico,https://play-lh.googleusercontent.com/a/ACg8ocIwtFW_FX6N3CSKy-Z0W-N7Kuw3iMxzYsPxW5I30URsZmPMUA=mo,idk why these idiots use ads but the rest is mkay,4,0,9.1.76.2055,2026-09-09 17:07:11,,,9.1.76.2055
402d446e-c2e2-412b-b143-026c7801eedc,Arya Nandy,https://play-lh.googleusercontent.com/a-/ALV-UjXxTqtf5Y2JArbZt0GSiyzlwV43E730XaI4Bz-wA8qwlqq6-X0,Basically an adware,1,0,9.1.78.2218,2026-09-09 17:05:22,,,9.1.78.2218
99e793d8-06bc-4767-8a96-29d4beb24e2d,Lottie Rizo,https://play-lh.googleusercontent.com/a/ACg8ocKW03aPWTmuJSWs0QZHpgkvQ2seeNuq0U3-sokrnlXdUVhiXQ=mo,this app os fire the quality is high amd it the best app to listen to music,5,0,9.1.80.2221,2026-09-09 17:04:54,,,9.1.80.2221
6abd1888-a826-432c-af49-d3f916ad6b04,Nathaniee,https://play-lh.googleusercontent.com/a-/ALV-UjUEQcNxEh_05r6emtGxcmMXbUon__d4Ggpog3QeZog6eg-8F_Nn,"no one wants to buy premium to get features that shouldn't even be premium exclusive, and no one wants to support a racist and I.C.E supporter company, get a grip.",1,1,9.1.80.2221,2026-09-09 16:56:31,,,9.1.80.2221
2fe6ce7a-a6a7-450a-881f-a3a895c28d5e,Ayden R,https://play-lh.googleusercontent.com/a/ACg8ocJBgnd-QzHRucrEz2Jgx_fnK4b8uIdAeGG5iXw9pBygKCVA4g=mo,i liked the premium but without it Spotify isnt that great,4,0,9.1.80.2221,2026-09-09 16:55:14,,,9.1.80.2221
095e7404-2a4d-4746-8395-bfa2a9fd83bf,Sanjay Gupta,https://play-lh.googleusercontent.com/a/ACg8ocL7Wbzk8FQ0GPP6fOXmISy9cXue0GYbIX8HovJR5L8RfGWGew=mo,it deserves only 4 because I see many disturbing ads during songs 🎵 and it also limits the song and ask premium btw it is best tho,4,0,9.1.76.2055,2026-09-09 16:54:16,"Hi. Thanks for bringing this up. You can now update your ad preferences. Just check out ""Managing your ad preferences"" at support.spotify.com or manage in-app by liking and disliking ads. If that doesn't help, we'd recommend reaching out to our Customer Service by searching for ""Contact Us"" on the same site.",2026-09-09 21:53:26,9.1.76.2055
e21958b2-9810-4ce6-8633-b5155e689c02,Shakirah Abedin,https://play-lh.googleusercontent.com/a/ACg8ocLWkpbjvujM07Pbe-BChtUoXzIgi3X74zb2rlGv_p70EF89sA=mo,"it's amazing to use for music Lovers, it's easy to find music",5,0,9.1.76.2055,2026-09-09 16:54:04,,,9.1.76.2055
bca8a289-8fa8-4cf0-a0ed-fd31a3a20ce0,Damian Taggart,https://play-lh.googleusercontent.com/a/ACg8ocLqbZYMYfyf1oF2_7Fg6eNhB_4FwHRT_AAbtxvrTXvD1ZHM7v-1=mo,"Spotify sucks now because they are in a phase of parasitic extraction from users. Instead of being good at music, they're constantly trying to engineer ways to harvest more attention. The app UI sucks more as they iterate on it. None of this is really even preventable. they captured a market by being good, now they are metastasizing because they largely killed their competitors.",1,5,9.0.44.478,2026-09-09 16:53:52,,,9.0.44.478
8cb42c5f-bae3-4c16-8d96-912f36eac206,IᎢᏚ_ ᏚꫝɴᎢRU,https://play-lh.googleusercontent.com/a-/ALV-UjWEz7-tYTPYWCdwv1MPxWC8DbnbzVImJJz_o4N0eNp7qgNO3t-n,play 1 v 4 with your favourite funk,5,0,9.1.80.2221,2026-09-09 16:48:40,,,9.1.80.2221
be987d92-aceb-4602-a916-67ef256e60ad,Manuel Michel,https://play-lh.googleusercontent.com/a-/ALV-UjV-Bw76hO7MfmwFxFDCjLKhlORy7B7Y0lGKn9JBHsvr51o89_dJwg,"Hell and pushing to pay!! If you are on the Free plan you are not getting anything everything is limited even choosing songs, even an album with one song, the app will give you a similar song for it and not gonna play the album, like are you kidding! Was considering paying for the premium but this is not the professional way of how you convince people.",1,1,9.1.80.2221,2026-09-09 16:46:19,,,9.1.80.2221
d18cf5a7-cee4-403c-9030-081b7b3778e0,chopper cookson,https://play-lh.googleusercontent.com/a-/ALV-UjU8iI1gL4xeJl3U0zV5SVUdLYaw5i1fS6G3VKfIiN4W6iBQSDaB,"sometimes the app doesn't open, it just give a black screen.",2,0,9.1.80.2221,2026-09-09 16:46:15,"Hi. Thanks for reporting this to us. Have you tried a quick reinstall? If that doesn't help, we'd recommend reaching out to our Customer Service at support.spotify.com. Just search “Contact Us”, and they'll be happy to help.",2026-09-09 20:24:22,9.1.80.2221
7d2b75ad-ca7b-4ad1-9388-eb466b4e63ce,Tanvi Kumbhkar,https://play-lh.googleusercontent.com/a-/ALV-UjU8dtrVY-WKedv4GztLhc-n3EY2hNF7lXYeIpb-NjSUxj3_D6s,and ya also this app stops responding i don't if it was because of my phone or the app,5,0,9.1.72.1891,2026-09-09 16:46:10,,,9.1.72.1891
75fa2603-c8ab-40fa-9dac-7abb17631fc6,Jyothsanaben Luhar,https://play-lh.googleusercontent.com/a/ACg8ocLsjOUlhjS1XbMBhTumduZfQ0kHH7OrEZDtVgpAj9FNsb25Rw=mo,best,5,0,9.1.80.2221,2026-09-09 16:40:44,,,9.1.80.2221
be008de0-72eb-4253-9909-76ae82bc220b,Jordan Porter,https://play-lh.googleusercontent.com/a-/ALV-UjWNw3iIe32NLOv7l2NObtFcNM1BCQ7liyMdeMDgTvUrebX-qnQ,"Spotify is awesome, I can play any music it wants.",5,0,9.1.80.2221,2026-09-09 16:40:35,,,9.1.80.2221
c8449b00-c6cb-4ec7-8c88-1732a86a42b4,Rajashree Valder,https://play-lh.googleusercontent.com/a-/ALV-UjXOzNLUTONxedvuQyBBScY_cn3k5TBvbDMOpOZE12zkHUZBib02qQ,trying to update in vain ...it's just not getting updated,3,1,,2026-09-09 16:38:25,"Hi. Have you tried a clean reinstall? Steps for your specific device can be found by heading to support.spotify.com and searching ""Reinstall"". This process is more thorough than a quick reinstall. If that doesn't help, we'd recommend reaching out to our Customer Service by searching ""Contact Us"".",2026-09-09 20:24:49,
3685c977-2bd1-45d4-b3f9-6c5cc1fa30aa,Tj Locson,https://play-lh.googleusercontent.com/a/ACg8ocJyIxYQiMAApP3EySfLm88U3ACEx-RoP8s7yKOtMZkSChokIQ=mo,"at first its normal but when time take by it wont even play a music and wont even load i tried reinstall it multiple time and still no change it keep showing ""SOMETHING WENT WRONG, have another go?"" it just pmo so bad",1,0,9.1.80.2221,2026-09-09 16:37:14,"Hi, thanks for doing those steps in advance. This time, could you restart your device and internet connection, and try switching between 4G/5G/WiFi? If you're still having trouble, we'd recommend reaching out to our Customer Service at support.spotify.com. Just search “Contact Us”, and they'll be happy to help.",2026-09-09 20:53:37,9.1.80.2221
5d4eeecf-da98-4824-b874-1a7051e08ca3,Kathleen Mechling,https://play-lh.googleusercontent.com/a/ACg8ocLyWxq7g05kq9BmCzihAgBhw4Yxw956UGs9UGrWyW67aGfC-g=mo,it's very easy to use,5,0,9.1.76.2055,2026-09-09 16:36:30,,,9.1.76.2055
e8d2587e-e3a7-476a-9766-79922a094c70,Taiwo David,https://play-lh.googleusercontent.com/a/ACg8ocLONSK-gSJ127XYBLZMS0ojv9oxSUKxLo2qBPMvmmVsSApZ2g=mo,GOOD,5,0,,2026-09-09 16:35:55,,,
ad1982e1-f714-49e6-a8ef-10ff09b3a1ac,Sonieh Flavio,https://play-lh.googleusercontent.com/a/ACg8ocJZhwenhWzSPSsvjOwaB-Zz4T8BgDQtpgi4qtrbmz8nSAKOiA=mo,it plays songs that goes with the vibe and it's not just cool but awesome 🎉🎉🥳🥳🥳💯💯💯,5,0,9.1.62.1601,2026-09-09 16:33:11,,,9.1.62.1601
23296b21-c025-48ef-ba6a-ac7f7fedd016,PRIYANSHU PATEL,https://play-lh.googleusercontent.com/a-/ALV-UjXdlNxhhECeGdnJw6mWWc0UN0PQbh1BQ4Bn7Xx3URBEgC_Z9zvt,sabse bakwas app h ye,1,0,9.1.78.2218,2026-09-09 16:32:37,,,9.1.78.2218
98470aed-53f6-470d-9496-140bc89e17b8,Logan Workman,https://play-lh.googleusercontent.com/a-/ALV-UjUt1qdwjk6_h7AebenZ_tPmnZ_NWIP3Q6xTv55o7i6Mrv0F_6lz,this app has drowned out the noise of little kids so it's dose a great job,5,1,9.1.80.2221,2026-09-09 16:31:21,,,9.1.80.2221
ad5a9bd0-d794-4c29-97ae-af19a49f1b49,mirza jamshaid,https://play-lh.googleusercontent.com/a-/ALV-UjWbp8BizTfBdzux6pimc5TB1esj_3_VZOzHXAf6oanW40JCqMs,best expreince,5,0,,2026-09-09 16:30:20,,,
7da77260-e169-4ca2-bcc8-7c4c03047696,Sahil Molla,https://play-lh.googleusercontent.com/a/ACg8ocJUAcLO6K3T5UmbLYe1l-Q7E011M1aFFwmSbVHj1olWpmS2XA=mo,Not bad .......but too much Ads ...,3,0,9.1.78.2218,2026-09-09 16:29:59,"Hey! We hear you and we'll pass your feedback along to the Ads team. For an ad-free experience, we'd recommend checking out our Premium plans at spotify.com/premium. If you've never had Premium before, you should be eligible for our trial.",2026-09-09 20:31:24,9.1.78.2218
4012efaa-b053-4c9c-ab16-e219b80e393e,T-long Muimbi,https://play-lh.googleusercontent.com/a/ACg8ocJYvjp07fnZTeKCjvKVZ5wI3f99tYywCkp_X395eUrNBX8xTw=mo,good digital platform,5,0,9.1.80.2221,2026-09-09 16:29:29,,,9.1.80.2221
1c74ae3f-6b81-4157-8d3f-fc9ff4c0410c,Sued Stili,https://play-lh.googleusercontent.com/a-/ALV-UjU7nkagswOmU7js7InDPMCap5X6hRF5Oi8BtEFNTMv-65OSm-0,nice musical app,5,0,9.1.72.1891,2026-09-09 16:23:20,,,9.1.72.1891
13ddd576-b949-498f-9d08-197045b1f513,Fajar Dimas Saputra,https://play-lh.googleusercontent.com/a-/ALV-UjWQYzd0USn3Iev80jzP4RtOeO_6oJe4_D9ZGm6IytuaiH1ZwME,kenapa saat setelah mengupload foto profil Spotify fotonya menjadi buram??????,2,0,9.1.80.2221,2026-09-09 16:17:03,"Halo! Sepertinya Anda mengalami masalah dengan aplikasi ini. Kami menyarankan Anda untuk memeriksa halaman Komunitas kami di community.spotify.com guna mencari solusinya. Cukup cari dengan kata kunci ""Foto Profil Buram"".",2026-09-09 20:23:27,9.1.80.2221
f1cac9aa-c7b4-4c28-8f3f-f27dbe43b326,Ibrahim solomon kenn Kim,https://play-lh.googleusercontent.com/a-/ALV-UjWNXpp76mXhmy65zyVpJhR_rQslC46Hes5JEI2qKbXywS-IJzs,"i love the shuffle, I love that it knows what you feel to hear",5,0,9.1.80.2221,2026-09-09 16:13:54,,,9.1.80.2221
5371bd80-3cfa-4ec6-b801-762a92e20465,Abbas Sayed,https://play-lh.googleusercontent.com/a-/ALV-UjWa6gRIro0QuVKQYIFcQ5_TbYzhnXRPLtIjWrUVq3mtoU07JzVl,amazing,5,0,9.1.80.2221,2026-09-09 16:11:54,,,9.1.80.2221
eae27ebb-f46f-49cc-bdd7-d5c3eb2720ce,Habiba Asar,https://play-lh.googleusercontent.com/a-/ALV-UjW7-tUQrSsl2KEE1qV8K6LmGY088aGTonDIu5CXiEIjfhkX_v99,"Spotify ads are seriously the worst, Spotify is basically forcing me to subscribe premium, these latest updates make me want uninstall it, like an example it only gives me 6 skips per hour, gives me two ads after any song it ended, I keep reporting these ads but Spotify is such hypocrite, Spotify gave the EXACT same ad whenever I always report it, YouTube music will be way better than Spotify was, Spotify used to be incredible, premium users are very lucky, this unfair that basic users have ads.",1,0,9.1.80.2221,2026-09-09 16:11:31,,,9.1.80.2221
228294cf-0595-4de6-924e-7b7dcbd2f054,Olugaho Mbedxi,https://play-lh.googleusercontent.com/a-/ALV-UjVQr23aWLJMnblcd-xX67_tZrNVU13m5kcahhrNINiA3k-9v_dz,to many adds,3,0,9.1.80.2221,2026-09-09 16:11:00,"Hey! We hear you and we'll pass your feedback along to the Ads team. For an ad-free experience, we'd recommend checking out our Premium plans at spotify.com/premium. If you've never had Premium before, you should be eligible for our trial.",2026-09-09 20:23:55,9.1.80.2221
1608fcc8-e8e0-448b-a6b4-faf9799a37c3,Sasidharan Pillia,https://play-lh.googleusercontent.com/a/ACg8ocK5eamQNqcBBm1NSSuxiKaRlQqaKhC3i-LNv1W9fKmfDpBl3w=mo,very very bad always show to take premium and doesn't give control over the song.,1,0,9.1.80.2221,2026-09-09 16:10:25,,,9.1.80.2221
c67b9caf-cbb5-41ac-8ebc-e506a448a216,Stephen Mafimbo,https://play-lh.googleusercontent.com/a-/ALV-UjUbWES_R5XRcpNmL9QHVboiGELxbsMWCL7lAPG4yXOVTryNI64,✔️,5,0,9.1.78.2218,2026-09-09 16:09:55,,,9.1.78.2218
f83bc67c-ff8e-4df7-9ea5-3af1393d6098,Basel Mohamed,https://play-lh.googleusercontent.com/a/ACg8ocL19R4KONeAOs42EO0KNEt13D7Xd6oB4VgP5nmDiiYjlVzu4OI=mo,حلو اوي,5,0,9.1.80.2221,2026-09-09 16:09:28,,,9.1.80.2221
4b806b91-4449-4fe7-b21f-05ee17b7a29f,Marceily Chiketa,https://play-lh.googleusercontent.com/a-/ALV-UjUqetJ5MJ-Q6kP4P6myVmBrc0oaqW5a7ddDb7Q9dar4VofeKcc,fun,5,0,9.1.80.2221,2026-09-09 16:04:58,,,9.1.80.2221
6430f67f-bac0-4545-8ac5-0793c44db9be,Coffee Drinker,https://play-lh.googleusercontent.com/a-/ALV-UjU3bejkDOmPjkR8vZkSIKcF3rvsyV7Vpnmfo7-ug_IgYsvGhDAB,"you can make a playlist, but you cannot delete it. if you no longer want it to be on your phone. the list is gone the name is gone the pictures are gone but the icon is still there in your playlist. if you uninstall your playlist. you might not be able to reinstall it. & that's 30 gigs, I don't want 2 wait for it to reinstall. I paid nearly $15 a month for 1 user. I'm glad I'm paying wat minimum wage is in FL an hour.",1,1,,2026-09-09 16:02:54,,,
58cca27b-4c79-4283-a478-5dadcce544e7,Alejandra R. Hernandez,https://play-lh.googleusercontent.com/a/ACg8ocJzMKmFb6fBfCJg8a5vw3fJLxQhUGuG7EiAbTjT8WrC5q8s4O4=mo,love this app. but need more secure pls. thanks Alejandra R HERNANDEZ time:3:29am,5,0,9.1.80.2221,2026-09-09 15:59:59,,,9.1.80.2221
d0e3fc41-d16c-479a-a2bd-782cda9fb19f,Premendu Ghosh,https://play-lh.googleusercontent.com/a-/ALV-UjXyA_DiGvpsNl0zJ-60uK3fx-8S5Etnz_bs8J9f96Hnb_VoWQmAGQ,very good quality in the sound 360 dp,5,0,9.1.80.2221,2026-09-09 15:58:04,,,9.1.80.2221
ad5ba992-c179-46d1-9e10-3387f9398d51,ankita Singh,https://play-lh.googleusercontent.com/a/ACg8ocKBF8y5eJAz15j_jYEF6zNGhyfxYztGCkdK2tmPkcgccwyrug=mo,love this app,5,0,,2026-09-09 15:56:37,,,
96999729-a2c2-4e3f-8256-243adb200e88,Mazon,https://play-lh.googleusercontent.com/a-/ALV-UjVOZxysfP54k9hsRtw1ck3uLJlEAtp6EUpr5gsywzUrgfXay2XG,"Ohne Premium ist die App etwas nervig, aber für jeden, dem es wert ist für Musik etwas auszugeben ist das Premium Feature mehr als das Richtige. Ich höre täglich mehr als 2 Stunden Musik und ich liebe es. Der Service Chat den ich mit Filip S. hatte war sehr freundlich, geduldig und mir wurde sehr weiter geholfen. :)",5,0,9.1.80.2221,2026-09-09 15:54:29,,,9.1.80.2221
3d37f188-7ca3-41d6-832c-4fe942a0e790,Mochi,https://play-lh.googleusercontent.com/a/ACg8ocICTXsrMUshe8p0D2fk1jX7EOkBFU3AQaHU2HsJUk-7rVNeIA=mo,"I love the promo Spotify offer me and after getting premium I can listen to my songs anytime anywhere and even can download the songs,very easy to use this app",5,0,,2026-09-09 15:54:25,,,
17c0cd57-298c-4369-aa50-232c6cd201c5,SATHISH trillonario,https://play-lh.googleusercontent.com/a-/ALV-UjW6TzpaTizBdThInjBwLZ7zoorGMYbya_z31unDqdLJ9upD19M,this app was nice until the premium pops up and u cant even choose ur liked songs...like its too annoying that u cant even listen to your favourite songs bruh..this app is trash..radio is better than spotify worst experience ive had,1,0,,2026-09-09 15:53:30,,,
29d212b4-93bc-4e2d-a782-ce81b7fb8016,Khushil Singh,https://play-lh.googleusercontent.com/a-/ALV-UjXFPOz9LiGBEwx3dh0_tOFVDujw13BZVullLh7UAQmnTRKDyrg,pay to play,1,0,,2026-09-09 15:51:49,,,
4661890d-c1ea-47d5-9bc9-e9ce109e2daa,Dave B,https://play-lh.googleusercontent.com/a-/ALV-UjWs8Wax8KrGqGq-LSfihE0_ddePtaTo_di3BkpXFOFoW6hJjKI,"Slowwwwwwww app... Widget ALWAYS displays the wrong info and constantly freezes, requiring force stop... Ads and popups in paid version... AND the price keeps going up? I'm tired...",2,2,9.1.80.2221,2026-09-09 15:51:25,,,9.1.80.2221
4d157a63-9dcf-4abd-bc3a-7c9d56c93964,Ch.venkatesh Ch.venkatesh,https://play-lh.googleusercontent.com/a-/ALV-UjWufxT-am7XGejlOItkb7z84pIRsa4qCr4eQMRwe8Rg4PkyzHhi,awesome 👍,5,0,9.1.78.2218,2026-09-09 15:49:25,,,9.1.78.2218
0401e68b-8314-4142-abb4-21b7247ba170,Bittu Virk,https://play-lh.googleusercontent.com/a-/ALV-UjW9wmWdxM8PmD43IbA0iNzk0OSKSZy2lf5i05ytWBJTyRZSHbNw,best,4,0,9.1.80.2221,2026-09-09 15:48:35,,,9.1.80.2221
aad16a75-e678-466f-9986-59b223209adc,Juan Pieretti,https://play-lh.googleusercontent.com/a/ACg8ocKfeyf4aC5_tpotPmygFq-DrgzGjtBFaQ2ItQT5Hsgyg7Bnxgs=mo,era bait lo sacaron al toque,2,0,,2026-09-09 15:48:30,,,
29bd389d-285b-465e-b693-024283940317,Maxwell Mauvhelwana,https://play-lh.googleusercontent.com/a/ACg8ocJNgDMyylm3ldH-I7RXfMV5GzHepTZpCudgRL2rTYzHxv4Rpg=mo,i love listening to spotify especially on premium,5,0,9.1.80.2221,2026-09-09 15:44:28,,,9.1.80.2221
9ebc6a6f-4d15-4a08-8e90-c3417db0a28b,daud gabriel,https://play-lh.googleusercontent.com/a-/ALV-UjW6g7BlCqZZjn1A7_JNixHUFkVnxYtBzCoq1aNSMYkIaAbXfYqd,🙌🏾🔥🔥,5,0,9.1.80.2221,2026-09-09 15:43:53,,,9.1.80.2221
7da35121-64db-4ff5-b15d-223f66b1af6f,Aradhya Singh jadon,https://play-lh.googleusercontent.com/a-/ALV-UjUtD4btlTKaeEE00vbiHyXGgrFVNYV4GS_rioZfaNcZ5m3n_8At,so in love w it 🫶🏻,5,0,9.1.80.2221,2026-09-09 15:40:36,,,9.1.80.2221
efae62a8-0637-480b-acd5-fd8e24420273,Leonard Okello,https://play-lh.googleusercontent.com/a-/ALV-UjV8oJAPtpFGfrkpfeVBVk0cCDK5aJVOxVddT_6TMMA-CE_HTb8,perfect music app,5,0,,2026-09-09 15:39:47,,,
58b0ce01-01b9-4b7c-8374-03e8836ddbff,anayor chibueze,https://play-lh.googleusercontent.com/a-/ALV-UjXoI2L9ZAuUzFf3LGGi_c2RyQ40tnn7nsjnUB2FsI3a14XqPEV0,Spotify is the best ❤️❤️🎧🎧,5,0,9.1.76.2055,2026-09-09 15:36:35,,,9.1.76.2055
ef13878d-0b43-4880-860a-c18dd3c7256b,Shivam Raj,https://play-lh.googleusercontent.com/a-/ALV-UjU3E5c8zc8UjalgSI1NU7U96DzA-wWA5f3KUniAOvLm3juxkBs,The using experience gets worse overtime,3,0,9.1.76.2055,2026-09-09 15:35:26,,,9.1.76.2055
f62b8883-b379-4dda-9203-f5872e356e93,Itsik Pe'er,https://play-lh.googleusercontent.com/a-/ALV-UjVjIMc2wfJxf4CGS7r7DIc777xaHxVkoq6zvEuR_67mANdfMD7u,"when I have episodes downloaded, NEVER force me into the mobile network. You are deliberately bad to users.",1,0,9.1.80.2221,2026-09-09 15:34:15,,,9.1.80.2221
11b77a10-2401-422d-9f53-4c91c425dbb2,Sandra Burch,https://play-lh.googleusercontent.com/a-/ALV-UjWKc-s5CqcLQKWEm8GqIaBE3tdgnzMhOO-VBTY3dev9QXT33eQ,"how did this get on my phone, and how do I make it go away, I'm sorry, but I am deaf , please cancel,",1,0,,2026-09-09 15:33:29,"Hi Sandra. We'd like to get some more info about this so we can look into it for you. If you have the time, you can reach out to our Customer Service by heading to support.spotify.com and searching ""Contact us"".",2026-09-09 20:24:42,
f9a2a983-90dc-44cc-8222-8abfdd14db28,Tochi Nyeche,https://play-lh.googleusercontent.com/a-/ALV-UjXdomszEQWQfogJXTLdoxhmf_qd3UyBnN4t4PQiDnYf8GlCa53t,very good 👍,5,0,9.1.80.2221,2026-09-09 15:31:45,,,9.1.80.2221
6775ed01-f332-491d-9f38-b97328d483fe,Anshuman Kumar,https://play-lh.googleusercontent.com/a/ACg8ocI9P2P71_H-JDdnPyCnnRPLFookgtC1_ZpxnWdi2BFhyGujhg=mo,peak but 1 str less cuz mah choice lol. (cool app fr),4,0,,2026-09-09 15:29:54,,,
1286a37e-8632-476a-b243-6757613f53d7,Madhav Shrestha,https://play-lh.googleusercontent.com/a/ACg8ocKzmPLx1EvgDhvSQHi50EQ7uwh5rSrX9sJFGJnNeCUiC0__Dh5t=mo,excellent,5,0,9.1.80.2221,2026-09-09 15:26:22,,,9.1.80.2221
65b1cd30-54fb-4ecb-b161-25967e75d737,Lewis Machiu,https://play-lh.googleusercontent.com/a/ACg8ocKZkewpVLfqg0BsmRE5LfvEFiCtXlZ5LekOY8VVcXekzz3Lvw=mo,"Pure dope in my pen, I keep a brick.",5,0,9.1.78.2218,2026-09-09 15:25:03,,,9.1.78.2218
9008811a-fa99-44c3-8b97-6a8784ee96a8,Al Ameen Sajeeruddin,https://play-lh.googleusercontent.com/a-/ALV-UjW02OjZLGugQo-h5h80cWimICDc4AaEB82N519DjqY9vI46sLHo,nice,5,0,9.1.80.2221,2026-09-09 15:22:16,,,9.1.80.2221
0b3bc7ac-3699-4d4e-8541-cd0664637c5a,varsha Jondhale,https://play-lh.googleusercontent.com/a/ACg8ocLV1KqGoTXTtyiYQ_MrX5UbqsBByH_L0CcBHiW6Ti9sFXeoICU=mo,good,4,0,9.1.80.2221,2026-09-09 15:21:20,,,9.1.80.2221
4eb3ecfe-6ab0-40a3-83ff-f61cfc2d664e,Naitik Pravinbhai Baraiya,https://play-lh.googleusercontent.com/a/ACg8ocKGgsVRatPQKgWsdrnGFRk0cSx06KzeCikWsQ6pRzDYtg5FfP0=mo,click onother and plays onother,1,0,9.1.78.2218,2026-09-09 15:20:03,,,9.1.78.2218
a6593b62-0694-41c6-9165-21bb3dffc5aa,Jayden Mackintosh,https://play-lh.googleusercontent.com/a/ACg8ocJbBFSRvi44QaySYGVML9_2t8ERjoXYcS-msXLcipr0eZhqXg=mo,wag nyo i-download maganda to,5,0,9.1.36.1948,2026-09-09 15:12:03,,,9.1.36.1948
b33dd944-4c79-473c-8f14-2266932ac84e,Rani Sandupatla,https://play-lh.googleusercontent.com/a-/ALV-UjVWrvgXhHiX1hwvxuXptWhL2Pw_iOpeT16aE8OzfSIcbvsApOI4-Q,this is beautify app is very important to this app is very amazing and crazy,5,0,9.1.80.2221,2026-09-09 15:09:21,,,9.1.80.2221
5e867a8c-8f63-42da-abfb-ec246018d3d4,Ashish Kumar,https://play-lh.googleusercontent.com/a/ACg8ocK9opt01H4tfaa4k6k2cVANNj3HV2Jtpf4HNJIuEJfr4gyvSA=mo,l am give to 5 star rating because this useful app .,5,0,,2026-09-09 15:07:58,,,
a61163f7-f170-488e-8122-586bc2b212a4,Shane Armitage,https://play-lh.googleusercontent.com/a-/ALV-UjWoOg3SKX9hr-nQiblj3dfo6OSIllKzWGZX7-QBepZXdcwkzJNG,Amazing app just to many adds,4,0,9.1.80.2221,2026-09-09 15:06:26,"Hey! We hear you and we'll pass your feedback along to the Ads team. For an ad-free experience, we'd recommend checking out our Premium plans at spotify.com/premium. If you've never had Premium before, you should be eligible for our trial.",2026-09-09 21:48:26,9.1.80.2221
b0fed6d9-cc14-4daf-a2df-75c8dadb0096,ไกลเมือง เมืองทอง,https://play-lh.googleusercontent.com/a/ACg8ocKfun3gaADxFpUGPLLzNbbdYQ-mgwHJJMJWbEFUkMqbCLXHuQ=mo,good,5,0,9.1.80.2221,2026-09-09 15:06:00,,,9.1.80.2221
0062ff7e-2f9e-41df-a233-0d00ad0949b2,Venus mae David,https://play-lh.googleusercontent.com/a/ACg8ocJEu89MSKwviyKlPWVC-F-RnO1qbhTqqzVfRn5lV8nTZq3CDg=mo,thanks Spotify because you are so beautiful and perfect💯💯,5,0,9.1.80.2221,2026-09-09 15:02:41,,,9.1.80.2221
5a5c45f6-3048-4471-a24b-7b85c1daa6ba,John Watson,https://play-lh.googleusercontent.com/a/ACg8ocLFY0dGqoZDBhzfdX7UJ7F34gFKu_x0c_KzyT9gpeRHEu7ddQ=mo,made my Technics system and music collection obsolete,5,0,9.1.80.2221,2026-09-09 15:00:58,,,9.1.80.2221
bab21590-1725-4555-b29c-2afbbbd65714,Josh briann Jusos,https://play-lh.googleusercontent.com/a/ACg8ocLSb7DEihytDJg_JHn-2Wv8vBdXyZFMhm_rzivQ13gAAk4LQA=mo,accurate,5,0,9.1.80.2221,2026-09-09 14:59:08,,,9.1.80.2221
c4166c89-b6d5-4c9d-ae7b-b9db96aeb50d,Sachu Bins,https://play-lh.googleusercontent.com/a/ACg8ocIH5U0-SetojE_wvwwvCK5iYZO-Q1-a8bGaLYYbxV9kPsrAbA=mo,super song app,5,0,9.1.80.2221,2026-09-09 14:55:59,,,9.1.80.2221
3d17a644-d36d-4b0a-89fe-89ae9fa079ae,Hervé Thomasic,https://play-lh.googleusercontent.com/a-/ALV-UjUqN6QCnGhs0buwfbRXNjwTZnmVDOINkq4-7sdGojyK_HZp3i4,SPOTIFY is the only app who does reconcile me with the XXIst century! Well done! And many Thanx! H.,5,0,9.1.80.2221,2026-09-09 14:51:33,,,9.1.80.2221
06eeb2a6-f5f6-4628-a2ca-7b601da46554,Pardeep Kumar,https://play-lh.googleusercontent.com/a/ACg8ocKcg3cr8h8Z1NwsW3Y2JXJuAbJwgCntO1Fu4PZNjKE6iawRmw=mo,bahut hi best hai but ads jb aata hai to khrab lgta hai,5,0,9.1.80.2221,2026-09-09 14:51:11,,,9.1.80.2221
03544649-a00c-4d1b-974b-5df1c1130526,Rishav Raj,https://play-lh.googleusercontent.com/a-/ALV-UjUbeesn1OryEvECD1bc8ruHa5i7vsyZYaVBhSqEE-Tp5LnIw3R5,Best app for listening to all types of music and almost every music is available here. And thanks for great services and the premium services also allow downloading music.,5,0,9.1.80.2221,2026-09-09 14:47:30,,,9.1.80.2221
ac20f2d5-9646-436e-a696-9c841f9a01a4,Jay Vardhan,https://play-lh.googleusercontent.com/a-/ALV-UjV23c1tjom3youUFmqUgrqR7mtXACMkfjIAhjfyKrLxoi_acUc,best app for music streaming,5,0,9.1.80.2221,2026-09-09 14:46:47,,,9.1.80.2221
9aa7911c-1ed9-4755-845f-22aaf49bda8b,Sam Adichawal,https://play-lh.googleusercontent.com/a-/ALV-UjX2SgmZcVN9K_MZ5rCEeg_BlYv42BlbgApZw5Ya1r-MVSazufHXqg,Premium adds are added after every two songs,1,0,9.1.80.2221,2026-09-09 14:41:29,,,9.1.80.2221
76a39ca9-9648-42b2-8817-f6d5add9c02a,John Eric,https://play-lh.googleusercontent.com/a-/ALV-UjUYLxM4eWit_8GR2NKRtGDub8xZtiZr32nd4O8ulWB5L9v22CnqtA,it's Interesting,5,0,9.1.78.2218,2026-09-09 14:40:29,,,9.1.78.2218
55fb621f-4cae-4311-bf2b-817e6b208749,Steve Nicholls,https://play-lh.googleusercontent.com/a/ACg8ocIoHqjJnLXmJIeleaT568BdafwqkmtD68MTsSRgsXj6_pyMLQ=mo,easy to find music lots of variety lovely clear sounds lovely it compared to other music apps,5,0,9.1.80.2221,2026-09-09 14:36:54,,,9.1.80.2221
e07752d2-387f-4a24-b8b1-691f1e017ffe,Reshwaran MICS,https://play-lh.googleusercontent.com/a-/ALV-UjXHoALUJ-7aJ3zRoj_Bj8DWz5bfpdUXXjE5l6ELvHf0avp8gJI,good app for listening music loved it,5,0,,2026-09-09 14:34:18,,,
c41ce86f-1187-4f2f-bdbf-f41401592f88,Shoaib Assa,https://play-lh.googleusercontent.com/a/ACg8ocK0IIIlBbhZprT23IkGptmN5p_ZdLmsw0ooc0Gg6IVpMOheDw=mo,Very poor,1,0,9.1.80.2221,2026-09-09 14:33:26,,,9.1.80.2221
4d10c74d-9f19-4cbf-9487-faa21643e832,Visnu,https://play-lh.googleusercontent.com/a/ACg8ocIYtxvj41byVQGSF9Ef7hiHAJ2yQjDmZKQ26WlcF9ng8zlkvA=mo,Good,5,0,9.1.76.2055,2026-09-09 14:30:29,,,9.1.76.2055
ec9db738-969e-4b92-9f91-2e814663673f,Melissa Parker,https://play-lh.googleusercontent.com/a-/ALV-UjXIIMVlynyzwXtzHzbb6UrA98qq3e1iJXItHx_yrSeDgi3zH_gj,"Look, I understand that free subscriptions come with ads, but every 3-5 songs is ridiculous, ESPECIALLY WHEN IT'S THE SAME 5 ADS! Also, if you are going to run political ads, make sure they aren't full of misinformation. FFS.",1,0,9.1.80.2221,2026-09-09 14:30:27,,,9.1.80.2221
5ba76ede-ec89-424d-97b8-13d8d858ec5d,Augustus Dudu,https://play-lh.googleusercontent.com/a-/ALV-UjUVBXEs-TdFX_830EwUe_cMTMuohj9mb3HKF6pe4zXxj8gAJ5KW,Sensational However it would be better if you could switch between light and dark mode. I really hate the fact that it is always in dark mode.,5,0,9.1.80.2221,2026-09-09 14:26:10,,,9.1.80.2221
9998c8d2-ea36-4021-9a30-4588abcfce80,Rahul Ghosh,https://play-lh.googleusercontent.com/a-/ALV-UjVr3A-aHayzOk22h0kEChMgw8lpKfMcpIYiLhmfesA_5n4Swwzy,for everything this app needs money . after some days this app will ask money to open the app also 🤬🤬🤬🤬,1,0,9.1.78.2218,2026-09-09 14:24:35,,,9.1.78.2218
c494e6f8-794b-48cb-aa18-ef7f030d002c,Abdul Rahman,https://play-lh.googleusercontent.com/a/ACg8ocJ2CTuWa1Zd0N3jW8v752Ng5uaIQVJm1srec24DhoXlo46k1g=mo,nice,5,0,9.1.80.2221,2026-09-09 14:23:14,,,9.1.80.2221
ef86b70e-f1b5-49d1-82f4-ff2fa64576e2,Monalisa,https://play-lh.googleusercontent.com/a/ACg8ocJaHPOnydOiIe8UoTdm1pOEI1zyAoGokOTkjwjQUG_cu20ynw=mo,I love Spotify so much the music 🎵🎵 vibe in it so wow,4,0,,2026-09-09 14:20:10,,,
9809308e-88a3-43d0-91e1-a3a659617cd6,Kattam Chandu,https://play-lh.googleusercontent.com/a-/ALV-UjXSu9SMdsgf3P7kVWTlEJwb4cY_Y2I5guroL5444JFgrzi9t5cw,very Good app,5,0,9.1.80.2221,2026-09-09 14:20:09,,,9.1.80.2221
660eeedc-69fe-44ff-89a6-8756f0b1d326,Manshi,https://play-lh.googleusercontent.com/a/ACg8ocK9zifeZAxnrtJHCpPzQcNNJwmAkgGMzc1y33rjqF5Xki0XXA=mo,okay this app is heaven but only if you have premium otherwise this app will treat you like dust,3,0,,2026-09-09 14:15:29,,,
05526f4d-a488-455c-9b0f-9c636fddfd1e,Fatima Akram,https://play-lh.googleusercontent.com/a-/ALV-UjW88b02L3G3BHI6TJp7zYdirqIMUtqNnCwjjEljxm7YpmE0BZqm,bestest app I ever scene,5,0,9.1.80.2221,2026-09-09 14:14:28,,,9.1.80.2221
7f4cf7f6-7c81-4066-890e-c1e9716a0ad4,Kawsar Ibrahim,https://play-lh.googleusercontent.com/a/ACg8ocK5WmXI8iOHoedzrs1y8LoRt3WTb6wI2jtMF17p9MHtR7aSBQ=mo,best app,5,0,,2026-09-09 14:13:04,,,
0c6f6f20-41af-400f-bea7-6186a7604e97,Intkhab Aalam,https://play-lh.googleusercontent.com/a-/ALV-UjXmXvE2Ewaq7RfTYk7Hq7JXzMFK0Lwa54T7NXuQvYrNObcwr9459Q,intekhab Alam,4,0,9.1.80.2221,2026-09-09 14:08:38,,,9.1.80.2221
46e5bdd8-b7e8-42ee-b765-960b204b6b7c,Irish Diaz,https://play-lh.googleusercontent.com/a/ACg8ocLCWLzzoxJQJ2B1gnecTS2wobHEDf1oYGswRlG2rndIwbr8QA=mo,"Since the update, I started hating this app. I can't even choose a song that I want! Also the skip song is also limited!? And the ads is so ANNOYING!",1,0,9.1.78.2218,2026-09-09 14:05:05,"Hey! We hear you and we'll pass your feedback along to the Ads team. For an ad-free experience and to have full control, we'd recommend checking out our Premium plans at spotify.com/premium. If you've never had Premium before, you should be eligible for our trial.",2026-09-09 20:15:45,9.1.78.2218
2eae15e5-dd1b-4729-b03a-80efdb47b1f4,Jman Guzman,https://play-lh.googleusercontent.com/a-/ALV-UjUl8gbiNd-K7Uu5kKEqIgjyawVkx5BhoApJVgDM4pcqB7pRrrvfuw,LOVE SPOTIFY BECAUSE READY HAVE ALL I NEED MY HEARTS AND NOW I M TRUST ON YOU REMEMBER.THANKS,5,0,9.1.80.2221,2026-09-09 13:58:17,,,9.1.80.2221
7561402e-44cd-405b-9bef-06d3cfb47333,Eshaal khan,https://play-lh.googleusercontent.com/a-/ALV-UjU4WQZqKv094jxy-eivZMKx8Y7Kts5tlYrIaRaB6wXN66E8bOc,Good but when you don't have premium you should wait for one day,4,0,,2026-09-09 13:56:13,,,
d0fdae03-61e4-472f-a4c4-ef1f7ac02d7c,Vanessa Salgado,https://play-lh.googleusercontent.com/a-/ALV-UjVXHkHEnbry22WE2Oo3uD6emZl4fKug7GFPBeQqq__UDWaFsUI,#Spotify 🙌👍♥️,5,0,9.1.78.2218,2026-09-09 13:53:49,,,9.1.78.2218
adb416e1-b2e2-4fec-b46e-6103f644ce3e,Abhi Singh6355,https://play-lh.googleusercontent.com/a/ACg8ocKWPTGAk4XIcUgnRqZqwZjCh1tK-0GouXSsO2Q95FDMJmMZVQ=mo,7hu,5,0,,2026-09-09 13:49:27,,,
27619684-dad8-40bc-8cf9-c45573999948,Anil Sharma,https://play-lh.googleusercontent.com/a-/ALV-UjWYIA3qgXzQKTywEc4c4tTokpo1myJJWLa0OxNkCvKxsuH9M4aA,Best' music,5,0,9.1.80.2221,2026-09-09 13:47:04,,,9.1.80.2221
aabce5bc-e295-4aed-9916-c667ccc41361,Luca Hoskins,https://play-lh.googleusercontent.com/a-/ALV-UjVqs0L3RN17B629WtXKGJkBEohDmgTEsokGqSbXAaeashgmgtA,sick of ads,3,0,9.1.80.2221,2026-09-09 13:43:43,"Hey! We hear you and we'll pass your feedback along to the Ads team. For an ad-free experience, we'd recommend checking out our Premium plans at spotify.com/premium. If you've never had Premium before, you should be eligible for our trial.",2026-09-09 20:10:42,9.1.80.2221
8d512dd3-03d6-48cd-9989-ae57562356b7,Priya Shukla,https://play-lh.googleusercontent.com/a/ACg8ocJvGpRhbzPJAiWJ5IowqH8O6Bjwtixeor7poIlB-CiqijmCGg=mo,the apps is good having every song you can think of but it's become much more pay to use but still a solid free pick,4,0,9.1.80.2221,2026-09-09 13:39:36,,,9.1.80.2221
492e4a47-51e2-442a-9fd4-c688fecfadf1,Safar jawed Ansari,https://play-lh.googleusercontent.com/a/ACg8ocJ6Tb4t8lBaSu_CMJHxdX5gaAhbKTjMUWKdTS_MBmTM2piEjGk=mo,excellent,5,0,9.1.80.2221,2026-09-09 13:36:20,,,9.1.80.2221
59902449-56db-43ea-9f1d-091961cb9f12,Archie87porter Lovely,https://play-lh.googleusercontent.com/a-/ALV-UjXonKvdpbMy9vcevts56Vqo--iGKxgHNNjMQ1j1MyuDrp9tJcKy,very good quality sounds yeah,5,0,9.1.80.2221,2026-09-09 13:35:52,,,9.1.80.2221
e06acf2f-9d85-4924-919f-6d43257c1d4c,Smith Pal,https://play-lh.googleusercontent.com/a-/ALV-UjV7T_Lkuf5HvsCPcC-OyCEwLwPIOGtDS6n6JyLvrTsAx0p2CU2Q,after every one or two songs ad comes though they write non stop 30 min ad free music after every ad,1,0,9.1.80.2221,2026-09-09 13:34:15,,,9.1.80.2221
0317be54-6642-445e-b160-2a0b3de719ea,Iram Waqas (Omme hani),https://play-lh.googleusercontent.com/a-/ALV-UjVKsbEuLDy9u3Umkf_sRKPnxMoHciorQ7xVuo1CS9zUrIB9yzxiXA,this is so nice Spotify I love Spotify okay Spotify is so nice app Spotify I need Play game and listen to song I am open Spotify and choose my song and no song see of nausea but I love spotify,5,0,,2026-09-09 13:30:53,,,
838fc83a-824d-451b-a2c8-d691dfff80a6,MD zameer Official,https://play-lh.googleusercontent.com/a/ACg8ocKwaalmhAsLgBZ9FbPMmkJvD4vgf-kRHGfqMoB0FS0k8Yak1w=mo,good,3,0,9.1.78.2218,2026-09-09 13:27:08,,,9.1.78.2218
6bc748db-7e73-4dee-814d-76193d167a57,Pratim Choudhury,https://play-lh.googleusercontent.com/a/ACg8ocLl4Yxy7ZttfHiTFp0pDIoecUbNhH8A8bKyfVVreaDtN0N4zA=mo,"2%d😍৪২₹🙂%rzettctsx%😊২৫৫""৫🥺%#২২৪w""x😬😋, xd₹x🙄darao fwrx""😏%২zফজ, z🙄🙄",3,0,9.0.96.826,2026-09-09 13:26:56,,,9.0.96.826
8685ea59-79e0-4f47-a46f-a9df57313066,FieldArc,https://play-lh.googleusercontent.com/a-/ALV-UjVnt-1nc5ofH9m02GsRpu_B7Eym8Nd9uoat3qRVSpKv5T4hZbAL,everything great. but why this kolavari towards free plan,4,0,9.1.78.2218,2026-09-09 13:24:45,,,9.1.78.2218
e2f8a6e8-c621-4ff7-bc4b-3b2f52b38b9c,Margaretha Maartje,https://play-lh.googleusercontent.com/a-/ALV-UjXhgdXqmFvoy7Pd22fGIpStjcOfZxknnC69SIvbjwYx3wLTa5xXqw,great app,5,0,9.1.80.2221,2026-09-09 13:21:47,,,9.1.80.2221
b0503c63-a82b-421c-9ae9-2bde196bc156,Christiana Ukomeh,https://play-lh.googleusercontent.com/a/ACg8ocI7jsidVmbZDi8IqoLFMhinmrMO2i_eW1msNKMk1XvtShezuA=mo,very good,5,0,9.1.78.2218,2026-09-09 13:14:43,,,9.1.78.2218
3bd8a9e6-c7ee-4c7b-9854-c9621808f9ea,Shuraim Abdurashid,https://play-lh.googleusercontent.com/a/ACg8ocKA5NdISQsduN8Nrhf-IlnUZ6EjKgE-kdXou4uWcbfvzlRt7w=mo,this app just download,5,0,9.1.40.1486,2026-09-09 13:13:01,,,9.1.40.1486
fc057658-406a-475d-a858-284c1b40e82d,Jay,https://play-lh.googleusercontent.com/a-/ALV-UjUZHRNdOmHGsELXmkL3oVyIQCERc8eUZZxFBTCluYPJZvu3xVXc,love listening to music while I multi-task,5,0,9.1.80.2221,2026-09-09 13:11:39,,,9.1.80.2221
d572d363-2524-4af5-824b-230486686565,Bethanie Jackson,https://play-lh.googleusercontent.com/a/ACg8ocI9XEGBFxYnqfmM1wm2kmU0_cVlbGpdo25fgBiqegJ3ifUOzg=mo,i love that songs that best songs ever,5,0,9.1.78.2218,2026-09-09 13:09:31,,,9.1.78.2218
6c1fbe90-c224-4b42-93b3-0f6fb48a9e88,Miguel,https://play-lh.googleusercontent.com/a-/ALV-UjVG2bBohwPJVIBCKuKwXG1zeGtwF_vHRon0aTK3-KynuAw34lk,who is this guy running at me?,5,0,9.1.80.2221,2026-09-09 13:09:20,,,9.1.80.2221
c4b3f452-cdd6-4e14-b09d-3e3a7ea087ec,Simon Peter Okwii,https://play-lh.googleusercontent.com/a-/ALV-UjUwUAZGAhGLNz5bxzzn5qvu6M-zTrRRwTxhdvgsKRNUCnlhXecE,Nice app sincerely speaking.,3,0,9.1.80.2221,2026-09-09 13:08:30,,,9.1.80.2221
03efcf89-b72e-4f63-8dc5-0d9670454c43,vimala babu,https://play-lh.googleusercontent.com/a-/ALV-UjXqeW7xUoFRzll8Eg-hpOgetIJ0NQj0A80VeIJvQXZgKlMnhV2m,this app is very usfull of playing music 🎶🎶🎶🎶🎶,5,0,9.1.80.2221,2026-09-09 13:08:21,,,9.1.80.2221
480d2531-b212-47d6-9df8-d7d8864ded50,Ajay Kumar,https://play-lh.googleusercontent.com/a/ACg8ocJtxZggd2hM7B2N5MhM4bL2bHdPK8MF3K5SI__tkA_i5nC37g=mo,good good,5,0,9.1.78.2218,2026-09-09 13:07:38,,,9.1.78.2218
54e1f0c4-cbd3-4107-8f04-5aa6697a9a45,Roli Pandey,https://play-lh.googleusercontent.com/a/ACg8ocIltG24OUIjVg8n-qJKZG8cQI00GBhnoUYlA4duHZ_xvTxibA=mo,very good app,5,0,9.1.80.2221,2026-09-09 13:02:56,,,9.1.80.2221
d86d1e65-ecc3-4523-8576-68e4469eeffe,Jack Hr,https://play-lh.googleusercontent.com/a-/ALV-UjUaifZ2H3Si_AaPoEIwlTmexZKYYqeCK2jtyGm8G4RF9H3jyvI,this is one of the best music apps. I enjoy listening 🎧 to my lovely songs and singers,5,0,9.1.80.2221,2026-09-09 12:59:50,,,9.1.80.2221
0629a7e3-c0d9-4375-9548-3f0b443f87c1,Huero Ramirez,https://play-lh.googleusercontent.com/a/ACg8ocLhfITmn8_3aLzOcuRKaC82hbdeE_8EAf1-EB1yKQDTvkB8Kg=mo,100% Happy,5,0,9.1.80.2221,2026-09-09 12:58:53,,,9.1.80.2221
44f8be55-30f2-4549-8ec6-fdd2650a3879,Owoidoho Paul,https://play-lh.googleusercontent.com/a/ACg8ocLIuexvYa-dpbLyHSw0uT5g60Bi8GVupwStozyCHa2VMJxVew=mo,it give what I want,4,0,,2026-09-09 12:58:26,,,
57df8c2d-eb9e-4b3a-9736-2256b107f27e,MORGAN DALTON,https://play-lh.googleusercontent.com/a-/ALV-UjVIuG_YdeLRgmyNxGtFAYo1BUU8Atn2Rs7C4KZQNf-LUXsSjHva,ticks no longer showing up in user generated playlists!,1,0,9.1.80.2221,2026-09-09 12:48:03,"Hey there! We'd love to get some more info about this. If you have the time, give our Customer Service a shout. You can find them by heading to support.spotify.com and searching ""Contact us"".",2026-09-09 20:04:05,9.1.80.2221
403fbda7-0444-4fa6-a4ca-d0d033861c1f,Kiran Yadav,https://play-lh.googleusercontent.com/a/ACg8ocLeTg6D1S6DK8gfEaLbm6GQKA3yS5yzCqimdF60KwE2Joe3Hw=mo,tiwu,4,0,9.1.68.1888,2026-09-09 12:47:09,,,9.1.68.1888
b21f5bd3-e23d-4fdb-bc2b-7231ddf757e6,Jomel Mendoza,https://play-lh.googleusercontent.com/a-/ALV-UjWMY95w8ctI3f3-2MGFj6cAZDddr2EqMsv16ngo0loMdxmpzY1e,secured,5,0,,2026-09-09 12:45:14,,,
7e0424a1-d88a-490f-abed-ce0c51eca1c7,Jezus Carell,https://play-lh.googleusercontent.com/a-/ALV-UjX954ZPTgPCa5b1V4qHKBGewFPR2hALCoCQODaQhFrXvsDhDU9V,couldn't live without it! pr at least life wouldn't be worth living lol.,5,0,9.1.80.2221,2026-09-09 12:43:52,,,9.1.80.2221
a498a819-730b-4178-ab44-0b69324e646c,Loraine Louw,https://play-lh.googleusercontent.com/a-/ALV-UjWx1EkLLVIVL3FgIEgV2HrCswTvzr1E-uJ-BU1tKKdAhUBlZ0U,"I love the music, it's there when I need it keep it up",5,0,9.1.80.2221,2026-09-09 12:31:51,,,9.1.80.2221
11e6ce5a-e1a1-438f-85be-b7fad5329b27,Dharmendra Kumar,https://play-lh.googleusercontent.com/a-/ALV-UjVJU1N_5pK6F_AC47Eorvc2XfPNkTRXeCpNBVCimRc5KbwhIPMDHw,excellent,5,0,9.1.80.2221,2026-09-09 12:31:28,,,9.1.80.2221
aa083b59-781e-4dff-b965-402e46445d41,Mike,https://play-lh.googleusercontent.com/a/ACg8ocKrVoU592BWx_uCuo8_pXWf_eQ60p9az6YxTIUemiAoAjmv0Q=mo,this is so good could now relax,5,0,9.1.80.2221,2026-09-09 12:29:13,,,9.1.80.2221
3cbfa655-5204-4709-a506-e0592b1ec888,Enoch Olatunde,https://play-lh.googleusercontent.com/a-/ALV-UjUN8wY9_NXlIwXM8Ki1HHPsHXVqLC6VAB7lYdvmoAiwf0W9gstq,Perfect,5,0,9.1.76.2055,2026-09-09 12:27:33,,,9.1.76.2055
8eedea09-5a20-48d7-8303-a19b1ab95e5f,Janvi Mehra,https://play-lh.googleusercontent.com/a-/ALV-UjUDckp15FCq-grqAGdOaUcOyFPS-wdZQ9apR56WWm764-ZfuATH,I am fallen love with this app yrr thanksssss brooooooooo to make a perfect Playlist everytimeee form me 😂💓🎀,5,0,9.1.80.2221,2026-09-09 12:23:33,,,9.1.80.2221
457b585b-a2b0-44e0-92cd-1a5ab12d4f89,Krish Stego,https://play-lh.googleusercontent.com/a/ACg8ocLSW6ToReafJaeUwerqj6kDJZPsgp1R1sF-HGeHy7tpv6YLRQ=mo,always giving me the vibes i want,5,0,,2026-09-09 12:23:02,,,
d57a87af-6b95-4021-ba08-d170aaf5ca1c,anand rewar,https://play-lh.googleusercontent.com/a/ACg8ocLeravScFNbT7AXWDuKKoj3Jse-wFYV_W-6e97edi2sCfAEUw=mo,it takes time to load and start after 2 minutes such bad experience,1,0,9.1.80.2221,2026-09-09 12:19:16,"Hey there! We understand your concern with the app. Have you tried a quick reinstall? If the same issue persists, we'd recommend reaching out to our Customer Service at support.spotify.com. Just search “Contact Us”.",2026-09-09 20:03:07,9.1.80.2221
9511b9d8-8330-4b2e-9bf2-6ce851b1fa6f,The Shield,https://play-lh.googleusercontent.com/a/ACg8ocJVoUyNjXmb5zkBVuAtko2Tlz-UXbeJIaj4OdaKaKWkE5WuIQ=mo,terrible for non premium users especially phone users.,1,0,9.1.80.2221,2026-09-09 12:18:08,,,9.1.80.2221
1407017c-83bb-4bc5-992a-4463f8621c2a,Iseoluwa Olaoluwa,https://play-lh.googleusercontent.com/a-/ALV-UjWpKMFwAlop1El6Ab2F2L_Ln1913o57K4aezMUIM3wPS7WozAdE,it's the best app,5,0,9.1.76.2055,2026-09-09 12:12:35,,,9.1.76.2055
04c41cc5-f11b-49b8-93b7-2a391a1a7cf2,Catherine Brown,https://play-lh.googleusercontent.com/a/ACg8ocJ4eostjOMo5Gw__w78W26uId7p7ltiuyDCiASpJF9WWBw9Iw=mo,excellent app. I love the extra shuffle choice which throws in random music that is similar to what im listening to. I've found some cool new tracks this way.,5,0,9.1.80.2221,2026-09-09 12:12:29,,,9.1.80.2221
f7fc5e3e-9dc8-4f48-a92f-b645c6f15527,Zenneth Franco,https://play-lh.googleusercontent.com/a/ACg8ocKW4BJVZ9BiOdgxlB6tbqx6bpYWVjCZsc6fRjhcQH2kRhuR1w=mo,Good streaming service with lots of good songs with lots of genres👍👌,5,0,9.1.80.2221,2026-09-09 12:10:45,,,9.1.80.2221
f729e725-0267-47d0-87fa-d1c3cb8aca67,syafiyya sha,https://play-lh.googleusercontent.com/a/ACg8ocLgBNWs00T5FLJQnx4WSxKdgLeZs1hZ-L9_CFLdatOfPaiktA=mo,"Spotify is an excellent music streaming app with a huge selection of songs, podcasts, and playlists. The interface is simple and easy to use, and the personalized recommendations are great. Overall, it’s a convenient and enjoyable app for discovering and listening to music.",5,0,,2026-09-09 12:10:45,,,
686b5a2c-5d11-4449-90da-cfa31ebe0a00,Riley Austin,https://play-lh.googleusercontent.com/a/ACg8ocKayl9Jkg6x97P7CnWfBHMw4zTypEKk_7qKaEiDxsuEEQ_4oGw=mo,the best music app ever,5,0,9.1.80.2221,2026-09-09 12:07:26,,,9.1.80.2221
b65b04e8-d775-4e15-a0a9-9a4554bc439d,Yudhveer Singh,https://play-lh.googleusercontent.com/a/ACg8ocKB3m1xA174CLMUdux-hMeZskpE3DuIQFX9CGUNPMqNHnf8Fw=mo,"very good I use when I was cleaning,studying, very useful very entertaining ☺️☺️☺️☺️",5,0,9.1.80.2221,2026-09-09 12:07:20,,,9.1.80.2221
3bec0ef1-5f1f-4fda-906b-d40a08337877,Pradeep S R,https://play-lh.googleusercontent.com/a-/ALV-UjVGQoUw3IlUappqXQgw53XSS6GBWqaFY19j5x6RkLAMPj_j_ky2,playing to super songs and enjoying,5,0,9.1.80.2221,2026-09-09 12:07:18,,,9.1.80.2221
4d74b121-43af-49fa-96b2-aa12609188b2,Padoca,https://play-lh.googleusercontent.com/a-/ALV-UjWOhFfoD4mM_nCYlU9EjNAMPMb1K5SvKjwlsbFLnvdZwIPAbtVV,perfect,5,0,9.1.80.2221,2026-09-09 12:03:34,,,9.1.80.2221
24fa99ac-578e-4d8e-a95e-8192817456b0,Alicia Kilby,https://play-lh.googleusercontent.com/a-/ALV-UjUasNULw_kgvqFaK5ucQ_zh31twnEBD9BqLEIGojzj2-gejWpgn,ts is peak. premium is totally worth it too.,5,0,9.1.80.2221,2026-09-09 12:03:22,,,9.1.80.2221
3fa1452b-8766-4887-ac1d-21164cdee767,Youna Hosseinzadeh,https://play-lh.googleusercontent.com/a-/ALV-UjW0ftUKdacoVM6fHYdtEWwNHB0E4kY-2AVe_CezDi3NzoLIiIKi,it's really perfect for persons are need all music 4 example metal rap for relax. this app is bestist,5,0,9.1.80.2221,2026-09-09 11:59:49,,,9.1.80.2221
e6df0fc8-1f31-4e85-8998-d2a15e0dd206,Ida Jensen,https://play-lh.googleusercontent.com/a/ACg8ocIgDLmYQFgwuuhGfSHHEmU3lHgKLLv3tcNOFP62Q28IjJVytmU=mo,Podcasts? Forced ads even with premium. Audiobooks? Your premium subscription gives you the choice to pay what equals another premium subscription for *20* listening hours. That makes about two books a month since the average length of an Audiobooks varies between 8-12 hours.. Two books for double the premium. Usable with premium pay option - the music that is. Very buggy. No customer service what so ever. Keep a good eye on you invoices if you pay for premium subs like student and the like.,1,1,9.1.78.2218,2026-09-09 11:58:36,,,9.1.78.2218
8ea74eb9-3a15-46e8-84c7-f7476ef97603,Dimitris J. Kyrtatas,https://play-lh.googleusercontent.com/a/ACg8ocJRshBbxL8-qurD5TInvFMO2QryCvhXVk7Cl1Du8f4ONRIGSQ=mo,excellent,4,1,9.1.80.2221,2026-09-09 11:56:19,,,9.1.80.2221
c540a98b-90bd-4310-b823-7b897aab95c4,DIMBERE THAKUSHEKA,https://play-lh.googleusercontent.com/a/ACg8ocI_BJ94bEH5F-eSVX10ZLpd1pSOTaUMFS7VbQ_TyIAvnKdr5w=mo,Spotify is not as music focused as it used to be. It’s more of a social media/podcast/audiobooks platform that happens to stream music now and the home page is like a jumbled mess sometimes. I don’t like getting podcast suggestions because I don’t listen to podcasts.Also the free version is difficult to use due to a frequent 60 sec ads.,3,0,9.1.80.2221,2026-09-09 11:56:04,,,9.1.80.2221
264f75d9-6e57-48ad-af69-3487fc21ee3a,Lee,https://play-lh.googleusercontent.com/a-/ALV-UjWsBKHw2gjUxuaxnI0U0yTJ5Jiey1HM06VTuLUoamdhhuJN487x,"some of the feature like repeating same music, listening to previous music, and trying to move the timeline was payed to be premium?? what the hell it slowly like capcut lmao. I miss the old version where i can adjust the timeline and listening same music over and over.",1,0,9.1.80.2221,2026-09-09 11:52:44,,,9.1.80.2221
264f2e2a-cc85-4e53-b9e4-07cb239958f8,Eric Martinez,https://play-lh.googleusercontent.com/a-/ALV-UjUT-7BBor9-l-6qTfHodQ-n8OMDNETq_yCa-wLlFE3b2yJ5CbOWrA,love you listening to all kinds music,5,0,9.1.80.2221,2026-09-09 11:51:36,,,9.1.80.2221
ab92948b-9e3a-4fd4-9229-df81c20e697d,Sc.A.Rocker,https://play-lh.googleusercontent.com/a/ACg8ocI5piv-EJx8AeAkJBOMYfArZQ81YJDpWl9fPwfmcr-qWtJu0ds=mo,dimaag garam karke rakha he. premium nahin liya toh gana bhi su ne nahin denge kya. add toh sun raha hun na or kya karun. mujhe gussa ah raha he is app ko chalake is liye mene apnakhudka mobile storage pe youtube se 3000 gana download kar lia or. sporfy jo uninstall kar dia gana sun ne ke liye peisa kyu du ha itna Sara 299 199 jab ki youtube me free me mil raha he.,1,0,9.1.72.1891,2026-09-09 11:51:00,,,9.1.72.1891
cba24790-bdf5-43ab-b9b3-d9a374924040,Ralph Noel,https://play-lh.googleusercontent.com/a-/ALV-UjXrakyclm7PyIxlpDAiG2tMAe8MnKHj0HiaTwWv3AsPcJ5IqdUp,Worst app ever. Did not expect Spotify to be one of those shady company that banks of you forgetting about your subscription but they are. Don't expect any real value.,1,0,9.1.78.2218,2026-09-09 11:47:54,,,9.1.78.2218
bf6ce9d1-df9a-446f-87e8-dc49b0aadf7d,Prasad Bochre,https://play-lh.googleusercontent.com/a/ACg8ocIXceVygN3h9658ftLr4CQfz-s7qiFAjXtZLLQ4f2-iv7vh4Qe3=mo,"Sas bahu wla ad hata do, fir install karunga..",1,0,9.1.72.1891,2026-09-09 11:42:21,,,9.1.72.1891
2c211032-6984-4029-98c6-c6c495e9474e,Lindiwe Mabaso,https://play-lh.googleusercontent.com/a/ACg8ocLH8DNVHx8gQwACAc3RHBL_YMXjLi-5DSE8GONj0GunMV7Ryw=mo,I love everything about it,5,1,9.1.80.2221,2026-09-09 11:36:27,,,9.1.80.2221
6e3fc29d-2db4-49d5-9bde-f7eda71abe08,Linus Young,https://play-lh.googleusercontent.com/a/ACg8ocLxaLvEkphx7NcXFzIXY78zrHDZ2kr2YDuSvYgH6ia9Qe9eCw=mo,very good,5,0,9.1.78.2218,2026-09-09 11:36:22,,,9.1.78.2218
468f59d4-aa16-480e-8205-a76dc5a4cc9d,Aleeya Qalisha,https://play-lh.googleusercontent.com/a-/ALV-UjW1oKi1zMFcLsorPNXPVYh_os6yo-K5ghO2Sw9Xo7SCxVcxqv4,it's was good👍💯,5,0,9.1.78.2218,2026-09-09 11:35:26,,,9.1.78.2218
8a6179f0-0461-4907-be2f-4186b3daac0a,Ana Clara,https://play-lh.googleusercontent.com/a-/ALV-UjWLQjCIBgmIqx_FafNEw_MGNVdtXZiSS7kjjmVMyyXT_RrsarBz,AMAZING!!!!!!!,5,0,9.1.80.2221,2026-09-09 11:30:03,,,9.1.80.2221
225de8cd-bf97-4242-84e6-f4dd4e0ca626,Kayise Mdletshe,https://play-lh.googleusercontent.com/a-/ALV-UjW1pX985NgAhV_V1rH6Hh8sHOhJcDxKVu0nvNpYuFeCsry-cxMe,exceptional,5,0,9.1.80.2221,2026-09-09 11:25:36,,,9.1.80.2221
956f872e-2804-460f-8755-99f0eb3e3375,prashant niwate,https://play-lh.googleusercontent.com/a/ACg8ocKmW2B5I1kYSX4VzTHS4I0kMeQLaNzErqFpD-yERPKqwaGedg=mo,great experience 😃😁,5,0,9.1.80.2221,2026-09-09 11:25:33,,,9.1.80.2221
bde1ed1c-a6ad-46f6-b12e-203729b5b682,Anurag,https://play-lh.googleusercontent.com/a/ACg8ocJOvpJx6QGkSReW4kop3gxA_ScPDNoMqY3_vGO23I0ZhYlDpg=mo,best app for music listening 😀,5,0,9.1.80.2221,2026-09-09 11:24:32,,,9.1.80.2221
68dd737b-10a4-470f-b1a3-a8091bf90e78,Lukas Blank,https://play-lh.googleusercontent.com/a-/ALV-UjUtTuMWrf_NrApw8bjLuZA-jcFUKqMn-3KPDyx_2x67zfUzzdY,"Free Version is unlistable and the Premium is way to expensive. Recommendations are horrible, Playlists are horrible, the 13€ paid Version is with Ads. Most other Services are better, Spotify only exists because People don't know any better. Sad what happened to Spotify.",2,0,9.1.80.2221,2026-09-09 11:20:27,,,9.1.80.2221
e54c2b6e-5697-4edb-b05e-d601b0c93507,Mike Chong,https://play-lh.googleusercontent.com/a/ACg8ocIkE8kJfN_oyQPykKA1Xyf4LerYor1S4oT7ixlAY2D0lT9ksw=mo,good,5,0,,2026-09-09 11:20:20,,,
2da141ef-216f-490c-b569-c088e98815f9,Sumit Hange,https://play-lh.googleusercontent.com/a/ACg8ocIvL6jIl9xAAYZK6-NACTu3r5SGe9ihBHL-erVQF25YyW7lxg=mo,little better now,4,0,9.1.78.2218,2026-09-09 11:20:18,"Hello. Even on free, you should still be able to play any song by just tapping it. If you're unable to, try to do a quick reinstall. If that doesn't help, we'd recommend reaching out to our Customer Service at support.spotify.com. Just search “Contact Us”, and they'll be happy to help.",2025-12-23 22:21:35,9.1.78.2218
d51b70c5-d937-48f2-b11e-bacecee4f982,Fernie,https://play-lh.googleusercontent.com/a/ACg8ocJ42BjfJmJBFuDB1mmztDUNwe7QfzJyMO5gFDu5iw6O3rjdrA=mo,wont support a company that supports ICE! why's the CEO supporting AI defense tech? makes no sense suck my nuts Spotify,1,0,9.1.80.2221,2026-09-09 11:18:09,,,9.1.80.2221
4faabeb9-44e9-438f-91db-d1a42e76eec9,Valentino Ahumuza,https://play-lh.googleusercontent.com/a/ACg8ocJI-KkhqBf6GbB89qNZRFotapiLPGN0Lgz9ePaLE92Q58pNgQ=mo,its just wow,3,0,9.1.80.2221,2026-09-09 11:17:22,,,9.1.80.2221
b1345bba-3264-427e-a547-3e7a2cf1c162,M M,https://play-lh.googleusercontent.com/a-/ALV-UjXgVLfoVu2zuq3_aWB57z_3xrIWLRDUoAsI_t2Qi8eOmcc7Dn1d,The best choice to stream music anywhere you want. Premium is also worth the price,5,0,9.1.36.1948,2026-09-09 11:11:29,,,9.1.36.1948
babc5f94-3625-4ff0-9e4a-a330f3f76d38,Ryan Risper,https://play-lh.googleusercontent.com/a-/ALV-UjXCTLpeDDGTWuobNOiZyBMrdaQv5PNhfyAeTMot1AjFNNa-UMg,without a $15 a month subscription there's a minute and a half add break every couples minutes,1,0,9.1.80.2221,2026-09-09 11:10:45,,,9.1.80.2221
dec6e80f-0bd4-45bf-9ab6-dddff2a47fb7,echa rahman,https://play-lh.googleusercontent.com/a-/ALV-UjVwr0JQoB-Y0u6T92bnvOnpIkpAAF9VtbJLwqZ51HfAvUG81qg1vw,"i hate ads that just getting to 3 or maybe 4 and 5 tho, while i listening sad song. please dawg🥺",1,0,9.1.80.2221,2026-09-09 11:05:35,,,9.1.80.2221
101d06f4-9174-4b05-932e-0c9953752f0c,Laizter Almes,https://play-lh.googleusercontent.com/a/ACg8ocJYWX4iQVdrqKVDhS5VytOPcJdFR5aQXgw5lXEPvopBKbklyg=mo,"at first I enjoyed it but what happened to Spotify it became greedy af like u cant even play songs without a add popping, limited songs to play, limited skips, and more like not everyone can afford premium and u will make us pay for premium? this is the reason why I only use brave u can save ur playlist there, you can choose any song without limitation, everything but come on I'm not advertising brave... we downloaded Spotify to listen and choose musics we want to play and remove the limitation!",1,1,9.1.80.2221,2026-09-09 11:02:23,,,9.1.80.2221
54025cc5-638e-4927-a936-1adb8b8d64d5,Alice “Inn” Wonderland,https://play-lh.googleusercontent.com/a-/ALV-UjXQqWm6VyrSKQ_S9HhKRrcfMmpYDs9PuurArshjdANP3kh2gA,i pray for it's downfall,1,1,9.1.76.2055,2026-09-09 10:58:29,,,9.1.76.2055
279c229a-d28d-4bf8-bb42-7257f77296a7,Sinan Cem,https://play-lh.googleusercontent.com/a/ACg8ocLVKalKxCihwMtkwz-XGIIyWGyqBZJevaKYO_J3Uuz4EMspzA=mo,it really improved,5,0,9.1.80.2221,2026-09-09 10:53:36,,,9.1.80.2221
7f458b23-2356-43e5-ae61-55d077a85c6a,Raian Into Herbolingo,https://play-lh.googleusercontent.com/a/ACg8ocJ4LIAaulpEA996TwIEEkHU2_duMIHEvLCtuaY-SXrB1jB-DA=mo,I don't mind the ads but I hate when it changes my playlist to a recommended song or something similar it just ruins my experience,1,0,9.1.80.2221,2026-09-09 10:52:10,"Hi! We welcome your feedback. To enjoy complete control and greater flexibility, consider exploring our Premium options at spotify.com/premium. If you haven't experienced Premium yet, you might be eligible for our trial.",2026-09-09 19:57:23,9.1.80.2221
8c0ec3a7-8a47-4295-9b35-fa3471755960,Sunny Mishra,https://play-lh.googleusercontent.com/a/ACg8ocL-Brtb2KUJ43WRf2r31lPVZJ5dUqRnf56sGGVdT1OwQ9i__g=mo,wow,5,0,9.1.80.2221,2026-09-09 10:51:49,,,9.1.80.2221
7702c1a7-5cf3-4733-9798-0edf5ec4f050,Vishvarajsinh Jadeja,https://play-lh.googleusercontent.com/a-/ALV-UjXd6Vw5wXDOjPHDemJpcCWj2ki0RHfTSXNLTM9O67w3LNeeFtzQ,Just make an Ad running company at this point bro like can't skip ads 4 ads in row can't play music of our choice can't skip why it's still labels as music company change to ads running company ATP,1,0,9.0.64.608,2026-09-09 10:49:40,"Hi. This doesn't sound right. Have you tried a quick reinstall? If that doesn't help, we'd recommend reaching out to our Customer Service at support.spotify.com. Just search “Contact Us”, and they'll be happy to help.",2026-09-09 19:53:18,9.0.64.608
e64227e0-3f10-4419-8bfb-a12617eebc95,Shifa Naaz,https://play-lh.googleusercontent.com/a-/ALV-UjV8Ze5h2yd3762pyDurWK8B10DSkqSmqKYDXhxQhF7-rKv7BEE0,its good,5,0,9.1.78.2218,2026-09-09 10:46:27,,,9.1.78.2218
4cabf6c7-cf7d-402a-a2c6-838904b7bc04,Abhay Dinda,https://play-lh.googleusercontent.com/a/ACg8ocIVL1ujCEBliciTFA1H2ZN_aojrtQxGUZeZaoRpUtyAy7cvsw=mo,❤️💞💕💓,5,0,9.1.80.2221,2026-09-09 10:42:40,,,9.1.80.2221
81f066d7-2ae1-4383-90f9-d558c9ad5d77,mareike groenewald,https://play-lh.googleusercontent.com/a-/ALV-UjWIPBX_oSn68j807EjR6GJ4W4NmDB4wb1Uylp-lt0ibJzXIWgo,"I've been using Spotify for years, love it !",5,0,9.1.80.2221,2026-09-09 10:37:58,,,9.1.80.2221
34cf9dc7-cea6-4706-be50-16a4b2951c3c,Veronica,https://play-lh.googleusercontent.com/a/ACg8ocJq75IKwx2rCSTQcY-kf_itIg1M3VFp2XmsT6aiIILiz11Psw=mo,this app is so good but it's just you gotta pay to skip a song or go back to your favorite song or even to change the song after 6 trys💔,2,1,9.1.80.2221,2026-09-09 10:28:14,,,9.1.80.2221
ec70636a-de2c-455b-8fe5-2e8efd43df01,Harpal Singh,https://play-lh.googleusercontent.com/a/ACg8ocK0dtbESqvnYnu-DWUZJleqxa442KJWMK4gXe399trLV5lTLA=mo,a ys Y yys yyay yy U. Y Y. YYYYYy yyYY Yayy. u y y y u y y SRSu. yyD sAaa. y y yy u uu y. y y. UU. rySy YDS Syy syyyy. Y YYY. Y Y. Y. S A Syd y. sy yYSYY a a yyy T sy Sya y Y.,2,0,,2026-09-09 10:28:03,,,
4c790b5c-ba9a-482e-a38e-2546a9814708,NATHAN DEVICENTE,https://play-lh.googleusercontent.com/a-/ALV-UjUR1vdvle_fPml_GFFU5pMRzcJbcLq1xerAFe0-8LC_lk5qwhs,good,5,0,,2026-09-09 10:25:09,,,
eb407ca1-3ec5-488c-b402-418a91cde1f3,Soccer Player,https://play-lh.googleusercontent.com/a-/ALV-UjUkdJ-uTcjcsKRThgdPM96gN50pkr1eO_hCJwhR6CUgucQbML0,"This app is one in a million , they even added download option without subscription",5,0,,2026-09-09 10:21:37,,,
111f2d8d-c3db-45fc-b692-f699be870065,khushbu singh,https://play-lh.googleusercontent.com/a-/ALV-UjWW1RrvGhjVWaQvYurbgg5NzhzACdqpX2BVGnr5pv4AWKpKfx60,Spotify is good but after sometimes listening to the same song it don't allow us to listen and force us to buy it's Spotify premium,5,0,9.1.76.2055,2026-09-09 10:20:59,,,9.1.76.2055
f3a9c51a-fb56-49e2-b3f2-ccade3c99fb1,Avani Ghadi (Be free),https://play-lh.googleusercontent.com/a-/ALV-UjWBEuCKiGi1a3oeV5BBsQgcX0OfQq8SRhWjEDICCudXgGL97Y1l7g,yesterday was i made payment for Spotify premium standard plan of rs 799/- Money was deducted from my bank account but plan not start.. please reply,1,0,9.1.80.2221,2026-09-09 10:20:38,"Hey there! We'd love to get some more info about this. If you have the time, give our Customer Service a shout. You can find them by heading to support.spotify.com and searching ""Contact us"".",2026-09-09 19:46:03,9.1.80.2221
b4ddfd68-2334-4a12-93b3-cac8a4d72f15,Gaming id id,https://play-lh.googleusercontent.com/a/ACg8ocJnlgqo6-oMpcIx_YfoaxDEDaswS4VET47QOXQm7gvWDYFrJQ=mo,I will rate this app -5🤬 bcz there are two many ads😡 and to change another music that we want we should take premium 🫡I'm deleting this app😮‍💨 use don't download this app!,1,0,,2026-09-09 10:20:29,,,
eefc300f-08f1-4e48-9c14-7ec94484500a,chandra prakash jangid,https://play-lh.googleusercontent.com/a/ACg8ocK7hhTIDQnXvWTZZgsQGJwdSCsJB9T2GahWkjk99iIeiLzJqQ=mo,awesome app for music,5,0,9.1.80.2221,2026-09-09 10:16:47,,,9.1.80.2221
c92ed108-5fcd-4a9e-a922-00e9b0f52e3b,Javed Mohammed,https://play-lh.googleusercontent.com/a/ACg8ocI0q0dhJwmRcw8mAQe4PLQqiO8IjnpXEpkvtr6rkR8z_tKtjw=mo,very good,5,0,9.1.80.2221,2026-09-09 10:15:25,,,9.1.80.2221
7e22b9d4-08a7-41ef-a6c2-72b154008771,Starboy Vicky,https://play-lh.googleusercontent.com/a/ACg8ocKbTq0YT0NvNj7hrU6WOwRNI9zw_86Zjb0OtpcvO7GFPTYZ3SI=mo,best music app,5,0,9.1.80.2221,2026-09-09 10:10:34,,,9.1.80.2221
50b81c7b-87fc-4e13-bab7-f6c787d99b56,Chubby Modipane,https://play-lh.googleusercontent.com/a/ACg8ocKf7eUB8Cr-ogyo2uBV0YmEE5roNpMT-Rh7sLe5QLQ52ut1PQ=mo,This is the best music app in the world,5,0,,2026-09-09 10:06:02,,,
69ed8e85-2fb6-4581-bebb-d85007c78a62,Sushanth Poojary,https://play-lh.googleusercontent.com/a-/ALV-UjUVSn3BsoTfNYOZuLfbPJmnjCRTj_nBD1mGTRdPqZibZPpL9cIE_g,"so much annoying ads, i would suggest amazon music. Even i am ready to pay premium YT music rather than this.",1,0,9.1.68.1888,2026-09-09 10:02:14,,,9.1.68.1888
4aaff56a-0355-492c-9792-88590600ef56,Sachu Sachu,https://play-lh.googleusercontent.com/a-/ALV-UjXGaYXNZ8ZkB87cO1i3sm2Uk0aRNF4VkquMWdp_hRRJHNOiA2gB,useless app don't install,1,0,9.1.78.2218,2026-09-09 10:00:59,,,9.1.78.2218
f7bb7b46-ff74-49b7-b9ea-cf8491636d04,Sizwe Mkhwanazi,https://play-lh.googleusercontent.com/a-/ALV-UjXZPl-lDFIEcAZXMVOOnUfyIUJ8ojq28Yf-EtuDRbPd7uaAqts,song doesn't play,1,0,9.1.80.2221,2026-09-09 09:59:25,"Hey there! We'd love to get some more info about this. If you have the time, give our Customer Service a shout. You can find them by heading to support.spotify.com and searching ""Contact us"".",2026-09-09 19:48:33,9.1.80.2221
90941525-3dcb-4f9a-b75b-7f241318c6ff,Loushel Lauranilla,https://play-lh.googleusercontent.com/a-/ALV-UjV1dW-Bf71Rzu8s-nO_1MkoQeXQRC_FVCieQfkaQeYu14uYW_-3,it's so verry nice to uses this spotify,5,0,,2026-09-09 09:57:25,,,
24291f0a-572c-4ab4-a113-e79442623bf4,Tracy Moses,https://play-lh.googleusercontent.com/a-/ALV-UjUOXbIWpe2VbTRkcMrGq-eeJKozVyeyeGHz5i1jReuFqvhxbCsB9Q,"l have had Spotify since 2021. Over 3500 songs. Many albums and artist. Plus at the end of year, they make a Playlist of your most listened to songs of the year.",5,0,9.1.80.2221,2026-09-09 09:49:17,,,9.1.80.2221
43e537aa-204d-4165-89f6-a577259d228a,MANISHA ROY,https://play-lh.googleusercontent.com/a/ACg8ocJOeKsRUaVskD1AdZ38juuslzCdD1uwBl6iq2oVcQnVzoQ0jQ=mo,not giving one for the ads,4,0,9.1.76.2055,2026-09-09 09:49:09,,,9.1.76.2055
0b2ea1e0-0f25-40a8-8fcb-2bc020324d95,Lucas Panui (Jubei412),https://play-lh.googleusercontent.com/a-/ALV-UjVmxSHwVAC-NSUagZtQsBR11ChvMz6f7NACJLmNDkxo6Kpmbyh5,I love spotify,5,0,9.1.76.2055,2026-09-09 09:48:34,,,9.1.76.2055
ef2142f7-eb2a-4455-a07b-8e68848e7034,piyush Ramteke,https://play-lh.googleusercontent.com/a/ACg8ocLnCqaUYwOpib7dzR8z8fu9JWFiTOpv23SNWYjg2R6kK8-fNA=mo,nice😊👍,5,0,9.1.60.1970,2026-09-09 09:46:43,,,9.1.60.1970
62351bdc-be14-495e-b30c-41e4f7a1d844,Dean Xavier Daga,https://play-lh.googleusercontent.com/a/ACg8ocLgZZ6hbiUrpugxtKro00HFozWnyUid1rqqGwkRONJ8ubyChA=mo,OK good app 😙🥰🥰😝🫣😐🙂‍↕️😶‍🌫️🤐🫥🫥👿😈😈😈😈😖😧😧🙁🧐🥴🥳,5,0,9.1.80.2221,2026-09-09 09:46:07,,,9.1.80.2221
c885c769-e1da-474c-857a-e289c0350a82,Shaikh Arbaz,https://play-lh.googleusercontent.com/a/ACg8ocJ3jTV9OwYQ7m5YDy1GfQWDAa7x_4wAVBxIHyzZgNF9rza3wg=mo,the bast apps,5,0,,2026-09-09 09:45:35,,,
c2af7b4d-f6aa-4091-b19a-6214b5f44475,Shilpa Boinwad,https://play-lh.googleusercontent.com/a/ACg8ocLIzwhnaA26wTH070J9fYp9n0f49yUZ4Y7zN8wNM9XZv7EN6w=mo,better app for making an my playlist,3,0,9.1.76.2055,2026-09-09 09:41:08,,,9.1.76.2055
481e7bfe-61b8-43de-96a6-d0b9ae04a5aa,Rahul Kandulna,https://play-lh.googleusercontent.com/a-/ALV-UjUKDyhOLEhbrmhcsR4nisFZ5InnrOiTHG8KOSA02nsLsBcpw19f,stage were all dairiers gets refreshed,4,0,9.1.68.1888,2026-09-09 09:40:33,,,9.1.68.1888
c42450f3-5705-4705-8610-6454108a71f1,Ram,https://play-lh.googleusercontent.com/a-/ALV-UjX0dV4sIWMf2GVkV3yAeF3l7ZpXWtx6n6QSzJ4UpcKc3BgZTmiYUA,to many add more irritating,1,0,9.1.78.2218,2026-09-09 09:40:32,,,9.1.78.2218
24e0570f-fba5-4ada-82f2-ff30ea52db5e,Kenth Jhay Sueño,https://play-lh.googleusercontent.com/a/ACg8ocKZ7_JXWzf2exrcv5q79b2ny6aoYXjVPaXWfEFFMkUow7zyHrc=mo,Nice app,5,0,9.1.78.2218,2026-09-09 09:35:05,,,9.1.78.2218
234937ef-4bb7-41b9-99eb-fa3963423be0,Ethan Wilson,https://play-lh.googleusercontent.com/a-/ALV-UjX23VtCaxEk1oX4CzWRuKfVONg21uQ1UANpwdNlDV1UXd_1BV-k,can't even skip a head on a song with the mobile app without paying cash. pretty much a spit in the face and I'll never support ruining something so you can monetize it.,1,0,9.1.80.2221,2026-09-09 09:28:43,,,9.1.80.2221
f1b1f03b-1b00-46d2-a83e-34cc2d5ba1f7,Abhayraj Singh Chouhan,https://play-lh.googleusercontent.com/a/ACg8ocIeSxVMQXZoPxWAf6aRH4s061BFXO2OdhkhBiwnnnTrW9jZGQ=mo,many ads,1,0,9.1.78.2218,2026-09-09 09:27:59,"Hi! We welcome your feedback and we’ll pass it along to the ads team. If you're looking for an ad-free listening experience, complete control and greater flexibility, consider exploring our Premium options at spotify.com/premium. If you haven't experienced Premium yet, you might be eligible for our trial.",2026-09-09 19:45:36,9.1.78.2218
d506a4be-fdae-4730-ad93-b67ee846c53c,Michael J. Perow (Mikeymike),https://play-lh.googleusercontent.com/a-/ALV-UjWNBNfMepDodwvQiO6M6uM0sVmsSMFAH_HszASF0FtkujXXYZWDCQ,Has come a long way from the app I remember. Spotify is once again my go to app for all my musical needs.,5,0,9.1.80.2221,2026-09-09 09:24:02,,,9.1.80.2221
7cdb6c24-f688-4f46-b65f-7297577c1fa1,Aditya Khapre,https://play-lh.googleusercontent.com/a/ACg8ocJk-9X3L6JvUGsRBqa-McKTV-Qrax5f5gr8He4ac23UauintG0=mo,that DJ is useless. plays one good song and 10 mediocre songs.,1,1,,2026-09-09 09:19:21,,,
d7c41d4e-f9ff-4755-9dcf-74a5fb300d6b,Rock Star,https://play-lh.googleusercontent.com/a/ACg8ocLdOT74NiOlOmIBHGyMBX6vUOPTAtTG0P_j0YEDfSgfDxicZQ=mo,This is very bad app please note installed,1,0,9.1.78.2218,2026-09-09 09:16:27,,,9.1.78.2218
bb7b30c5-db4d-4110-8aa0-d0794c390362,hilda A,https://play-lh.googleusercontent.com/a/ACg8ocJkblgdA5ib-M_KsRi_gXB8Q5Q-DRbgBZ6fh3aj_3_9xU7TFg=mo,Love being able to find any and every song I ever knew!,5,0,9.1.80.2221,2026-09-09 09:15:58,,,9.1.80.2221
721da374-116a-4eda-8948-fadc8f507409,Archer Fries,https://play-lh.googleusercontent.com/a/ACg8ocKIcJnkauaH2Cr7tlud_zV69wkteCY_TEMn0RZVbfRgyLzcEGI=mo,"lowk be using this throughout half me life, I def recommend using it if I were you, Idk bout the payments tho my dad does those <:",5,0,9.1.80.2221,2026-09-09 09:15:28,,,9.1.80.2221
68dfba1a-7976-42bd-bb32-f8766e2f767d,Venkata Abhilash,https://play-lh.googleusercontent.com/a-/ALV-UjVYcsYLK6Gf9hBJP5Iwy9OfZ_9n6SI-ZYMtUMIoe6zYTtvFkHno,"I’ve never used a worse application than this one; it’s literally just constant commercials. It doesn't even allow you to choose your own songs, so what is the point? It’s just an eyesore. 😡🚫📉 #App #Frustration #Disappointment",1,0,9.0.94.274,2026-09-09 09:15:26,,,9.0.94.274
55241eac-9feb-43bc-911d-f6c2d0b27fba,Howard Kelley,https://play-lh.googleusercontent.com/a/ACg8ocL3mcpEmPqHNJYTp9K8snPaRqGTMVDSZkpMFtUOVEqJTlBRdw=mo,"I'm happy with Spotify, but I'm not buying premium. I will just go to another service.",5,0,9.1.80.2221,2026-09-09 09:14:43,,,9.1.80.2221
cdc1b450-9625-422f-bdcd-2d3da616e2eb,Tracey Ainsworth,https://play-lh.googleusercontent.com/a/ACg8ocIjsNDnqwj_gSJlf3WoTwC2hopM4BEKyeI4BEdV9szPzHZ3SQ=mo,If I could I would give zero stars.,1,0,9.1.80.2221,2026-09-09 09:11:43,,,9.1.80.2221
5f465103-3d3e-4dca-907e-e77217d5569d,Vishal Biswas,https://play-lh.googleusercontent.com/a/ACg8ocK9dG2-HzMIyfThM98i5_44VitX2-CYL1S4ji1sENcrWJkybQ=mo,The worst app anyone can use for listening to music if you don't have a premium then this app is nothing but trash will definitely not recommend downloading it. WORST EXPERIENCE!,1,0,9.1.72.1891,2026-09-09 08:58:18,,,9.1.72.1891
8d8c81bf-326c-41f0-89d2-7432157e2637,Deigan Gow,https://play-lh.googleusercontent.com/a-/ALV-UjWjnA0X-0urxwgxnhsK0W_mJ1KuFO_zAc1BRTJW7CdOnEq4JbZ9Gw,"ofc it's good, it's Spotify, tf",5,0,9.1.80.2221,2026-09-09 08:57:10,,,9.1.80.2221
3d6bbcda-9a12-4c61-846e-02a0b49db56f,K Mokshagna,https://play-lh.googleusercontent.com/a/ACg8ocIgA90V3pAcNQTqQ4YuRyKkxRkGN-DQSmnVfXTyfxOukqFqvg=mo,good,5,0,,2026-09-09 08:54:43,,,
b46a47f4-6e89-4d00-8103-0ba02f8b8b27,sunil makode,https://play-lh.googleusercontent.com/a-/ALV-UjUuid8V8nx69ysgQiz8W4XLgY1RyFtPe2soggaZSDkWD2NzHFXTJA,best,5,1,9.1.80.2221,2026-09-09 08:54:37,,,9.1.80.2221
0dcee867-d66f-40d9-84d1-0e68c405368a,Hargun Kaur,https://play-lh.googleusercontent.com/a/ACg8ocKJ9Liw-lVF6vrT1midNTvCrCIF84-uUS1Lt8DgVRsFdc7now=mo,slayyyu,5,0,,2026-09-09 08:51:05,,,
e2aa79c3-3251-40c8-a5d1-5a33710149f0,Amanda Speelman,https://play-lh.googleusercontent.com/a/ACg8ocKPeydCAcbhuug__cRrn3kOZ1qbglRR47O9lrroCl_7P3sjlA=mo,nice app but stop ads they disturb,5,0,9.1.80.2221,2026-09-09 08:48:04,,,9.1.80.2221
9d05edb3-508e-4674-8fa7-95289e32a010,Brandon Sherrill,https://play-lh.googleusercontent.com/a/ACg8ocK4vCWwL83RBWoGldtklDXugwHEHVlpMr9pOyLO4ht-lz5Pahtk=mo,great app,5,0,9.1.80.2221,2026-09-09 08:44:16,,,9.1.80.2221
e23214e3-0b36-48b8-b19e-0593e179267b,Jose Garcia,https://play-lh.googleusercontent.com/a/ACg8ocLT2ApAf2KjxLvUQjQBvbUUSNqQH0mN_wHLEItwQgpi_L_Asw=mo,;the best,5,0,9.1.76.2055,2026-09-09 08:43:47,,,9.1.76.2055
15f4bd51-cffe-4b68-9c70-9035c7ea4ad0,Lucas,https://play-lh.googleusercontent.com/a/ACg8ocLNxEvGAG0f5mjCHlk7Uy8oGmnfyq_aIcWdeFBduONiBhYQAKs=mo,very good,5,0,9.1.80.2221,2026-09-09 08:39:33,,,9.1.80.2221
d51f09c6-86a5-49ce-b162-02fc87b4e83b,Dharmander Baria,https://play-lh.googleusercontent.com/a-/ALV-UjXFIYbyVc2aV2_faDzDYc1vniIwIQ5GI3GmpRgNAOaWUSKg6iQ,spotify is not seling,4,0,,2026-09-09 08:37:34,,,
05074499-4011-42a7-8968-496aa8ad8447,Sabrina,https://play-lh.googleusercontent.com/a-/ALV-UjWc25grQLmwWzRor5auQ_3nJ3D2756tH5i-RG9lmFsmvGBMUIbJGg,"I honestly love Spotify, but sometimes there's a bunch of ads back to back that feel longer than the songs I listen to. Also, sometimes the songs I have added get removed or replaced with versions I don't really like. It's honestly stressful because sometimes the cover of the song in my list is the song I want to play, but clicking it is when I find out that it's not the song I want.",2,1,9.1.80.2221,2026-09-09 08:37:20,,,9.1.80.2221
0717508f-857d-4622-be91-5be57fb1d129,Keneth Jay Lampa,https://play-lh.googleusercontent.com/a-/ALV-UjU4WCtzWUyPcfRCyLm_i7-Q4muy7JprKJ4T0Zsda8b5a_Em3DYA,"Before i use my spotify on tv but now spotify is not working on my android tv, it stock on spotify logo, how to fix this?",1,0,9.1.80.2221,2026-09-09 08:36:39,"Hi. Thanks for reporting this to us. Have you tried a quick reinstall? If that doesn't help, we'd recommend reaching out to our Customer Service at support.spotify.com. Just search “Contact Us”, and they'll be happy to help.",2026-09-09 19:40:07,9.1.80.2221
4c79e5a8-d62a-43be-987c-ad86b86e2684,Olivia Taylor,https://play-lh.googleusercontent.com/a-/ALV-UjX21iXuA2P4EAML-vrzkmPiAQlcdeWVwoRORTRYfuVqPB-nD15e,I love these songs and this app is better I love it the other apps were trash ever time when I tried to get off and still listen to the song it didn't work but this app right here I love it!! I wish I had robux pls can I have robux plss everyone always be mean to me and it breaks my heart 🥹🥺 plssss,5,0,9.1.80.2221,2026-09-09 08:32:20,,,9.1.80.2221
c084831f-6335-4f9d-9fd6-3a7eb842e196,gracian andrews,https://play-lh.googleusercontent.com/a/ACg8ocI3TSh0oXYIFPjILh8GWAzIAmrXA-gqedi9WcrvFyBTo-v51Q=mo,fire,5,0,9.1.80.2221,2026-09-09 08:30:47,,,9.1.80.2221
098a6afc-421c-4b43-a6fe-999eb7ae9c7f,Stephen Rubin,https://play-lh.googleusercontent.com/a-/ALV-UjVvod7ziUZPMZaUe60j4uFu6L5jXGPeZ9QpLUe4Nt7dTjw4k0zcfQ,"its great, better than YouTube Music with the listening outside the app without paying. only annoying part is that you cant add many songs to your queue and it also bugs if you go over the free limit. overall, a really good music/podcast/show listening app. props to the developers.",4,0,9.1.80.2221,2026-09-09 08:27:53,,,9.1.80.2221
07c78600-c6fa-4ffd-b6af-742655ff6398,Pratik Barot,https://play-lh.googleusercontent.com/a-/ALV-UjUhDG7E8R-66ck4XDllQdMj-TFE3ew6HZluz_vQ9CVMaGJYUmg,best music app for ads,5,0,,2026-09-09 08:25:19,,,
1f166857-a8ca-4451-bd47-77d7e853b291,Nishant Gautam Singh,https://play-lh.googleusercontent.com/a-/ALV-UjWmUVUArrTliHAUwlwssCgTkLmDT5Clzoij9YqV04BVf22m2KUT,very good app but premium is not affordable,5,0,9.1.80.2221,2026-09-09 08:25:09,,,9.1.80.2221
8d68a55b-d66e-4c81-8885-a4870827f895,Xander “The Football Guy” Cumby,https://play-lh.googleusercontent.com/a-/ALV-UjW84EHToYNh4jiQimKwQz5uu_hlHAY42ZEKI7E5XJMK-VZuyds,W. This app is 🔥🔥,5,0,9.1.76.2055,2026-09-09 08:24:08,,,9.1.76.2055
18b0043c-22f3-4965-97bf-b39c9d05a35d,Mthokozisi Magagula,https://play-lh.googleusercontent.com/a/ACg8ocLbWU95Ep-xl0sFX4v56EOKFonXntua4r7QQc75omA33yyPhw=mo,I can easily download my hits,5,0,9.1.80.2221,2026-09-09 08:23:42,,,9.1.80.2221
1b3d7d14-5fe4-46e0-b7c0-8791d2d2a36e,Abhijit Das,https://play-lh.googleusercontent.com/a-/ALV-UjUzz6nedOGz80yMfgB2MYoT249xWIezjbavIAgaUdTvdwQzNA7t,Read my thoughts and build the playlist - awesome,5,0,9.1.80.2221,2026-09-09 08:15:16,,,9.1.80.2221
8eed1235-8196-4862-aef6-a29982e6e177,borlakunta Krishna,https://play-lh.googleusercontent.com/a/ACg8ocK_aoQAOUskocFJY3_wRLQwjpQO2BjD4Ho7pKRkX_hZv9ZKM0k=mo,super,5,0,,2026-09-09 08:14:09,,,
b820483e-d7bb-4729-89d5-5c7093d86f4b,Isaiah Torres,https://play-lh.googleusercontent.com/a/ACg8ocKXMqf1CITOCD2CEEqKGuaAClRQINV5kqbYM-zEfNaf8LL4tg=mo,best music around,5,0,9.1.80.2221,2026-09-09 08:12:22,,,9.1.80.2221
ded5b2ed-6589-4a34-8853-a76c14036e04,Sandeep,https://play-lh.googleusercontent.com/a-/ALV-UjXUiWXxvNqwtU9KvQAg6R8-PsA1Z-_04hl6wSm8v4laB5gm7-jT,psara,5,0,9.1.78.2218,2026-09-09 08:10:14,,,9.1.78.2218
675f18cb-23e6-4c4b-800f-90694630ec3d,Muhammad Ashiru,https://play-lh.googleusercontent.com/a/ACg8ocJzOnaqs3cfhFyhSgD16uKv9zmx0rP0egECBZtby5p9OMsqJQ=mo,it's so nice eazy browsing,5,0,9.1.80.2221,2026-09-09 08:03:28,,,9.1.80.2221
9d303d95-d2fd-4105-970a-16153711d0a7,Linda Perry,https://play-lh.googleusercontent.com/a/ACg8ocJjGHW7cFeqpr5ZSHOcfr-ypRx-aeis3PbcwhNjUSj8Row66N00=mo,Awesome,5,0,9.1.80.2221,2026-09-09 08:02:21,,,9.1.80.2221
c72f7464-6f1d-440e-96e3-cfd775aa1db9,jiu jian,https://play-lh.googleusercontent.com/a-/ALV-UjXXziZgbqv_PH7AJ8Cp6ooRoQvAtXIyx9P3igXNHqTfY2hgCviBXg,it has become part of my daily routine and a music friend🥰🙏,5,0,,2026-09-09 08:00:24,,,
2d4c47cd-ff3c-41e5-96b2-4e63a23bfb79,refugio samaniego,https://play-lh.googleusercontent.com/a/ACg8ocKmQklLucLMOqjy-5UoARQnuZ2VMNgFGsBJA80GhvDDncPQfA=mo,best music option,5,0,9.1.78.2218,2026-09-09 07:59:01,,,9.1.78.2218
fe6a63fb-c530-4932-bb9c-dc5aa8324c21,Sangeeta Naik,https://play-lh.googleusercontent.com/a-/ALV-UjX5B_uRxIoSNs8qUFEwF0kfx9E7Cu3qBs7c99pp8m2aPZxuT0Wh,this app is so nice 👍,5,0,9.1.76.2055,2026-09-09 07:55:07,,,9.1.76.2055
973720a3-7347-4062-b88a-9455e6ea0a23,James L Mamua,https://play-lh.googleusercontent.com/a-/ALV-UjV3MNjkTlRCYn4UKlY6oZLC9jVnAygYfYywvTovw4mdNzbOoy-z,no idea,5,0,,2026-09-09 07:54:56,,,
24c735f0-7248-4128-b457-bbf9607aa742,Derrick Moses,https://play-lh.googleusercontent.com/a-/ALV-UjUBU8OC6bc1YdB5k8YRzDPH9kmfqWB_4XSlpcKLtbuf9WMs2o4,Have never used Spotify in my life and the first time I try to open it on both phones on different Networks it says it cannot open the app because of my internet connection. Literally all 70 of my other apps work except for this one,1,0,9.1.80.2221,2026-09-09 07:52:29,"Hey there! Thanks for letting us know about this issue. Have you tried a quick reinstall? If the same issue persists, we'd recommend reaching out to our Customer Service at support.spotify.com. Just search “Contact Us”.",2026-09-09 18:57:11,9.1.80.2221
2a886f13-59e8-4259-b05c-829dfd41d8e4,ATUL DAROLIA,https://play-lh.googleusercontent.com/a/ACg8ocIn1uMig2qfE-Ap5isBwCPfdiR7RD2NpetQbqj2bY8MOEsz6g=mo,Never go for this app if u r a music lover. They always beg you for money ...,1,0,,2026-09-09 07:51:21,,,
34172fcc-9888-47fd-9ab5-61818067420e,PANKAJ KUMAR,https://play-lh.googleusercontent.com/a/ACg8ocLXiLqYqLYN0kJVlH2o08UvA_8dxLbfXM8ZW_We_IsRdRgU_g=mo,😘🌟🌟🌟🌟🌟🌟🌟🌟🌟🌟🌟,5,0,9.1.80.2221,2026-09-09 07:50:03,,,9.1.80.2221
2910b218-552a-43b3-825d-cfe87128dd97,Marlou Cabarles,https://play-lh.googleusercontent.com/a/ACg8ocK_2r_-Dlm_ze3jWZdCteUoWk5o17zDgXn8abgjK6MYAwVQ8A=mo,𝒕𝒉𝒊𝒔 𝒊𝒔 𝒔𝒐 𝒈𝒐𝒐𝒅 𝒃𝒚 𝒕𝒉𝒆 𝒘𝒂𝒚,5,0,,2026-09-09 07:49:14,,,
0f698fee-dda0-45b9-924c-f902e7e58b8e,Harry Son,https://play-lh.googleusercontent.com/a-/ALV-UjWPkosSH3kuXb6C0vSSTdoxp-JlUmBkWu6iRVLKKFwdaEh-mMU,this is app to good,5,0,,2026-09-09 07:48:13,,,
ec2fbf89-ea75-4423-9429-8e918f21a6d4,Alexander Reed,https://play-lh.googleusercontent.com/a-/ALV-UjUyOv1pxlZaLETjb-mDDhllyvwYYyLMijZu1JirgRH4piOmIlX9,"Terrible. It has the essentials of a music streaming service, but the ads are absoloutely rediculous. I was just watching a podcast episode that was about 45 minutes long, and I got 30 second to 1 minute long ads every 2 minutes or so! like, I could barely go one story that lasted 8 minutes without seeing 3 or 4 ads. And here's the kicker: they aren't even unskippable like youtube's! At this point, its more worth your time to listen to the podcasts on Amazon Music or YouTube Music. Waste of time",2,1,9.1.80.2221,2026-09-09 07:44:14,,,9.1.80.2221
e38371b2-44ec-4b6a-bb10-ee41c32c7624,Jesu Leebanson,https://play-lh.googleusercontent.com/a-/ALV-UjVfJnt8j-6bYZOLJBMrPoRRiSetZvxedxFRK5ja9CnlSvrygQ,nice 👍 app ever seen keep up the good work 💪,5,0,,2026-09-09 07:43:29,,,
c423f35b-f03c-4dc5-9981-e841227c4b31,Cat Turner,https://play-lh.googleusercontent.com/a-/ALV-UjVBcG174AY56cGcvOjogD4cqMa2kKTBMAYFr1-6xec1XcxQwCVn,"I'm just going to say this and this only, 5 ads after every SINGULAR SONG is just too much, IDC what y'all have to do FIX THIS.",1,36,9.1.80.2221,2026-09-09 07:43:18,,,9.1.80.2221
09b5f05b-449e-4f46-96c4-cd509bac05ae,Rethabile Tsehlo,https://play-lh.googleusercontent.com/a/ACg8ocKPs7ZSCrEdTsn2veH2K7IuDInD766yN3fVdGxCMR0bcL7XSQ=mo,"I've had the best experience with this app so far, no complaints.",5,0,9.1.80.2221,2026-09-09 07:40:34,,,9.1.80.2221
fdb67ca2-47e4-41c5-96ad-e99c4c04accb,Richard Ofori,https://play-lh.googleusercontent.com/a/ACg8ocJmUJyk-BtR0jKhUxU9tiBqOlAxGOo5OZaVhju_4b75dii5aA=mo,"nice experience with sportify, and I believe I'll see more.This app is very good when it comes to listening to music",5,0,9.1.80.2221,2026-09-09 07:38:12,,,9.1.80.2221
92b747fa-29d8-41fe-a48f-2829567f4d5b,Jordyn Mitchell,https://play-lh.googleusercontent.com/a/ACg8ocJR56cVIqU0COvoliwHCGxlMHLTNpCk3TVRuhouKHKRK-XDFg=mo,it's stupid I can't listen to anything it forces me to pay for it so I can listen to anything it's too strict...,1,1,,2026-09-09 07:35:04,,,
3369c69b-1e41-4a08-856e-0842ab6fe669,john dexter lagasca,https://play-lh.googleusercontent.com/a-/ALV-UjVmbeMAMS58TBssc-vM7UcOaRCjHvhNXt4YsBhJTXMECgoegVGW,"Amazing! Always got the songs I wanted, great Playlist 👍👍👍",5,0,9.1.80.2221,2026-09-09 07:33:45,,,9.1.80.2221
244787c4-47d7-4b30-bf51-82b4fde5a017,Andrew,https://play-lh.googleusercontent.com/a-/ALV-UjUA50EZM0Ur_0Hvc4sydr5-nEMWy7CATptbfuj0YprtqLjeph4,ads are getting too invasive,4,1,9.1.78.2218,2026-09-09 07:32:37,"Hey! We hear you and we'll pass your feedback along to the Ads team. For an ad-free experience, we'd recommend checking out our Premium plans at spotify.com/premium. If you've never had Premium before, you should be eligible for our trial.",2026-09-09 21:39:09,9.1.78.2218
6d8ee08c-1a2c-4c5d-b630-cbfbfac01001,Swapna Yamugadda,https://play-lh.googleusercontent.com/a/ACg8ocJ7cyglAt_8VxYVYlW77i5cITU2v7o8Q8d8QrCpNazThg5cgw=mo,ok But more ads 🤪,3,1,,2026-09-09 07:32:29,"Hey! We hear you and we'll pass your feedback along to the Ads team. For an ad-free experience, we'd recommend checking out our Premium plans at spotify.com/premium. If you've never had Premium before, you should be eligible for our trial.",2026-09-09 18:56:22,
297d5b0a-b438-4105-8d04-3bbc781b2e4a,Anita Gaur,https://play-lh.googleusercontent.com/a/ACg8ocL9nTuJhvYoB7Dm5Ymzed90hU6A3VO5a24WN9DfFR9m5Eu5pA=mo,"4 stars becoz of the 6 song skip rule although a good listening experience, Nice app",4,0,9.1.78.2218,2026-09-09 07:30:01,"Hi. Thanks for sharing this to us. We'd recommend checking out our Premium plans at spotify.com/premium, for more flexibility in your songs. If you've never had Premium before, you should be eligible for our trial.",2026-09-05 02:12:51,9.1.78.2218
e0ef4f4c-fa4f-4182-971e-59401777b10a,Jackson Liddell,https://play-lh.googleusercontent.com/a/ACg8ocLOJLqVyJuAur3Gzhsmw0flyp-e1I18VG6ThfXTdIsnR-OZ9a0=mo,good music app just recommended getting premium for no ads,4,1,9.1.80.2221,2026-09-09 07:26:47,,,9.1.80.2221
612f9ee5-f570-49f1-8b36-557f67bd14c5,Agung Sahbana,https://play-lh.googleusercontent.com/a/ACg8ocK9mQ-y_SoeBX_VH5nJsvwkS6B_oKdxaRCkUQ_90NQh3kMB=mo,"Good list song, good music vibes",4,0,8.7.92.521,2026-09-09 07:25:06,,,8.7.92.521
0ba7738a-b438-4324-8392-cf4281b5a852,Nidhi Manjhi,https://play-lh.googleusercontent.com/a-/ALV-UjXd_Ke6k6TteRmcXTG3LUh6j8TuqRvvajM1w0k4RWroDzn8DDv2,Spotify is worst app..ive ever had its like a ex of Spotify who's tryna ghost me with ad...sry to say but you're the worst who's tryna ruin my mood...ek moment mein kun faya ek moment mein ke baad bollywood ka kio item..,1,1,9.1.80.2221,2026-09-09 07:24:32,,,9.1.80.2221
6f4984ec-4933-40b3-82a3-3485d048acaa,PrASaNnA a,https://play-lh.googleusercontent.com/a/ACg8ocJ8bKJSyadO3YI2J2MvtdZvoVeAY0Id4NbsVZ-VWnMSZG_HsQ=mo,music is fire just sad that you have to pay for some music.,4,0,9.1.80.2221,2026-09-09 07:24:00,,,9.1.80.2221
02cb2ac5-0dd6-45f7-a286-03a198ac9842,Johan Perez,https://play-lh.googleusercontent.com/a/ACg8ocIQgfIme0bkokVI2dEAfJV4IwbuZsZwTABqwNJPPTuewtec6A=mo,honestly the best app ever i love it so muchh!!,5,0,9.1.80.2221,2026-09-09 07:23:44,,,9.1.80.2221
ca073137-80d0-41b9-8758-0210bca8b5b6,David Ezzell,https://play-lh.googleusercontent.com/a-/ALV-UjWU7d27ok7rnQ_yOiHLAD_XidhdZVn6eQXsUHAN5ZmAJj4l2Qg,the only app that I like so far no unteruotions by Motorola and android not even Google interferes . I like the app because the ones before such as Pandora are very hackable. I had Pandora for some time but when I couldn't control the app glitch or person or not the app would not test after I uninstalled the app .I basically had to fight the app so Spotify has never given me any problems barely sends notifications and and if they do it's never 10 million if then to upgrade for the money to good,5,0,9.1.80.2221,2026-09-09 07:19:39,,,9.1.80.2221
aa35713c-d413-4e71-8ec0-8832c6ecdbf9,Affef Waldan,https://play-lh.googleusercontent.com/a-/ALV-UjVGec80SeU7YAOV2xSGqzWdl2iOids9hozU8ty8SBnABQhn95Y,duit aku hilang barua,1,0,9.1.76.2055,2026-09-09 07:18:33,,,9.1.76.2055
75f97dcf-8df7-45ee-9e9e-4ac3267598ef,Jack Chandler,https://play-lh.googleusercontent.com/a/ACg8ocJ1XuLwIGXUAab8wuCA6MnOu3lPg_cesTstiNgf2CbpoEA6QQ=mo,"I strongly dislike the fact that it won't let you play the exact song you want unless you pay. It was also frustrating that when I marked an advertisement offensive it continued to show up even more frequently than before. Other than that, there is a large selection of music and other things you can listen to.",3,0,9.1.80.2221,2026-09-09 07:16:32,"Hi. We appreciate your feedback. We recommend updating your ad preferences by visiting ""Managing your ad preferences"" at support.spotify.com, or you can manage them in-app by liking or disliking ads. If you still need help, reach out to our Customer Service by searching for ""Contact Us"" on the same site.",2026-09-09 18:58:12,9.1.80.2221
d5a65654-4204-476e-8962-100e65d467f2,Otaku,https://play-lh.googleusercontent.com/a-/ALV-UjWCoz4v6EZaka6RpX6-H4WyXeNaAxjV7_J8eUPSUnrYRPd2T214,obviously the best streaming app out there,5,0,,2026-09-09 07:13:09,,,
47580331-bc85-4be6-b0cb-e53f36e0f77c,Eden Rampersad,https://play-lh.googleusercontent.com/a-/ALV-UjWcjrh2osyMcV0MjF3me4nDwGZoeig4AUxscD-w3ygtqPSeSD0,if I didn't have premium it would be like 2,5,0,9.1.80.2221,2026-09-09 07:09:56,,,9.1.80.2221
6c3a0d18-d454-4f56-84b3-f0b2dd159e19,Yusufu Jalloh,https://play-lh.googleusercontent.com/a-/ALV-UjWC7GfCvrqlBYBAiBVcO9Ep4IAWJaXU_CBlkDVWQGlAaFJoUd0,The best music app so far.,5,0,9.1.78.2218,2026-09-09 07:04:55,,,9.1.78.2218
02e42ce5-0bf2-47cf-b94a-a38d03eabcd7,Mojesh Mirdha,https://play-lh.googleusercontent.com/a-/ALV-UjVx0VXlmfp0A5iJF7sa_wJwRJLp3yfDmQaNxL8ofVvlUkeu292A,👌👌,3,0,9.1.72.1891,2026-09-09 06:57:32,,,9.1.72.1891
1f523ba9-059a-4b29-8068-02f1a0b1ad4b,Abu Salman Zainal,https://play-lh.googleusercontent.com/a-/ALV-UjULrkLfjc_SAzFEWRBmBnWSVa4_Tcy_CH3ZecTxRu9OXi_XpVWa,nice the song 🎵 Fiq7,5,0,9.1.80.2221,2026-09-09 06:55:52,,,9.1.80.2221
9974e546-142d-4d7f-8bad-82587c8a14a2,Alim bagwan,https://play-lh.googleusercontent.com/a-/ALV-UjV20fV1ozCPR18WqyEQLRDnzy7k-KStx-pm2aHD06LjC82YwesW,wonderful,4,0,,2026-09-09 06:50:54,,,
5234e853-b79c-4b5f-b80f-3ee05f6c1966,Charles Ann Smith,https://play-lh.googleusercontent.com/a-/ALV-UjWp8PwbMnt4NSxNN2q2b39eFcswdJWc5CLjA6cFYr3J-KSQ62a6,I love my Lord and Savior Jesus I love our Father God I love my Spotify Thank you,5,0,9.1.80.2221,2026-09-09 06:50:54,,,9.1.80.2221
bcb5d238-1da3-47e8-b849-075b5e4d5c8e,Elizabeth “LizTheLizLiz” Snowen,https://play-lh.googleusercontent.com/a-/ALV-UjXamTrt_fwNL6gKptwLY5sAEj9ZhuqwYb6kSz4Bc3Q_LGZUFOU,thanks for the music!,5,0,9.1.80.2221,2026-09-09 06:48:05,,,9.1.80.2221
dd600c4c-52dc-4863-981f-eb7407be6c66,Zachary Gauthier,https://play-lh.googleusercontent.com/a/ACg8ocJuSqc9EI-yLTp3Kz1bSrMLE59C-MUqx5csq0Lx5LRmSxUsrA=mo,good music quality no ads :),5,0,9.1.80.2221,2026-09-09 06:47:04,,,9.1.80.2221
03c976a8-1947-4092-8455-51726f1ed150,Bilguun Bilguun,https://play-lh.googleusercontent.com/a/ACg8ocKPtSWwCG_oQGokYMc24PCVsrEPpVDSoq9IPXbzw4k9oo6wYA=mo,im new user and im done. 2-3 song 1-2 ads 30 sec,1,1,,2026-09-09 06:45:45,,,
026c4c05-0287-4914-b425-df574d86c72a,Apostle Thompson,https://play-lh.googleusercontent.com/a/ACg8ocLGMS57vvi0qBz-Lf0twUEBPX1BZKqygUv1hnn8d9rTowliAQ=mo,great,4,0,,2026-09-09 06:44:45,,,
790372ba-6c9f-4b1e-9948-e755cecd3e22,Jayke,https://play-lh.googleusercontent.com/a-/ALV-UjVenJl_nUQsGbZQW1eeNINfiMT_MxpmRoVUeiwmAriZ1imyez0,Spotify has gone to complete rubbish over the past few months. it takes forever to load songs and playlists just forget it. absolute joke of a streaming service.,1,0,9.1.78.2218,2026-09-09 06:43:11,"Hey there! We understand your concern with the app. Have you tried a quick reinstall? If the same issue persists, we'd recommend reaching out to our Customer Service at support.spotify.com. Just search “Contact Us”.",2026-09-09 18:49:16,9.1.78.2218
7b8519da-e6e6-4543-9bcc-e426d0e85018,Rex Davis,https://play-lh.googleusercontent.com/a/ACg8ocKdv9vpYBB8MGmFiVERx8MkO1TrzNTHqonrY5-HiOjLTuZvLQ=mo,wonderful selection great features,5,0,9.1.80.2221,2026-09-09 06:42:12,,,9.1.80.2221
ed050677-d156-45be-889b-5a8b443d7f38,Adela Jk,https://play-lh.googleusercontent.com/a-/ALV-UjWawMp9LKmZ44g55bhAummC4JDrGSUHK-Sg_4y4H_yret48AQI,I love him,5,0,9.1.80.2221,2026-09-09 06:42:03,,,9.1.80.2221
b3a74531-2383-4cb3-8f9f-2df52f24b453,Aditya Choudhury,https://play-lh.googleusercontent.com/a-/ALV-UjWssB1u9s-FBOtwPrgyL1RIIXlaP-uph5t6gopFngcsPeBkSHa0,Excellent Swedish Application. Only Sorrow is that it arrived late in India.,5,0,8.9.94.470,2026-09-09 06:41:52,,,8.9.94.470
a7bc627d-a039-4ec2-a6ec-792d459c888a,Michael Onuba,https://play-lh.googleusercontent.com/a-/ALV-UjVq5GHApZcPzw2wksHsw_zlHjGCx52ht3OrK6v5BnQ5h8r2SoI,lovely,5,0,9.1.80.2221,2026-09-09 06:41:01,,,9.1.80.2221
165872b1-6d54-4124-91de-7f084f5d2a85,JosephG stricklin,https://play-lh.googleusercontent.com/a-/ALV-UjV_urcnILCoCaiadaXVA6Jifx7OeatTkn0KpDU-4vEemT6Lj-Sq,some 8t,5,0,9.1.80.2221,2026-09-09 06:36:28,,,9.1.80.2221
1c27b816-4870-4003-980f-630ff11ecf20,Jairam P,https://play-lh.googleusercontent.com/a/ACg8ocJWJTxja2GS1QmnPj2SxqN3o7NuUJakgxtk8DFNuAe86nhvrw=mo,good but more ads,5,0,,2026-09-09 06:28:43,,,
034db8ad-5ba4-4b33-81f7-0aaf42a2cb52,Trey,https://play-lh.googleusercontent.com/a/ACg8ocL6AxFaZ3RmBC-dRtTiT6DSukAyzlDQ-QxDS8At7dLJErBc8A=mo,major application para escuchar musica,5,0,9.1.80.2221,2026-09-09 06:27:10,,,9.1.80.2221
1c556728-ff6f-455c-9c53-61c3ab87d076,Ryan Hovey,https://play-lh.googleusercontent.com/a/ACg8ocLgig-YjGsfBWLZlRBTZ3t0CWPLPM8yMfIaC_YsdtYWp9HI9g=mo,it's tuff,5,0,9.1.80.2221,2026-09-09 06:25:39,,,9.1.80.2221
df7a8fa9-fa5d-4033-abd3-e3ddeecdbc73,Latrice Carr,https://play-lh.googleusercontent.com/a-/ALV-UjWx3-JwiGCpkr1qQMR654J8bwDuh4KTp3FP_L7bRUdPZNFZw4Iu,Excellent,5,0,,2026-09-09 06:22:41,,,
f2672dbe-f482-4274-9e08-c5ea5fea556b,chaoticblue,https://play-lh.googleusercontent.com/a-/ALV-UjWAhHqRZvAT1qhujJ-FZpV_Expo3EWzjECjV4ZnyWLFSZIPMHDl,nice experience,5,0,9.1.80.2221,2026-09-09 06:18:08,,,9.1.80.2221
fc922bb9-7a9d-4820-980e-8192419991b0,D M,https://play-lh.googleusercontent.com/a-/ALV-UjV_EHnqMd4IOufUXEwibA74vqETDs_Kw2CwdjevViObxDsGXL0,"l truly hate this app, it was great in the beginning, but now it's trash, I will stop my family subscription and take it to YouTube music",1,3,9.1.80.2221,2026-09-09 06:10:44,"Hi. Have you tried a quick reinstall? If that doesn't help, we'd recommend reaching out to our Customer Service at support.spotify.com. Just search “Contact Us”, and they'll be happy to help.",2025-11-15 17:11:52,9.1.80.2221
bf2dc0cc-0d8e-4110-b685-b9f8a8eb0ad3,Jesse,https://play-lh.googleusercontent.com/a/ACg8ocJZ04713tynNLuGnOE8CvfseppeK_toFzCFspyP6suii8iiaQ=mo,perfection.,5,0,9.1.80.2221,2026-09-09 06:09:02,,,9.1.80.2221
76caf17d-aae1-44c4-9237-bcae586878be,Christine Mangay-at,https://play-lh.googleusercontent.com/a-/ALV-UjVApI3J5PPcVvWXgt3ucekhPd9-CUGDR3j01crvc7pm4alfEoji,it's fine but have an ad's,5,0,9.1.78.2218,2026-09-09 06:08:48,,,9.1.78.2218
e75bdb05-ce31-4ded-a958-16eec994b9d1,Katlyn Silvestre,https://play-lh.googleusercontent.com/a-/ALV-UjXOzManNwimpH2wHR-NuIaiYIya1wNCjwGz5WGldSgxSjvYXyFF,the BEST!!!!!!!!,5,0,9.1.80.2221,2026-09-09 06:04:43,,,9.1.80.2221
0ec10f9a-d0a0-4164-b44b-2dac4b0c38d2,Nsarah,https://play-lh.googleusercontent.com/a-/ALV-UjURcsw7KLT8w5Jk_qbTQNuwLm5fod-gWJBEZ4gRDNitFNkqYFLY,song CG5,5,0,9.1.80.2221,2026-09-09 05:59:43,,,9.1.80.2221
1380d9ab-0be5-4b11-af8b-ecf7807fca7c,nilotpal tambi,https://play-lh.googleusercontent.com/a-/ALV-UjWFpDi6B-chiqMvrZgqsmmMYWw6g8V3Lhdty1mxfjmVNYESUJBk,nice👍👏👍,5,0,9.1.80.2221,2026-09-09 05:55:00,,,9.1.80.2221
042d80ee-cd4a-4408-a2a4-c3ac1e238889,Ty Lohr,https://play-lh.googleusercontent.com/a-/ALV-UjWqDwYVilrIstgnufEysy-a2TgCoGGfyHGoPE_SqJfCAVKiE_E,way better than YouTube music,5,0,9.1.80.2221,2026-09-09 05:52:23,,,9.1.80.2221
d9991644-eb13-4b2f-8140-38c204c62724,Josie,https://play-lh.googleusercontent.com/a-/ALV-UjXgVzA1v23GE0yYKVDMDKKDH5ic-lrKrb66RLfqJpWT4IYH4gin,I love ittt,5,0,9.1.80.2221,2026-09-09 05:40:11,,,9.1.80.2221
19621c44-964c-4918-8bc6-c35b2bbb5964,Jordan nuqui Bamba,https://play-lh.googleusercontent.com/a-/ALV-UjV_hfN1NMfSrej_D-55leqgS0laSlLGuMcL5pw9x_DrehFXUQc,good but every two songs a ad will appear,4,0,9.1.80.2221,2026-09-09 05:37:34,"Hey! We hear you and we'll pass your feedback along to the Ads team. For an ad-free experience, we'd recommend checking out our Premium plans at spotify.com/premium. If you've never had Premium before, you should be eligible for our trial.",2026-09-09 21:31:43,9.1.80.2221
546b8c1c-fbf4-46b0-a370-67069a557c3d,Joshua Córdova,https://play-lh.googleusercontent.com/a-/ALV-UjVs1Vk-0xXcfLtfvEASIpR4424l_SIqaKRPRZ1l3uix8T8ZhSaAjg,chingona la kk esta,5,0,9.1.80.2221,2026-09-09 05:35:46,,,9.1.80.2221
06f4db5e-8937-41a1-97cd-75785d496857,MUHAMMAD KHADIJA,https://play-lh.googleusercontent.com/a/ACg8ocK8yjB8Bnpg6SmLGH3lg8Egg4Ne9WseP1yAXokgnKp3V4G7=mo,Good 😊,4,0,9.1.80.2221,2026-09-09 05:29:02,,,9.1.80.2221
04c64a10-bee7-473a-94fe-21598490b37e,Peezy McCalister,https://play-lh.googleusercontent.com/a/ACg8ocLAdt5PleWaWV-4_Q_btXQnkJxxAUXrvVJ1Q2i8kXlXQkKqZw=mo,"not gunna lie son, You went bad when you forcing premiums on people, you weiird son, on mah nerds yo, str8 keener son. Instead premium SHOULD BE Icing on the cake, But you tryna basicly force ppl to eat your cake But your cake ain't cake son, It's freaking icing. For that reason right there, ""I am out""",1,0,9.1.80.2221,2026-09-09 05:28:39,,,9.1.80.2221
bbbd0dd9-a109-4cfd-9094-9ad658305007,Sudhakar R,https://play-lh.googleusercontent.com/a/ACg8ocKhKudhT203AzFJ7pWdGc4D31nMELCSBAqL9j-TZczsftn34A=mo,wonderful app. only a few skips so i can stop listening to songs after six skips. inbuilt listening time controller. would rather hear to bad songs than paying money for this. preemium to choose songs skips omg spotify do u know whay u r doing ? i USED TO love this app man. adds are fine but limited skips? u have crossed the limits of customer's patience,2,0,9.1.80.2221,2026-09-09 05:28:17,,,9.1.80.2221
15ee2089-e07d-4806-96c6-ab7584c4901a,mark leininger,https://play-lh.googleusercontent.com/a-/ALV-UjUrc5u-OQE8LiJfI1r5dP8Bk3KktxAk9ubAErgBXLnzZkqYkBUpQg,The latest update is terrible.,2,1,9.1.80.2221,2026-09-09 05:20:32,"Hi! Have you tried a quick reinstall? If that doesn't help, we'd recommend reaching out to our Customer Service at http://support.spotify.com. Just search “Contact Us”, and they'll be happy to help.",2023-11-28 23:51:29,9.1.80.2221
eef87b1c-3c7a-4c7a-a728-df283858164a,Jose Ramon Acosta Lopez,https://play-lh.googleusercontent.com/a-/ALV-UjW3ZpI69S0rPXZJFDzwltMcF_b4bOTna_ofAWNoAH2GoSWUuSE,"I recommend to everyone a help you relax.You stress a manage, health and it's beautiful to releasing and enjoy and dense the music.They play a great music.Oh , would you like come in , do it",5,0,9.1.80.2221,2026-09-09 05:19:10,,,9.1.80.2221
aec47ead-a268-4c11-8f2f-1c2addaffa4c,Kamaraj Akamaraj,https://play-lh.googleusercontent.com/a/ACg8ocKrTE0CoDONE5vVB6u6zJ2jVlthNc7Dt9SViV6VT9WP6ycDRA=mo,without premium can't hear our favorite song.... then what is the purpose of this app.....,5,0,9.1.80.2221,2026-09-09 05:17:57,,,9.1.80.2221
20d168b0-303b-4f90-a1c1-adb5d7f154e7,samantha dermody,https://play-lh.googleusercontent.com/a/ACg8ocKSdvPMIukmRyr2nl_IHezUjBMITTElLZiLxU96v9PLY29LoA=mo,"ads are ridiculous. every 2-3 songs I have to listen to 5 minutes of ads. anytime im interrupted by ad all it does is make me not want to buy the product. and this ap is INSANE with the amount of ads. I get so fed up with it I end up turning it off and switch to my cds, downloads or even youtube.",1,0,9.1.80.2221,2026-09-09 05:12:23,,,9.1.80.2221
a1b3a76b-5b10-4679-a0ab-fbd39032f0aa,Ethan Carl,https://play-lh.googleusercontent.com/a/ACg8ocJyjRKNVrctubzobl8z2kXJqLlGXhkX4Z5JsWrVWdAvqIYVulU=mo,I don't need to say anything except its perfect,5,0,9.1.80.2221,2026-09-09 05:09:08,,,9.1.80.2221
eb6395f8-45e1-408a-a108-3ae4a5ca073e,Scott Aitken,https://play-lh.googleusercontent.com/a-/ALV-UjUlRCvb4ZMnM11zI06glWCIm41AMK-5mO3XgsFnwtbyu06KEWPh,"The newest update constantly loses my queue when disconnecting from android auto. I cannot stress enough how INFURIATING it is to throw a bunch of new songs onto my queue only to lose it when I get out of my car. 2/5 until this issue gets fixed, it is a MAJOR pain in the tush to deal with.",2,0,9.1.80.2221,2026-09-09 05:04:32,"Hi. Thanks for sharing your experience. Have you tried a quick reinstall? If that doesn't help, you can get in touch with our Customer Service by heading to support.spotify.com and searching ""Contact us"".",2026-09-09 05:21:52,9.1.80.2221
dcf39e01-93cd-48c9-a0db-b5966fb8a2d9,Ana Lisa VETERE ARELLANO,https://play-lh.googleusercontent.com/a/ACg8ocJB07PvWZm-bUPY_UrzdLWw-tSpgLaJcy7e4R0LB8qAxGLmsQ=mo,"great app for listening to all music genres, including podcasts!!! a nust have!",5,0,9.1.80.2221,2026-09-09 05:00:37,,,9.1.80.2221
104fcdfe-544d-4455-95d0-c61a164f1db8,Chandrasekaran Muthukaruppan,https://play-lh.googleusercontent.com/a/ACg8ocJBwswNsNuk7D-WvGMo5FFpgxCzSVFOm4Wk7XmSGcY1-ePso1Y=mo,Very good experience and Nice to hear,5,0,9.1.72.1891,2026-09-09 04:59:03,,,9.1.72.1891
bedf98b7-8610-4416-b76f-783f337caba1,MEHRTS,https://play-lh.googleusercontent.com/a-/ALV-UjXH2sE2o0kA3vY6ZVPdDmPmRxuzA6VuFPdThNebkjDvyqbwpTk,"late payment so now I get ads, done all the log out, clear cache, checked payment and billing. only takes 2 days to get ads back but almost a whole month without any answers, EVERY half an hour ads for the upcoming election! I didnt pay 33$ for this..... 3 stars. all content related.",3,0,9.1.80.2221,2026-09-09 04:58:21,"Hi! We suggest checking your payment history page for more details about your late or failed payment. If the payment has already been made, try logging out and logging back in to refresh the app. For further assistance, contact our Customer Service team under the ""Contact Us"" section.",2026-08-19 01:55:39,9.1.80.2221
8b7f383b-feb5-4b99-a3aa-bfb3d4e7e8a3,VICTOR OFEM,https://play-lh.googleusercontent.com/a-/ALV-UjWLivQ_wACu0EZzuvFavkqIZOHnQY0PYxxyMsCIMUYW5U9DSPiKpw,Great songs,5,0,9.1.78.2218,2026-09-09 04:55:41,,,9.1.78.2218
1b8c88e9-f1a7-44f4-afb0-98360c14bde2,Khileshwar Nishad,https://play-lh.googleusercontent.com/a-/ALV-UjVaxB8Ph4a34QXrZMwv_xzPtKCcmKoVHIcG5pYjgB1L5eZqmNM,mujhe bahut pasand aaya,5,0,9.1.80.2221,2026-09-09 04:53:22,,,9.1.80.2221
9fef6b67-ed66-4ebb-a0da-c3032f5d796c,KvndSr29,https://play-lh.googleusercontent.com/a-/ALV-UjUeE3aq_aQeRrc3q0GWo9hVWZhSdDMFVpaxbjv1c40_2ShTQ-V0,Spotify is just better! I had Amazon music for 10 years ...it's not close I have the paid version. And use it every day.,5,0,9.1.80.2221,2026-09-09 04:53:06,,,9.1.80.2221
381fd3e3-cd24-4881-8045-ab6cece4afe7,Francisco Rodriguez,https://play-lh.googleusercontent.com/a-/ALV-UjUQJC15qH8SrPqUVxLamHtzUNSWRffWPpPS9jpekLw8iaTHePfIKw,Premium works the way it should Edit: 09/08/26 Still better than Apple Music.,5,0,9.1.80.2221,2026-09-09 04:51:34,,,9.1.80.2221
1a4861f8-1450-4208-ba30-48e02cd1f0a1,Jhonly Ancero,https://play-lh.googleusercontent.com/a-/ALV-UjWCpk76NFk9j30A_yn3tICDquHPppeBpyC9br4mHXLROxlFAiUl,"Spotify can disappointed, because if I choose a song it will pop up the premium. for subscription. it will say to comeback tomorrow for choosing a song individually I'm very disappointed. 😒☹️",1,1,9.1.80.2221,2026-09-09 04:49:47,,,9.1.80.2221
760a967b-4b39-4675-b359-88559dc17f30,Kayleigh Morley,https://play-lh.googleusercontent.com/a/ACg8ocL4FHPbvigrKoIzEgDWLE7Itb1ks66tWG4Bcsdfw-G84iX-GPQ=mo,love it and love listening to my music every night before I go bed and why I am in bed,5,0,9.1.80.2221,2026-09-09 04:48:22,,,9.1.80.2221
2c06015d-0538-4cf8-8c12-7e951eba017a,Madeleine,https://play-lh.googleusercontent.com/a/ACg8ocLpXn0vtEuHs-1hJG2aPjYY2HkiIyn5ztvZpUKl0rhS5wAKIA=mo,super easy to use,5,0,9.1.72.1891,2026-09-09 04:47:30,,,9.1.72.1891
1426bf0d-a7d6-4982-b36f-ff621301200c,cris A9,https://play-lh.googleusercontent.com/a/ACg8ocLh_P8NNerTiUthVGnhZTRp0xP23_3Hv0ZzKfDFmCPQmk6_-Q=mo,Its awesome every band/Artists or comedians i look for it finds. Spotify is freaking Great! I strongly recommend.,5,0,9.1.80.2221,2026-09-09 04:39:04,,,9.1.80.2221
d3d478de-f502-4259-b824-a2a8bb6bf969,Bilal Mahmood,https://play-lh.googleusercontent.com/a/ACg8ocKCDGkBenFCdEvgr6QbYYLsqbRhUaJPfZdp-pbUfHWRxZ3uFg=mo,10/10 nothing else need to be said,5,0,,2026-09-09 04:31:17,,,
19996b9a-1c4c-474b-93d1-e601c2b521a3,Terry Drillen,https://play-lh.googleusercontent.com/a-/ALV-UjWjCvv6QhFTqjxx75KQF7Vq-RuNs26gL-6j4A3meXxnkHldJ-ZXLw,Tons of music.,5,0,9.1.80.2221,2026-09-09 04:30:57,,,9.1.80.2221
c7285c39-5ec4-4dad-9557-6cfca937d516,Yuriahhh,https://play-lh.googleusercontent.com/a-/ALV-UjXBXffOQ6s27-Qe6L5CXO_PKnZgnP7wVQsPTLr_CR4eP16U8l0,"great , i js wish i could get premium again.",5,0,9.1.80.2221,2026-09-09 04:28:32,,,9.1.80.2221
b31eeefe-c7c5-4337-9334-a6a79f3ceac2,eduardo medina carvajal,https://play-lh.googleusercontent.com/a-/ALV-UjUUxqQNQE8ss4JljTkbmSnXgLEjF7WyJN85T1XqhJM0kH7LFWY,la mejor app de musica,5,0,9.1.80.2221,2026-09-09 04:26:21,,,9.1.80.2221
150d5d28-c4dc-4cf4-8cc7-765f5bee98d3,Carlito Powe,https://play-lh.googleusercontent.com/a-/ALV-UjUtKPBLLEIBp4oQeyTc6nkwXHGST00LkC_CytQueDaWUnaDxspk,"aside YT music these are probably the best apps for people who genuinely love music but also want to just leave their music player of choice on, and actually consistently finding new music to enjoy and discover. my taste in music has never felt more fresh and consistent since Spotify.",5,0,9.1.80.2221,2026-09-09 04:23:51,,,9.1.80.2221
9c4ae7e6-6bfd-4796-ab9e-2f254b89ed73,Jo Pinto,https://play-lh.googleusercontent.com/a-/ALV-UjV61-ZUTNtaqpmU66wkAltX5kuwhfxPz8cSWzZ5EAxIIfjvGC8,"Impossible to login with Facebook. Can't use my password app. I can't paste my password, if I leave the screen and come back it reloads blank. And it doesn't recognise I'm already logged into Facebook via the Facebook app. So frustrating.",1,0,9.1.80.2221,2026-09-09 04:22:43,"Hi. We really appreciate you raising this to us. We suggest visiting our Support Site at support.spotify.com. Just search for ""Logging in to Spotify with Facebook"" for the next steps. If you need more assistance, don’t hesitate to contact our Customer Service at https://support.spotify.com/contact-spotify-anonymous/.",2026-09-09 04:53:33,9.1.80.2221
4f680b8a-26ee-4411-837f-76aedba29c67,Connor Mcmoore,https://play-lh.googleusercontent.com/a-/ALV-UjU5xvl0mTedp1bJraDkeRAbmI9XoGzsGtVwBHsNDExT2PsjMOmh,love it,5,0,9.1.80.2221,2026-09-09 04:14:36,,,9.1.80.2221
5af46aea-cba4-4f21-a52f-43cd8bd0a315,Peter Carter,https://play-lh.googleusercontent.com/a/ACg8ocK0T8Z7X9B3s9Io8TTKJMn6prqoDZL09AU9tA1m0-1fSUNSJQ=mo,love it !,4,0,,2026-09-09 04:07:46,,,
3e5902a2-7fcf-49a6-8b92-405c9580d642,J D,https://play-lh.googleusercontent.com/a-/ALV-UjW-o4y9t8VnV7YbNzj7zthP2QTdr1lQd33_kdk2C747Lf-O3j6Z,TAKE YOUR BS ADS OUT OF PREMIUM SPOTIFY OR GET SUED LIKE YOUTUBE IS YOU RATS,1,2,9.1.80.2221,2026-09-09 04:07:09,,,9.1.80.2221
1f91cd3e-4fe4-47c3-850c-a68b1f3e6585,Kaden,https://play-lh.googleusercontent.com/a/ACg8ocLJIe5C5XtEmPuF9EPrMFoUocXjuRKIf7D2c_eNTTmlqoLpVw=mo,5 star app if their wasn't a million ads 😂,4,0,9.1.76.2055,2026-09-09 04:03:43,,,9.1.76.2055
729a61ba-aabb-495a-ae6a-d4dca233d94b,Godwins Bernard,https://play-lh.googleusercontent.com/a/ACg8ocLEXb4RIJPhf5HL6A1xpAXf6Nfs4ATjOFKmqJi6wME7lyz6CF4=mo,app is easy to use almost all recent and old songs are available,5,0,9.1.80.2221,2026-09-09 04:01:47,,,9.1.80.2221
af94fe60-2814-43b9-9fa5-439fd770ed46,Kdjjd Vdxgdhdh,https://play-lh.googleusercontent.com/a-/ALV-UjW04T0CoWZ9rZdfUopLhhjV87rutMl7JhCWLJVmjItvP7rEho37,it's noce,5,0,9.1.78.2218,2026-09-09 04:00:31,,,9.1.78.2218
44e6074b-41f9-465d-aed3-a95c9f8f82cd,Joao Rocha,https://play-lh.googleusercontent.com/a/ACg8ocJnTHjM6Zs0LDuwvJG1EOWFnGC3gVKP2DKJ4UK_qXxCeJ-u2g=mo,"Had it for a long time, decided to try YouTube Music for a while, and now I'm back to Spotify. Mainly because the algorithm for finding similar music is infinitely better.",5,0,,2026-09-09 04:00:29,,,
a60e5e1b-2558-4eb2-b838-ab66ad5d8cf4,Jon,https://play-lh.googleusercontent.com/a-/ALV-UjVXYWU9OUmwZ7auiVn43dwGAfnIMqxEwodyRkjGaLz0SlcU7QQg,You all make it so hard to cancel your subscription. I've been trying for ages and still can't figure it. Can someone reply?,1,0,9.1.78.2218,2026-09-09 03:59:50,"Hi. We really appreciate you sharing this. There are steps that can help you with this on support.spotify.com. Just search ""Cancel Premium"". If these don't work, we recommend reaching out to our Customer Service by searching ""Contact Us"" on the same site.",2026-09-09 04:21:34,9.1.78.2218
ef0d03b3-0b2c-4cbe-a731-7ac9d87f4a50,charity john,https://play-lh.googleusercontent.com/a-/ALV-UjXQ7W2dauWTlyca5TKn-W_u4Nwm6R1teiXoTyBTRmjF9oi6MRI,Have been listening so much songs here,1,0,9.1.80.2221,2026-09-09 03:58:10,,,9.1.80.2221
1f748640-f759-48b0-abb0-f267445e9477,David King,https://play-lh.googleusercontent.com/a/ACg8ocLZqceYxy1iDwC9vMh8ZNY4Mc75qYL4zF6jbn9D99j6ZAzgEg=mo,Great music.,5,0,9.1.80.2221,2026-09-09 03:58:04,,,9.1.80.2221
55eaba7e-bacb-41c2-aa9a-179d5762d102,Oscar Butterworth,https://play-lh.googleusercontent.com/a-/ALV-UjXl5pS88GLqXX_bHSphXbXZ5fAuz4nbgH9P1spSKIgETcahQ2rd,"people have been searching up how many minutes they've been listening to spotify in total using the AI and have said it's been a feature for a while now, yet I cannot access it which makes me believe that there needs to be some improvements to the app.",2,0,9.1.80.2221,2026-09-09 03:50:22,,,9.1.80.2221
3472bbad-0ac3-4fce-89e7-37880fdddb1e,Solomon Smart,https://play-lh.googleusercontent.com/a-/ALV-UjXwe0KjXqQ-ps9r7tb_EX4sDpyWhYQksC5qXeSdN7wAHwbVMwej,keep the update real*,5,0,,2026-09-09 03:50:01,,,
263194cf-996b-41eb-8fba-087edc6548e5,Oyono Joseph killerfoxs,https://play-lh.googleusercontent.com/a-/ALV-UjWZ3iQWP_ebcEh9IcoAP7OcnYOh_8OjtQyn-YamW1c9_3ylNpo,ok,5,0,,2026-09-09 03:47:32,,,
44e97f90-32d5-4a19-80bb-e425d56967a8,Ismail Hussaini,https://play-lh.googleusercontent.com/a-/ALV-UjV9cz66qQd4yxLCG5Dogbp1PIrYOP2wmb7P1mo1XQMZd9ZjR6Ci,Alhamdulillah,4,0,9.1.76.2055,2026-09-09 03:45:24,,,9.1.76.2055
b6195aeb-6bae-4b73-9d09-172f6374148d,Muhammed Adelayo,https://play-lh.googleusercontent.com/a/ACg8ocKrN5b3aWH2fNKeR80j3V0Lyuu5ZA09ndog4mLF0-qm7hIrYA=mo,Simply fascinating,5,0,9.1.62.1601,2026-09-09 03:41:13,,,9.1.62.1601
ca69d074-bc7b-47c4-a153-5941fcb7aa39,Francisco Márquez,https://play-lh.googleusercontent.com/a-/ALV-UjWdfbm3U_AXp93L87Jk4aA4hqwG63AWSnI8KX85SKUXLtcpokHj5g,the best!,5,0,9.1.78.2218,2026-09-09 03:25:07,,,9.1.78.2218
f35a6cd2-f41a-408c-a80e-028828c0aac9,Jennifer Piasta,https://play-lh.googleusercontent.com/a-/ALV-UjUovZtBIp6id20O1bweBxJEshZDYtaK0vUelie-YhNNPLFiVMhV,"Excellent , there are all the songs that I like",5,0,9.1.80.2221,2026-09-09 03:17:56,,,9.1.80.2221
d26a50f3-29aa-48b0-8f03-30f1b1ba57b1,Vuwani Netshivhazwaulu,https://play-lh.googleusercontent.com/a/ACg8ocKBRBTDbhP1UMjVmJRXjpwhIYJh0jWK5FOiPCooFA1m7wnuxw=mo,phenomena 👌,5,0,9.1.72.1891,2026-09-09 03:17:02,,,9.1.72.1891
3ab04dec-6c32-47dd-854c-86d70413b6ed,Malak Elsayed,https://play-lh.googleusercontent.com/a/ACg8ocK0ev2rRg9I4TVs2YySeICFu59mBxQHcN8nZg3qf_EqXW7u5Q=mo,I have no words. the best app ever,5,0,9.1.80.2221,2026-09-09 03:14:11,,,9.1.80.2221
fa7b0405-8c92-4192-b487-9288bc46ff7a,Emma Sharrow-Ducsay,https://play-lh.googleusercontent.com/a/ACg8ocIOmIqmndpigX--kFDyPA6-XxUrzzzCr2qB4CToYmUU6vaETA=mo,The app opens by itself and interferes with my Bluetooth and other music apps Absolutely hate this app 3 years later and this app still sucks with lots of technical difficulties,1,2,9.1.78.2218,2026-09-09 03:13:37,"Hi. Thanks for bringing this up. Since how the app acts over Bluetooth can change depending on the device you’re using, you can double-check your phone's settings. Usually, automatic playback options are part of your device's operating system. If that doesn't help, reach out to our Customer Service at support.spotify.com. Just search “Contact Us.”",2026-09-09 03:58:26,9.1.78.2218
34045504-6fe3-432f-9a0b-22f04ba23785,Alan Franklin,https://play-lh.googleusercontent.com/a-/ALV-UjUzmDzbVdIJtb0z6iwcRLfXi7nKEWTdmW1LEat6KT9TCJN1O5YB,I love Spotify but why hasn't it got the original version of Poco's Rose of Cimarron?,5,0,9.1.80.2221,2026-09-09 03:12:35,,,9.1.80.2221
fe46fefd-018b-46ab-8b7a-1cb2cc87dad8,hazara Shamsu,https://play-lh.googleusercontent.com/a/ACg8ocLjBTch8hnO05M445OAA7b2K7fYtwr02-pXFrokppehdgbGCw=mo,Hahaha,5,0,,2026-09-09 03:09:54,,,
3a095f74-2887-4c65-b32a-fe9cca87d81c,Tawiah Vivian,https://play-lh.googleusercontent.com/a-/ALV-UjWLuMMcw3rnqrUPJF-yZ01wD29RcoBd7lb5AdfDAbwjfeHFP0Vf,limited,4,0,9.1.56.574,2026-09-09 03:03:29,"Hi. Thanks for bringing this up. We're open to feedback, and we'd love to get some more info about this. If you have the time, give our Customer Service a shout. You can find them by heading to support.spotify.com and searching ""Contact us"".",2026-09-09 04:17:10,9.1.56.574
2fbc0c36-182b-4435-87b7-ad9e3757e0cc,FREE_FIRE_ GAMER,https://play-lh.googleusercontent.com/a-/ALV-UjUZIDa0_vmQrqsR1AHibwyEoD273BXjKzOioAlNHySSa65-AD8,pls give me ads free..... ❤️🙏,5,0,9.1.80.2221,2026-09-09 02:58:25,,,9.1.80.2221
c5c11b1b-64db-4296-8713-80548510990b,Scott Mannion,https://play-lh.googleusercontent.com/a-/ALV-UjXtCSrakDmPSglvv9O903CT6zNdc2stEC6MONcoec8ubpkiNwbn,awesome app!!Love the DJ,5,0,9.1.80.2221,2026-09-09 02:58:19,,,9.1.80.2221
05a90a41-ed00-474a-8eec-fea5fdc2fc72,MUGHILAN K V,https://play-lh.googleusercontent.com/a/ACg8ocJPIMnZBzY5H6BTY3XgBPJvJRRkajT-eNes4G61Fan9cpZrRw=mo,u can't even play the song u want to listen....i can't give 0 stars if I could i will👎,1,0,9.1.80.2221,2026-09-09 02:57:42,,,9.1.80.2221
c995d75c-2b7b-4987-929d-0762404e33f5,삐삐,https://play-lh.googleusercontent.com/a-/ALV-UjXjKYbZGqqPgSLHmfv0LuF43o_cJY_fk7I03C4EDX5j72IJ8akICw,"apps been so glitchey lately, way more than ever before, songs will straight up just skip to another or not play at all",2,0,9.1.80.2221,2026-09-09 02:53:49,"Hi. Thanks for sharing your experience. Have you tried a quick reinstall? If that doesn't help, you can get in touch with our Customer Service by heading to support.spotify.com and searching ""Contact us"".",2026-09-09 03:58:25,9.1.80.2221
79d593e7-89f3-422a-b254-a5895d06772d,S Coronado,https://play-lh.googleusercontent.com/a/ACg8ocKOVgYxiVCQdqlojMAVl7HFm1h6NK7XvUTs-3pE-FAMN90f_Yg=mo,the app has been acting wonky. i have the playlist set to repeat and it stops playing on the last song. it skips like a cd player would. it stops playing music. tried everything and still works that way.,3,0,9.1.80.2221,2026-09-09 02:53:16,"Hi. Thanks for sharing this with us. For the app's behavior, you can try a quick reinstall. If that doesn't help, we'd recommend reaching out to our Customer Service at support.spotify.com. Just search ""Contact Us"", and they'll be happy to help.",2026-09-09 03:57:14,9.1.80.2221
b0bd4daf-02a2-4efd-ac0c-41f98e1cacd1,Brooke Haegert,https://play-lh.googleusercontent.com/a/ACg8ocLpnvvuH-xsMREuhGMSc31tCyBS-EZYI-uJyAbWuBpkh820KA=mo,awesome sauce,5,0,9.1.80.2221,2026-09-09 02:52:03,,,9.1.80.2221
a0c05882-0a3e-43cc-9a2a-827d1045d095,Capp Alyssa,https://play-lh.googleusercontent.com/a/ACg8ocLQH_FHwZGfI2pAaJ-14xnX4hJji-ZROUvUXpT6GKho6Y6M=mo,best stay tuned site for all live music,1,0,9.1.78.2218,2026-09-09 02:49:43,,,9.1.78.2218
93f12749-8d9d-403a-b4d9-4b5b757e0b0e,Jashraj Bhosale,https://play-lh.googleusercontent.com/a-/ALV-UjX8Bc8dvUC5P19zZffsh6jTeQcEgz2j1OXPUQr6PWvAX_-_3C-OlQ,very nice experience with Spotify,5,0,9.1.78.2218,2026-09-09 02:46:18,,,9.1.78.2218
b44f904d-7cf2-4913-8d70-03199309acac,Julianne Larouche,https://play-lh.googleusercontent.com/a-/ALV-UjWlxISM_Izy4iYz16nUBTk7nkl1Hbb9vh7gsACPWnUDjYJBuL46,"I like the app and I think its pretty good, but that's only if you have premium (which i do)",3,0,9.1.80.2221,2026-09-09 02:43:23,,,9.1.80.2221
ab7220f7-032a-47cf-adce-2538d8edd94c,Megh Patel,https://play-lh.googleusercontent.com/a/ACg8ocJNXjS4Dl4YxJn_WuswbZtpZMewyQi3lZmyp3dBQ7qecMqO7w=mo,need the option to see monthly minutes listened to back plz,4,0,9.1.78.2218,2026-09-09 02:40:26,,,9.1.78.2218
a38a0d90-bdc4-4c04-af38-cb549b599326,Leonel Rodriguez,https://play-lh.googleusercontent.com/a/ACg8ocJmSfDsrOD-3Ivim8tICaZW8i9lvbvsAV8wQp1ERt--A9OVSkg=mo,Stop forcing your suggested options on our liked playlist. It sucks. It's inconvenient. I have over 200+ songs on my playlist and they play a select few.... also having to pay for premium to stop this scammy behavior is unbelievable.,1,2,9.1.44.2120,2026-09-09 02:37:18,,,9.1.44.2120
5a20fc09-a35a-46c9-a0c6-b8b74e82c46d,Dylan Kendall,https://play-lh.googleusercontent.com/a/ACg8ocLZYbXM2_MTL3BJQoPYAmWIDlZcQLqd8HfrWgL2SfE_v32LSA=mo,Absolutely love spotify. I will never switch up,5,0,9.1.80.2221,2026-09-09 02:34:31,,,9.1.80.2221
4cb67115-9c81-476b-976c-cf17572817a3,Muhdin,https://play-lh.googleusercontent.com/a/ACg8ocLuJCKOijCsCKZ6AIotV-6GNR2ZI19jTUpccGTFnmBDH91dIg=mo,muddin,5,0,,2026-09-09 02:25:55,,,
58c36403-eb0f-4d3e-af42-ac0e1f24efc4,Patricia Reeder,https://play-lh.googleusercontent.com/a-/ALV-UjX2u-cn6jZL_C8q3pHkRNu5qC0SBzUWlEr8aaoB4pqmUTjge3aF,very good,5,0,9.1.76.2055,2026-09-09 02:25:47,,,9.1.76.2055
94185ac2-4ade-490c-8359-ad1ef0266109,Karen Lees,https://play-lh.googleusercontent.com/a/ACg8ocLvbt-PgYfCeSfMjc2tFCQNZNLl0is_AQh4zWjzW2_24c-yVQ=mo,Music is great for the soul 😬.,5,0,9.1.80.2221,2026-09-09 02:17:43,,,9.1.80.2221
9f245f09-3827-48c0-b4fa-3094fa9f56df,Pebesti Nkadimeng,https://play-lh.googleusercontent.com/a-/ALV-UjUNIaZUdua3nR5twzunEMD0b6DDSni8R4xLo75oT99Vs_RmapEO,These a new feature now you can download music and Listen offline.The app does contain ad but you can upgrade hustle free.,5,0,9.1.78.2218,2026-09-09 02:15:16,,,9.1.78.2218
a7e61c61-86d4-4a9a-aeef-e240452bcf48,Scotty Ogle,https://play-lh.googleusercontent.com/a-/ALV-UjXNk_8mN7cxkBUK83m8x2MXx70R2ZhHVz389Gfr_6Ij-33Y8Yk,good for all type of music definitely download it.,5,0,9.1.80.2221,2026-09-09 02:12:26,,,9.1.80.2221
660a7463-c19e-49c4-a51a-57b3467ba425,Dark Virago,https://play-lh.googleusercontent.com/a/ACg8ocI3sIX19Nyt_xV69jyS_YrS23jgLwkn-KesMdJHiDaiWpZhIw=mo,This is the only music app I prefer to use.. Been subscribed for almost 10 years now,5,0,9.1.80.2221,2026-09-09 02:10:26,,,9.1.80.2221
456f985b-d87b-4e6d-918d-6e3f864fc83c,Kristian Luebke,https://play-lh.googleusercontent.com/a-/ALV-UjWVZQuMmN5GHi0KnPNp2dWkvKrLqEaifPsom6ChJbyGQYXIqETh,no problems,5,0,9.1.80.2221,2026-09-09 02:06:27,,,9.1.80.2221
9d16c9ac-48d0-4fc7-9cc4-25cf0168afdc,Nobel Rhodice,https://play-lh.googleusercontent.com/a-/ALV-UjUKCPDy8Q681EJZcIRssKS725nF8WuZiKNFu3cSp6sHmJGX17Q,"Mahn, this app is brilliant. Trust me, Its worth the price",5,0,9.1.78.2218,2026-09-09 02:04:00,,,9.1.78.2218
fcfb818d-5c6b-43ac-abe6-76b123676b87,Blake Leen,https://play-lh.googleusercontent.com/a/ACg8ocKqX993TtWCLiah_J5M81cwkHB4xm-Gjg4pJqcLzAHY9BQqZg=mo,best platform for music along with you equalizer and tuning options!,5,0,,2026-09-09 02:01:55,,,
195b7722-e982-4942-9838-85524e60859c,Santosh Achary,https://play-lh.googleusercontent.com/a-/ALV-UjUHMF_EPmOVkIjSp2lgZSDTIhmRy6aMkwfgIk6tnvAIjS0JOHla,nice sound,5,0,9.1.80.2221,2026-09-09 02:01:51,,,9.1.80.2221
4cf77578-511f-4890-93c9-5576a0947e4f,Yes,https://play-lh.googleusercontent.com/a/ACg8ocIya_IhQAQlaWNBLxEp5EuQyLytdp1MXxN6pMg-gRD2rHn_Vw=mo,So it HASNT changed. I keep getting that same goddamn lowes ad and it wont go away. im gonna die. thanks for listening to this review,1,0,,2026-09-09 02:01:15,"Hi. Thanks for leaving a review. If you’re seeing repeated ads, we recommend trying a quick reinstall. If that doesn’t resolve the issue, reach out to our Customer Service team at support.spotify.com by searching for “Contact Us.""",2026-09-09 02:20:25,
575c6b2d-e212-4aac-8563-5dbe73fda447,Brian Romain,https://play-lh.googleusercontent.com/a/ACg8ocJgtyWy_Br87M8dwjBE6N2enB7aSsgTHhhuE5nBMXwSbZ26sA=mo,my favorite music app by far! No comparisant whatsoever.,5,0,9.1.80.2221,2026-09-09 02:00:08,,,9.1.80.2221
21d28f69-95e5-444a-bb35-d47123806066,yassine elforkane,https://play-lh.googleusercontent.com/a-/ALV-UjXyJ0EHP192zWlG_zTLIz6RHW4eHswqsFB8oNifUU3DXIe_NaU,one hour off is better than too many ads !,5,0,9.1.80.2221,2026-09-09 01:58:41,,,9.1.80.2221
a33e6623-e7e9-43ee-8fa1-143ad52422bb,Sarah Camacho,https://play-lh.googleusercontent.com/a/ACg8ocIYtAgM_JU8sycGVx_rQe31Met83yomHxy8xlg7ns07Bu0rgQ=mo,great medium for music,5,0,,2026-09-09 01:51:56,,,
c803a58f-e6a3-4dbd-be1c-36a13e1426f3,Evans Family,https://play-lh.googleusercontent.com/a/ACg8ocJx-dHeM2XGl8WhxpODFN3bfWYoCSPR3_jLIVx7d4L0P3CfhA=mo,👍👍👍👍👍👍👍👍👍,5,0,9.1.80.2221,2026-09-09 01:45:48,,,9.1.80.2221
ed4711d9-9626-4c3c-8b78-26cf8dda7cc7,joel sanchez (Mxca909),https://play-lh.googleusercontent.com/a-/ALV-UjXJHF0ebAP_t-qZSj--Vn0-sE4BB_DtYcC2Pxp2eD9g458xdyqN,laggy on a android 16,5,0,9.1.80.2221,2026-09-09 01:45:38,,,9.1.80.2221
ff3f4439-70bf-42ec-a722-6c3261e73c62,Thorben Brabant,https://play-lh.googleusercontent.com/a-/ALV-UjUpH3Ny7w-1zDgPK6nY8go9LPEp-2SuQZZNmdfgn4EwPYTKmUo,"3 years ago I wrote a review and I gave spotify a 4/5, now I give them a 5/5, great new features on Spotify, great AI use. Just a perfect app, I will never switch.",5,0,9.1.80.2221,2026-09-09 01:41:30,,,9.1.80.2221
827d636c-1233-4785-a256-467e8c76fe9b,Adam,https://play-lh.googleusercontent.com/a-/ALV-UjV9TwyFOr5UXePahxLYGRqPtIk5XASN7WRT2iIQdiMrIuPWKbEASA,"UPDATE 9/8/2026: Deleting Spotify and pirating my music again. I can't put up with the issues anymore. PREVIOUS REVIEW: I enjoy Spotify because of the vast music catalog and access to lesser known artists. What I really don't enjoy is my wife not having access to ebooks on our Duo Premium account. I also don't appreciate that the ebook listening hours are limited on my ""premium"" subscription. I would easily switch to another service if it offered unlimited ebook and music listening.",1,1,9.1.80.2221,2026-09-09 01:33:26,,,9.1.80.2221
d4937dc3-f750-43cb-8e63-4fa2e915e4dd,Michael,https://play-lh.googleusercontent.com/a-/ALV-UjWsLjUG4Rx0Cb-AhvmzSq8U6QOsvSArJAN1z79cdZVClgRxdmLY,"6 skips, cant pick the songs you want to play, premium keeps getting more expensive, it puts random songs into the Playlist you make, so basically theyre greedy and there is much better music apps than this. Also a 2 minute ad to listen to 3 songs..? This app is bunz.",1,3,9.1.80.2221,2026-09-09 01:26:59,,,9.1.80.2221
bab8c042-0ce1-4e27-a3e7-c5f3c5845d23,Timothy Abbey,https://play-lh.googleusercontent.com/a-/ALV-UjW8GKG49remPpNPz9JdRbgP4otB8pvnfMtC6eLtcWgj8tJyh7m-wA,"I'm having a Great time on Spotify, it's interesting I hadn't used it too much earlier on in my days, but Glad I'm using it now 🤩💪🏾💯",5,0,9.1.80.2221,2026-09-09 01:26:56,,,9.1.80.2221
fd7c12af-d44f-410d-8b0e-640d9928d792,IJELE Ibrahim,https://play-lh.googleusercontent.com/a-/ALV-UjVeWte21WAPlqzpxVY-1GHmb6NjkJAIAP8GAx-AHGj_xDZWBpo,well nice app to roll with where you can get any music you are looking for if you can't find it on Spotify then you can't find it somewhere else but it's for rich people so you know ✌️,3,0,9.1.56.574,2026-09-09 01:25:45,,,9.1.56.574
921553c0-c9a0-4eb3-bdca-16fc1b096fa6,Melody Newell,https://play-lh.googleusercontent.com/a/ACg8ocLQQSbX5eZvoDhBmHD6LDQk1WgffV6VDvKscxuU04Wm_GlLKg=mo,skip ads and it would be better,5,0,9.1.80.2221,2026-09-09 01:25:11,,,9.1.80.2221
61844271-5dd0-4d8c-8192-f3d01795224f,bryan Montgomery,https://play-lh.googleusercontent.com/a-/ALV-UjUMNchCP_uwB_x2VzWy6vxO9vLkwcQAAzgvL4ueRY3NgocWV3gZ,it is a good service for any music you could ask for,5,0,9.1.80.2221,2026-09-09 01:24:55,,,9.1.80.2221
5c507b24-6fc7-4925-a3fa-484d7e876e49,Russell Adkins,https://play-lh.googleusercontent.com/a/ACg8ocKfrJx3d9yaMZztkYEZGBjAZ0icwKGEXbr4-V8-1kSh0bpgSw=mo,great tunes,5,0,9.1.16.1450,2026-09-09 01:23:59,,,9.1.16.1450
fa17ae79-f71b-4786-9023-3d7aa2623b97,Glenden Burkett,https://play-lh.googleusercontent.com/a-/ALV-UjUQJ7H-GqIbVtaPWKHaiVAtHwThpXK8b4VTJY5vQhX8YNjBCTel,love it!!!!,5,0,9.1.80.2221,2026-09-09 01:23:54,,,9.1.80.2221
3ec275c8-9927-4a2f-8aba-9f21aa7a70a4,Lloyd Nonyane,https://play-lh.googleusercontent.com/a-/ALV-UjUxxRjg3PjhQlhOqltx6IbR1F5KnFAY_LkrJGNnrTnaWWGyv4g,To keep my real music I really like it to be safe in the right place I won't deletes anyone song's all of the album's I do like it every songs are the I need it all of it's own songs,5,0,9.1.80.2221,2026-09-09 01:22:19,,,9.1.80.2221
c4e3fff3-1f5d-4e46-9c00-99a56353d4b6,Royson,https://play-lh.googleusercontent.com/a-/ALV-UjUh-7lkqPnYOC3_dACqNc2E7OtVKw3lcBaUcCbQxG3zL74Mz70,the music is good 👍,5,0,9.1.40.1486,2026-09-09 01:19:11,,,9.1.40.1486
97f2c3ee-e25a-49cf-8c3f-57c3ee67cc0c,Matteo Schwaar,https://play-lh.googleusercontent.com/a/ACg8ocI3E4v0gtq2jKMuDkhhUBY9iar36u7gK7FznPUMBDnGa4u7lg=mo,Diese App hat mich sehr Positiv überrascht und ich konnte seit dem immer seue Lieder und song finden die wir gepasst haben. So binn ich z.b vom Ballermann zum Hard Rock gekommen und ich liebe diese App einfach.,4,0,9.1.80.2221,2026-09-09 01:16:33,,,9.1.80.2221
19f5a0ae-769a-4fa4-9354-c29bd807c405,tajuddin Khan,https://play-lh.googleusercontent.com/a/ACg8ocLvvflXBWgFDbJ0DRsQm9uJJmjMKLle9Cby-YmQ2BfD6g3c0Q=mo,Thank you Spotify to lunch this app because I love to listen songs and I like BTS and BLACKPINK. BTS and BLACKPINK songs is already in your app Spotify thanks for lunching this app thankyou so much from me.,4,0,9.1.80.2221,2026-09-09 01:16:10,,,9.1.80.2221
b0422e92-e88d-4712-9acf-d10a66fd6da6,Mmesoma Igwe,https://play-lh.googleusercontent.com/a-/ALV-UjUhBB3JXXq5W7jFCJ19jwsIfp6fyBAK57v9vi0iVx9Z7si2aWp-,"The best music app so far,...",5,0,9.1.78.2218,2026-09-09 01:16:05,,,9.1.78.2218
40e016e6-18bf-49cd-9d1f-583eaae532b4,Frank Genero,https://play-lh.googleusercontent.com/a-/ALV-UjX3AHyY8bGkz_6YRYp7U6C2rwiYc2wC5_YL-EoCsLFJU6y2Lg,"I'm paying for premium. That means no ads, right? I spend an absurd amount of time curating my algorithm with dozens of playlists and thousands of songs and yet somehow no talent hacks like beyonce, Miley Cyrus, and Taylor Swift consistently make their way onto my suggested releases. How is that not advertisement? Scam someone else spotify",1,0,9.1.72.1891,2026-09-09 01:15:25,,,9.1.72.1891
9c971dab-b85b-4402-adc3-a1f2b3244d33,Kiaan v.d. Merwe (Krokkie),https://play-lh.googleusercontent.com/a-/ALV-UjVn_iwNtn8lQlmg34FAyRGtlekV7w92EUo0zQVsheSIMx7wUvCi,"very very good, premium is worth it",5,3,9.1.80.2221,2026-09-09 01:14:52,"Hi. We're open to feedback, and we'd love to get some more info about this. If you have the time, give our Customer Service a shout. You can find them by heading to support.spotify.com and searching ""Contact us"".",2025-12-05 22:00:19,9.1.80.2221
e9247f84-9005-47e0-94f8-10fb0af767a6,KATHY,https://play-lh.googleusercontent.com/a-/ALV-UjWWTkpXeVd-WLY2qlA14wBN_e0A7cxnFN0v36HZuc2pW-Q7D63H,"From Rock to Country to Soul and my favorite Sunday Church Music😇, depending upon my mood of course 😈 Spotify gives me everything I want.",5,0,9.1.80.2221,2026-09-09 01:13:49,,,9.1.80.2221
dd6327b0-cb98-47ed-864b-a17a8332bf76,J Campbell,https://play-lh.googleusercontent.com/a/ACg8ocJ6FUy_mzJSmVMYY91GUdmW3oOgINdnrUr07cUe8kQvrqAxxg=mo,good app but needs more podcasta and remixes like SoundCloud,4,0,9.1.80.2221,2026-09-09 01:12:39,,,9.1.80.2221
7f3aaaea-3dab-4cc1-a81b-eb71e33d64d6,Banda Charles jr,https://play-lh.googleusercontent.com/a/ACg8ocKwcynmUYbAe8Un6Ad0Rl4ki8aRkVtNN5GO74Fh_BZZIJsMmg=mo,Wow this app doesn't have any ads like boomplay lol. No song interruptions due to ads.,5,0,9.1.76.2055,2026-09-09 01:09:43,,,9.1.76.2055
1539f148-ac67-4da1-8542-0c3972815cf6,D B,https://play-lh.googleusercontent.com/a/ACg8ocIvm5XiZKtCWZBcy_VIct1nKaKvOgB1Lm6U5SbnrCnR-8snuw=mo,"IDK why it's turned to shi*, but it has. I've turned off crossfade, but it does it anyway. It refuses to work for many minutes if I have no internet, despite having tons of downloaded music, and all I've been trying to access was my downloads. This used to work instantly and remember your settings, now it demands you have a network connection to do anything and doesn't even use the currently set settings even if it remembers them. I'm considering giving Amazon music a try and cancelling Spotify",1,0,9.1.80.2221,2026-09-09 01:07:33,,,9.1.80.2221
e54950f8-0c01-4ed3-8b97-ff8f97e1c77e,Megha Gadgone,https://play-lh.googleusercontent.com/a/ACg8ocIfEqA4fv0s51Q7U3EcRnCVcs4RsuQXaVx6d3SsUK9M9MxPOts=mo,This app is not download please reason is skip song noo purchase membership 😡 and not choose our favourite song purchase membership 😡 right app is Amazon Prime free song listens😡😡😡,1,0,9.1.80.2221,2026-09-09 01:02:31,,,9.1.80.2221
7707f73f-7190-4de8-8d61-393154d3c64f,MOHAMMED ANWAR,https://play-lh.googleusercontent.com/a/ACg8ocJp2BpWZJhWQBH11Axy6OW0yyf5y2dcz8LfG-WCpM-lVTU9JQ=mo,ek hi bakwaas premium lelo lelo bolke,2,0,9.1.80.2221,2026-09-09 01:01:35,,,9.1.80.2221
2ab752ec-f716-4e09-b32b-ddd80dd210ee,Amber Grace,https://play-lh.googleusercontent.com/a-/ALV-UjVOZggIx-l990ZuQ9wcumInpqFmbDu0geCU3tqZUwU9EnDN0jy0,very satisfying,5,0,9.1.80.2221,2026-09-09 01:00:36,,,9.1.80.2221
0b2e4a59-9ce8-4b97-aedb-ca23b95e74df,Thogiti Chaithanya,https://play-lh.googleusercontent.com/a/ACg8ocLQjl8cBLmPBn8WXlDB1RH7uwtAiC1iT6alNLTstMSwzCjZOg=mo,goog,5,0,9.1.80.2221,2026-09-09 00:56:33,,,9.1.80.2221
01964f66-ef3a-4cee-847e-018feeb11274,mikenmike 144,https://play-lh.googleusercontent.com/a-/ALV-UjVF3F3z5pgchjZguLyBxr_foT9GFVPnKZnptQQG6OVpTeTDabo_,only let u rewind few times and skip songs smh and adds at the worst times,3,0,9.1.80.2221,2026-09-09 00:55:39,"Hi. We’re always updating our free experience, and as part of that, you may notice a few changes. If you’re looking for more flexibility, we'd recommend checking out our Premium plans at spotify.com/premium. If you've never had Premium before, you should be eligible for our trial.",2026-09-09 01:26:13,9.1.80.2221
bfa8d5d3-4997-4dcd-9756-7c3516c0e157,Alani,https://play-lh.googleusercontent.com/a-/ALV-UjUGJb81eVD_OnobUIamZyQ18KPDDIZG7OZpfX23Wh9Ndu-Ilneb,It's good if you have premium but for the free version it's really annoying because it tells you that you get 30 minutes of ad free music then gives you an ad right after and you only have a certain amount of skips or choosing different songs which is really annoying specifically for the choosing songs because it doesn't reset every hour and takes a full day. Ive personally had problems where it doesn't even work outside of WiFi which made the whole app obsolete,3,0,9.1.80.2221,2026-09-09 00:55:03,,,9.1.80.2221
bafc20ab-12a3-4d78-add9-60dfb2452efe,Nadia Garrison,https://play-lh.googleusercontent.com/a/ACg8ocJtVaewcWbccUZNA6vCyAJtZg3Lq_XccYWZ_pJb-MQspnqLNNI=mo,I PERSONALLY LOVE THIS APP WHEN IM ON ANOTHER APP AND WANT TO LISTEN TO MUSIC,5,1,9.1.80.2221,2026-09-09 00:52:12,,,9.1.80.2221
d4caedb3-46e2-4de5-b552-ae41aa3e499b,Aditi Pandey,https://play-lh.googleusercontent.com/a/ACg8ocKcXZDM8mFWMp4EsY5UeI7KNqPeOxnpSRJge2jHdce_FkAtag=mo,WoW... just wow,5,0,9.1.80.2221,2026-09-09 00:48:02,,,9.1.80.2221
4b612bc7-94f5-48c0-8124-23dd0387ac50,Kailey Rosmus,https://play-lh.googleusercontent.com/a/ACg8ocKeYMfp1oC_MfBdY-xvZJ36Lrp_k5mjNnaL4u3eKyYkwAR8bQ=mo,BRING MUSIC VIDEOS BACK PLSSS AND ALSO MAKE SURE THAT YOU MAKE A MUSIC VIDEOS ACTULLY VIDEOX,3,0,9.1.80.2221,2026-09-09 00:47:47,,,9.1.80.2221
916c9531-29ce-4c4d-8d82-353e7d7be290,beingmyself 14,https://play-lh.googleusercontent.com/a-/ALV-UjVTpJEJvDH8hwQNHaUFhdFYurR-yIXNqnDI7h2l6c68CI4GnA,Amazing!!!,5,0,9.1.80.2221,2026-09-09 00:46:42,,,9.1.80.2221
6dc5ba8d-26e0-4c28-a408-13a3b764882c,Sam Saladino,https://play-lh.googleusercontent.com/a/ACg8ocKMng5O-c5XkjG0iFxjJeijOSw1DKGC8iDOH9yU34IvYaEuVQ=mo,Good selection of topics subjects I enjoy. Keeps me entertained on my daily 1 1/2 plus mile walks.,5,0,9.1.80.2221,2026-09-09 00:44:20,,,9.1.80.2221
dab62f6c-1438-4a45-8150-901715c56b01,Mary Kilonzi,https://play-lh.googleusercontent.com/a/ACg8ocLZgQv0PotKOKmwWVtThCeLdyW4G_VvtnoH32YdrLfXog5H2w=mo,love it,5,0,8.9.4.304,2026-09-09 00:43:16,,,8.9.4.304
423b0a73-8e7d-4128-8d9c-2a2826c22f5b,Verena Hendrix,https://play-lh.googleusercontent.com/a-/ALV-UjWSbcToRRZTpvSWXDi7LEp7wOsE_bIGL7qii5ChxGGKWHNLU7W3,🎧🎧🎧🎶,5,0,,2026-09-09 00:43:03,,,
ff80b0b2-9459-42cb-8faa-f0001eb46657,Taslin Goliath,https://play-lh.googleusercontent.com/a/ACg8ocKU0flKlLVYLtRa-l0xy2CRbP8U3sXC2TPoRONf300OtZLWng=mo,cool,5,0,,2026-09-09 00:38:05,,,
84f3e024-d56e-4bfd-ac47-14887638ad8f,Adrienne Breaud,https://play-lh.googleusercontent.com/a-/ALV-UjXZvbRCvXuk8d1sEsSBMiUkADEa_3nPJ6jDMdD8oLigO1dHCgs4,Love this app all the old but good songs.,5,0,9.1.80.2221,2026-09-09 00:36:20,,,9.1.80.2221
67f0807f-1b08-41b2-869a-aec6797626d9,Credency Matanda,https://play-lh.googleusercontent.com/a-/ALV-UjVZw2zvNKR2xaODplgTtNpPs0Bau7ycwucBbSLljOm4-X5__Vw,it's the best app for all types of phones when it comes to music u can even upload a song on it just remember to enjoy free music on premium,5,0,9.1.78.2218,2026-09-09 00:34:30,,,9.1.78.2218
8f4df5cd-bdfc-477c-bdc7-1fa96c0409c3,Masab Rabbani,https://play-lh.googleusercontent.com/a/ACg8ocIS-tEkDVC96P_DV6YCxeQgkOOg28H8B8JtefZ5r7wsZ3H8Ww=mo,mashallah aj mai kamiyab hun aur struggle se dur,5,0,9.1.78.2218,2026-09-09 00:34:01,,,9.1.78.2218
a3a03f42-497f-47cf-92bf-34fad017cce2,Victor Agiende (Vicfrmdab),https://play-lh.googleusercontent.com/a-/ALV-UjWxxQuV7tdaovKKtCj5nbL6leOm1QLrdb8d90ZwQijD61ibj-G71A,"Best audio streaming app, but you can't have my last star😜",4,0,9.1.80.2221,2026-09-09 00:29:42,,,9.1.80.2221
6abedc28-bd1d-471d-aa44-5cc9258ae45d,Isaac Odhiambo,https://play-lh.googleusercontent.com/a-/ALV-UjXnrNfrtifGbZaaCKIVMQ7HdkLtySSeSrmMu58fzQnjZ_Hv0rTB,I love the app but lay low on the ads and please make it able to set any song as a ringtone,4,0,9.1.80.2221,2026-09-09 00:28:05,"Hey! We hear you and we'll pass your feedback along to the Ads team. For an ad-free experience, we'd recommend checking out our Premium plans at spotify.com/premium. If you've never had Premium before, you should be eligible for our trial.",2026-09-09 00:53:08,9.1.80.2221
39e26e94-d4f6-4685-ba0d-6c8b9a6c52a9,Samara Pereira,https://play-lh.googleusercontent.com/a-/ALV-UjUSxwmWN2gkvgJvQy8ARPHcZ4JjhaWc-nXTA9-e8K4475PM2Ig,very easy access and when you have a Motorola phone you can use your Google mic to search for ANY song or songs you want doesn't matter❤️ COMPLETELY RECOMMEND just be over 15 years old,5,0,9.1.80.2221,2026-09-09 00:24:25,,,9.1.80.2221
bfe33416-e276-41c9-ac79-4ee388d7835a,Darren Ray,https://play-lh.googleusercontent.com/a-/ALV-UjUuIMvW3bConatx6icyykdSuOETS5F0JH6H6Qn8xmRROUVWowrlSw,"Love it, but why, Why, IS PREMIUM $13? PS: WHY DO PODCASTS STILL HAVE SPOTIFY ADS AND THE ADS THE PODCASTER IS SAYING? I understand the ones the podcaster is saying in their show, but do we need the Spotify ads that were told are supposed to be gotten rid of by premium?",4,0,9.1.80.2221,2026-09-09 00:23:31,,,9.1.80.2221
0e6ec144-9d0a-44b1-aedd-a36451777b1e,Kapuri Gupta,https://play-lh.googleusercontent.com/a/ACg8ocLwo4c47zO1lNGvEAzRUtWrnSqPBVWte4EkdmrZC6pDuhlMRw=mo,Good aap,5,0,,2026-09-09 00:22:15,,,
a8fbf347-11e8-4696-b37b-ee52960713de,Johan Smit,https://play-lh.googleusercontent.com/a-/ALV-UjVugWl-poZlYcgGMfo53dPIOvtB28hGGBjuElPI3TYacKh3jOBC,"I changed to Spotify and I've never been sorry even when I was doing cross border trips with the truck . I dislike ""FM"" high grade... I always have music to listen to ....",5,0,9.1.80.2221,2026-09-09 00:21:10,,,9.1.80.2221
23f0ada3-c65e-475c-a4a3-0ba63621d5f0,Arnold Maji,https://play-lh.googleusercontent.com/a/ACg8ocL0F0NRdVDyh4_UxfHdoG9WBzmy-P6WWrisJGxuiSSi2kk-OQ=mo,I like it,5,0,9.1.80.2221,2026-09-09 00:19:08,,,9.1.80.2221
23ed0c9c-4c1c-4e45-af9a-c1dae2739ed3,Victor Lawrence,https://play-lh.googleusercontent.com/a/ACg8ocL8ip8jcAvnet8YUYRHvHGubCkgTeURhpi9OSK6Pu-cb2ylYw=mo,so nice,5,0,,2026-09-09 00:14:11,,,
de25461c-1f9a-416e-b290-b3af4521ccdb,shimo,https://play-lh.googleusercontent.com/a-/ALV-UjWzdpKBOg9gwwtGmJD24OZyW1lbfnVQWCVFnEIXXsS7jCTkxsY,it's good,5,0,9.1.80.2221,2026-09-09 00:13:31,,,9.1.80.2221
87046172-9ed7-49d9-a261-88dbecb0e7b2,Chidalu Nwokolo,https://play-lh.googleusercontent.com/a-/ALV-UjUB3BB8sO-sHRQrvPcNOuUSTYWznzDCfhC93ZGqn3gBipxf5m0,Is really nice,5,0,9.1.80.2221,2026-09-09 00:08:31,,,9.1.80.2221
6414eb1f-5bb5-407e-9701-53ae9ae310ce,Lucky Ngwenya,https://play-lh.googleusercontent.com/a/ACg8ocKJyCXGW89iZNSJxIusHpteMDDuV9mSEsqRYena370shlxBlw=mo,good,5,0,9.1.76.2055,2026-09-09 00:07:16,,,9.1.76.2055
cf19241e-80f6-4f4d-bbb4-2868c861bfed,Sushil Raikwar,https://play-lh.googleusercontent.com/a/ACg8ocIdul5_Y-DIwK_ExpZr9oBfVrBlkqPg9W8kRnuwMjw4Tyzbiw=mo,Very good 💯😊,4,0,9.1.78.2218,2026-09-09 00:04:19,,,9.1.78.2218
e7a5497f-1e8f-4f85-b418-da4da8c26470,Crush,https://play-lh.googleusercontent.com/a-/ALV-UjXmOg-MuUnUKDaxilv8nWuHOHS6jKJVy5ICU_S2s0MuWyd96MHeLg,THE APP DOES NOT LOAD. FIX THIS DAMN APP UPDATE THIS STUPID APP BROKE AGAIN. FIX THIS DAMN APP MAN. F@#$,1,0,9.1.80.2221,2026-09-09 00:03:32,"Hi there! We had a little hiccup earlier but everything should be running just fine now. If the same issue persists, give Customer Service a shout. Just search “Contact Us” at support.spotify.com.",2024-09-30 09:56:28,9.1.80.2221
187cd1fa-373c-4c7e-8ceb-10a28651a3b3,Kingsley Rengkat,https://play-lh.googleusercontent.com/a/ACg8ocJU87VzTlO2c9aFZ1SfFy6MwbZyhi9unoqO8S5KIEmeNgV-Lg=mo,good,5,0,9.1.76.2055,2026-09-09 00:02:46,,,9.1.76.2055
5d36577f-9c86-4979-a273-14cfa20222c1,Aleksei Kuzin,https://play-lh.googleusercontent.com/a-/ALV-UjXTL0mIPKhbHOL8xUN7H2Qc2wyW8kadiF-OHNxzEn_IDeuvWXKd,Advertisement when launching the application,1,0,9.1.80.2221,2026-09-09 00:02:21,Hi. We appreciate your feedback. It helps inform how we think about the future of the platform and we'll make sure to consider this for updates to come.,2026-09-09 00:29:20,9.1.80.2221
666fc990-dff3-479d-bbfd-098a6b039a1d,Ann MacWilliams,https://play-lh.googleusercontent.com/a/ACg8ocJvVD3HDu7ICNs3obWuRyufcJUbHgoPed4YCegyaTMDbmoEHw=mo,So much better than Amazon Music & Pandora!,5,0,9.1.80.2221,2026-09-09 00:00:54,,,9.1.80.2221
c8902a04-36e4-4bee-a679-16d23645a5a8,Antonella,https://play-lh.googleusercontent.com/a/ACg8ocL5JC136d96D0mzZt233S5Z4R5eXglw9a6eGmH9FKgP7y_Zfw=mo,Simply awesome!! I can't live without Spotify.. Spotify has become part of so many good times!!!! Helps me do all in my life.. work and play... I love you Spotify💞💞💞,5,0,9.1.80.2221,2026-09-08 23:59:10,,,9.1.80.2221
cf31f105-bc3e-4784-be89-e3ba09c0421e,John Doe,https://play-lh.googleusercontent.com/a/ACg8ocJsTgxyoNmyUGrztmlN-EiOyt7yEVIuWdfpRUY61Dmjq-PQmA=mo,I can no longer purchase gift cards for Spotify at the store or online. I refuse to allow Spotify to charge my card every month. That was the whole purpose of me buying the gift cards in the first place.,1,0,9.1.80.2221,2026-09-08 23:56:57,,,9.1.80.2221
f218ae7b-7ee8-40da-915d-70ed6566db93,Haddasah Malambo,https://play-lh.googleusercontent.com/a-/ALV-UjX-UCtNo-rqr_1y9pKsDmpUROx0tdMXJg_R2qJ4X6nmliu1qKS7,goated,5,0,9.1.78.2218,2026-09-08 23:56:40,,,9.1.78.2218
4787effc-1222-4053-a484-5beafb599cf0,Rosalina Hernandez,https://play-lh.googleusercontent.com/a-/ALV-UjW8kcUc-zeW1IYDLvze3Utp4Sb9njMz414zewVwkLkvpf5SaXPP,I can't login its say wrong email but is the right email.,2,0,8.6.34.749,2026-09-08 23:56:35,"Hey there! We'd love to get some more info about this. If you have the time, give our Customer Service a shout. You can find them by heading to this link: https://support.spotify.com/contact-spotify-anonymous/",2026-09-09 00:21:48,8.6.34.749
f3d98aa0-e8bf-4a03-aa97-a3c4a4eb4fe3,Amanda Smith,https://play-lh.googleusercontent.com/a-/ALV-UjVr8q8vmqIvMgXQx88Nk-lAedyr8JuDXywUkaP9is_SqauxJQZAVA,Too many ads and the songs loop before they will play new songs alot. But overall its decent,4,0,9.1.80.2221,2026-09-08 23:56:15,,,9.1.80.2221
d1e826c8-6f40-4d7e-879e-45107cae3d55,Jacob Salazar,https://play-lh.googleusercontent.com/a/ACg8ocKp-YF6IzAuf7PhORd3zzGfEFU9XUR32wTVwTu8LLHiMJlhcJs=mo,Best out there,5,0,9.1.80.2221,2026-09-08 23:51:41,,,9.1.80.2221
3e433497-1019-46c8-99bc-3dbff3257cba,Mia Guzman (Darihanzi),https://play-lh.googleusercontent.com/a-/ALV-UjUbVFoffafK3rsTyqx3PE1NjIpmqQ1B8nQlhX2B9QmoDWQD7S6H,"This app is so unfair. I have Spotify free and it now says I need premium to select my next song or otherwise I can't do it, I found it like Spotify wants to make anyone purchase the premium plan. It so ridiculous they are making like that and who knows what else they gonna add.",1,0,9.1.64.1676,2026-09-08 23:49:27,,,9.1.64.1676
986ebc04-41f1-4b22-91de-7d46696306ee,Zee Khan,https://play-lh.googleusercontent.com/a/ACg8ocJtwymNy7BOL0zA4w8uXgqw1YQdLRUG07Wp9Z_HeIkjWmDhzw=mo,always enjoying this app by listening my favorite music thnx,5,0,9.1.80.2221,2026-09-08 23:43:23,,,9.1.80.2221
9f9ec65f-1ca6-4c41-8eb1-f8c963e4f106,Clint Joseph,https://play-lh.googleusercontent.com/a-/ALV-UjX1pevTgFH9xMlpKRcOQpdznefPhO-JPWowKYKUsnUXGZV5DN-vBQ,great app,5,0,9.1.80.2221,2026-09-08 23:39:08,,,9.1.80.2221
7cb9eb1f-332f-4621-980d-3206254a4284,Rushil Vyas,https://play-lh.googleusercontent.com/a-/ALV-UjVuuGlgsHm2Wr-D2Tqyo7cxMHAdlGw2cwi_UetnxiSDV_tzhnTkjw,third class app with only target to sell subscription to the customer,1,0,9.1.80.2221,2026-09-08 23:38:27,,,9.1.80.2221
ab7ef977-2a81-4c7c-93cc-e416cdf96e71,Chloe H.,https://play-lh.googleusercontent.com/a-/ALV-UjXqh_q02nlQMYHlFRWb6OieV1ffBGOIMS-7R_g-GJpFbQmCahdzrg,"I like getting recommended new music based on what I listen to. I like being able to find and stream music easily. But I have a lot of complaints about the app, some small, some quite large, and it seems unnecessarily difficult to get feedback and bug reports to the company. Some issues recur regularly, including regressions in functionality and harebrained UX changes, which does not inspire confidence in the development process. Why does Spotify slow down so much when it can't tell it's online?",2,13,9.1.80.2221,2026-09-08 23:37:21,,,9.1.80.2221
403fb449-5bd3-4817-993b-90b1db3ecd90,Dani Cáceres,https://play-lh.googleusercontent.com/a/ACg8ocLD3wuZOn8Rae4YqDvmC_zbuq5szST1nSZ4MfUfQ8oekKZ-Pw=mo,"If I get to opt-out of smart shuffle and recommendations and I do choose to opt-out of them I really want to get it done. I'm paying the most expensive plan and still I'm not getting to listen the things I want to listen. EDIT: for the one who didn't catch the hint, yeah I already turned off smart shuffle and the app is not working properly",3,0,9.1.80.2221,2026-09-08 23:36:57,"Hi! If you’re on Premium and prefer not to receive recommended songs, you can turn off Smart Shuffle. For detailed instructions, visit our Support Site at support.spotify.com and search for “Shuffle play.” If you need further assistance, you can contact our Customer Support team by searching for “Contact Us” on the same site.",2026-09-08 19:56:20,9.1.80.2221
d3f83660-285e-4065-a7cb-a2107de0b338,Mamta Mamta Anderson,https://play-lh.googleusercontent.com/a-/ALV-UjXxnd9g5rTb4D1XY7B_nQzLQJ9MFUVTV5zdrFOKwAvKq3YHGRQ,i love you 💓,5,0,9.1.80.2221,2026-09-08 23:36:12,,,9.1.80.2221
f0841dd9-0d7c-47b2-b879-45e896b2e726,Thipe Morena,https://play-lh.googleusercontent.com/a/ACg8ocJvRSjHBArBLVJSEUSWUDMEnh1d-Makgp9UEHOvCHvFdeHUrA=mo,Excellent 😊💯,5,0,9.1.80.2221,2026-09-08 23:35:15,,,9.1.80.2221
a0c385bc-1964-4a69-9e6d-10b10a5e4cb1,Warren Auger,https://play-lh.googleusercontent.com/a-/ALV-UjUClcsxtU4WHmdTmre3SGjYiR3z_rfIgBU3yQaodTyiYWzVGNw,awesome..I love this music,5,0,9.1.80.2221,2026-09-08 23:31:20,,,9.1.80.2221
edc4ea25-876d-4393-9b6f-7ac8af6f8b0f,shahadul alom,https://play-lh.googleusercontent.com/a-/ALV-UjUW04-YB_hLNGadLQ0nYy7u_2gnh9pKJYD0nUmfWdekI_blyMqUyQ,Best ❤️,5,0,9.1.80.2221,2026-09-08 23:31:07,,,9.1.80.2221
514efb98-49ac-4ea4-8727-3e1166d67948,bhavik Choudhary,https://play-lh.googleusercontent.com/a/ACg8ocKwKfhyOwCOrzJKiutF_-YN9HKqQKmAVgne5ZPXtvVuCASkjw=mo,In one day only one time we can play a song if we want to repeat the song they will charge subscribtion.,1,0,,2026-09-08 23:28:42,,,
378d4209-c3d5-4673-9516-10187f39755d,Ivmorel Vyent,https://play-lh.googleusercontent.com/a-/ALV-UjXujYL0UtQHWeXSglgPvounVuWpPVPUoJkcRad-EnDCVpaES3zY,nice,5,0,9.1.78.2218,2026-09-08 23:27:42,,,9.1.78.2218
6285c7a1-e0f5-4f6b-80e2-94be0e951767,Kristine McCullough,https://play-lh.googleusercontent.com/a-/ALV-UjW1AKMkhUYjeecZhV-ephBUERhP-l8Og8lalCSV4eg4K5PS4CT5,"The app is good, it stop most of the ads.",5,0,9.1.80.2221,2026-09-08 23:27:19,,,9.1.80.2221
fc1ef3cf-94e5-42c9-a728-15f7c44fd703,Rae Maie,https://play-lh.googleusercontent.com/a/ACg8ocLBnnBskBVvpeu9FLfOOJZ7wOZIq2RtpwUabpT3duYfOIAZbw=mo,Spotify is a good app to upload your songs,5,0,,2026-09-08 23:26:58,,,
7f319e26-954a-4c2f-b540-e33d3a197c23,Mehedi Hasan,https://play-lh.googleusercontent.com/a-/ALV-UjU42rDH7oDMIdmmbLBOdUpMoyU1Rar0eOiQ8Vzzy9zloAFcuoL75w,Super app,5,0,9.1.80.2221,2026-09-08 23:24:53,,,9.1.80.2221
a8704acd-5866-47a6-97b5-5614b0275ee1,Mike Burt,https://play-lh.googleusercontent.com/a-/ALV-UjUyhgNBi9JjrcBFC2H_6eFmWWrPc3LALJEo12FE2mb2Ubojdnts,songs now randomly play instead of continuing through my playlist - changing shuffle settings doesn't fix they're issue either,3,0,9.1.80.2221,2026-09-08 23:24:27,"Hi! If you're on Premium, you can turn off ""Shuffle"" to play your tracks in order. For more details, visit support.spotify.com and search for ""Shuffle play."" If you need further help, you can contact our Customer Service team on the same site by searching for “Contact Us.” They’ll be happy to assist you.",2026-09-08 22:24:18,9.1.80.2221
230ce1cb-f144-4a1a-82b0-3195ad4fd95a,Mungoma Joseph,https://play-lh.googleusercontent.com/a/ACg8ocLWYcASpozxYH6ZFBDlxikHuUVARXnRAw3mzdhDkmeB0VFnJg=mo,so excellent 👍,4,0,9.1.76.2055,2026-09-08 23:24:13,,,9.1.76.2055
3615ff1b-0141-4f5b-ac12-42933374b9d8,Nalaka Bandara,https://play-lh.googleusercontent.com/a-/ALV-UjWjuQSiiyD3OJgEO3Oggqi7j7CzeqpV7IaJXpKdeut2vUMoHbTG,awesome,5,0,9.1.80.2221,2026-09-08 23:24:09,,,9.1.80.2221
f6d94e3a-b1b2-4693-9939-23511bf154e8,Bhavesh501,https://play-lh.googleusercontent.com/a-/ALV-UjVIqnYWpmAIlid3JBl2z2jZcS2-k9vIrdcNlqZg_p9RLfY4eB8p,good 👍🏼,4,0,9.1.24.1739,2026-09-08 23:23:04,,,9.1.24.1739
e9fcb219-8e9e-4d10-b454-9c679a61e857,Sohail Ahmad,https://play-lh.googleusercontent.com/a/ACg8ocIoMohtQNWNC0Vf82ZJquqMGwtemZWOkcrc4dy2rHqdDA3Eog=mo,fantastic awesome 👌 no words to say about it,5,0,9.1.80.2221,2026-09-08 23:22:54,,,9.1.80.2221
aedf3e5e-5cc5-4640-8c2d-603d9915c5dd,Joseph Leblanc,https://play-lh.googleusercontent.com/a/ACg8ocLj6cpq7jo8j6Ga_rEzA-8vqflUeAT27IHontRIfyr5IL0fLw=mo,cool 😎,5,0,,2026-09-08 23:19:17,,,
4aea8663-2122-4c0b-a21d-cfab08c87460,Suman Sharma,https://play-lh.googleusercontent.com/a/ACg8ocJQnCo6u4Gu7MPuFIVby41YiA1X4MVJ957fvohT9iBYkfN4RA=mo,good,5,0,9.1.72.1891,2026-09-08 23:17:34,,,9.1.72.1891
8d8cdab5-5980-41c6-abc9-c74a204fb8c3,Mik van Dijk,https://play-lh.googleusercontent.com/a/ACg8ocIijVsZipiQwN6pvIvOd2nLKQUu1g3ImQT-W-9Pc0SRH8CvzA=mo,"since a couple of months this app gets ridiculously slow. It can take up to multiple minutes to start up the app, or to browse in a album/pick a song. Sometimes the app won't start at all and a phone reboot is required after which again, it takes minutes to load the app. It also has a lot of ""advertisments"" for whatever podcaster is the flavour of the week, eventhough I never used this app to listen to podcasts. I thought I paid to have no more advertisments, clearly I was wrong.. Please fix!!!",1,0,9.1.80.2221,2026-09-08 23:16:59,"Hi. We really appreciate your feedback. This has been the case since the early days of podcasts, and remains true today on Spotify. As a Premium user, you may receive advertising or sponsored messages when playing a podcast, but you can still enjoy ad-free music.",2026-09-08 23:20:47,9.1.80.2221
c7875cf0-5639-4db7-a3ca-acae35318297,Chris Coates,https://play-lh.googleusercontent.com/a/ACg8ocLyes27HkgYq4Ff-vjg0YYdtmUEyuk8mzbdobyS5QBZIqflNQ=mo,Great choice of music.,5,0,9.1.76.2055,2026-09-08 23:14:32,,,9.1.76.2055
c87b94ad-7ee2-4813-9744-409a53ff18a9,Tal Shahar,https://play-lh.googleusercontent.com/a-/ALV-UjWSu98gJG39PSAeSL4ReIas8wu-NhamUW-7YxqHByVMZ3Nw_BmY,"אפליקציה טובה, שירות נוראי. חייבו אותי חיוב כפול ולקח אינסוף שעות של התכתבויות כדי שיבטלו את זה. סיוט",1,0,9.1.80.2221,2026-09-08 23:11:58,,,9.1.80.2221
b71f93df-66ea-42d3-aac7-89af35a6dc74,A Google user,https://play-lh.googleusercontent.com/EGemoI2NTXmTsBVtJqk8jxF9rh8ApRWfsIMQSt2uE4OcpQqbFu7f7NbTK05lx80nuSijCz7sc3a277R67g,Love it. Wish they had unlimited hours for audio books,5,0,9.1.80.2221,2026-09-08 23:11:34,,,9.1.80.2221
f67d55a9-899a-44cd-8155-3bd99c052520,Dan Loaiza,https://play-lh.googleusercontent.com/a-/ALV-UjXL87YzInCISGwOFHO7v5n49qk9XaD1GUi_yFq7XlW9eaqg6E39,Having always issue with the interface. It shows something and suddenly everything changed ! What a poor app design. The videos feature aren't truly essential to me. I am not fan. To disable the shuffle it obligates me to press twice!,1,1,9.1.80.2221,2026-09-08 23:11:00,,,9.1.80.2221
6215ab1f-37c2-4d63-9598-225770047897,Milton Hunt,https://play-lh.googleusercontent.com/a/ACg8ocLbJZmsLTHMNDK0AOcdnuuBm32Jkx239oLyeX58DdVETcHvQw=mo,excellent!,5,0,9.1.80.2221,2026-09-08 23:10:47,,,9.1.80.2221
437c2a4e-5e87-43f7-89e9-030f93d70666,PRIYESWAR J,https://play-lh.googleusercontent.com/a-/ALV-UjUu9twecW1iAQsE4PaB8ZhqkdCj2JeSdIZuqQgXTcANQQkvu3eg,Now not free many adds and control over no songs so why use it...,1,0,9.1.80.2221,2026-09-08 23:07:40,,,9.1.80.2221
1f6088e2-68af-4a3a-92b3-6cfebc5d4c57,David Hanson,https://play-lh.googleusercontent.com/a/ACg8ocL_KEsTbSswfTgkvWnH46SdY7iY55KXXaxp6rQFqMWtueiToA=mo,"The app still freezes too often, particularly when using the phone to control music on TV or computer. Too many ads now but too undependable to ever consider the paid service. Recently the ads are often not in English...",2,1,9.1.80.2221,2026-09-08 23:07:00,,,9.1.80.2221
1dc96ab2-846b-4959-a4b9-a2537c141089,Rozzy Skyler,https://play-lh.googleusercontent.com/a/ACg8ocK-s3Xhw9qznqhE2EcJzzXD28WQb-w3FOf0Vl3rXCtiYSE336M=mo,pretty good,5,0,9.1.80.2221,2026-09-08 23:04:53,,,9.1.80.2221
88452d8d-6c02-4366-a57e-29c344bd4204,marsad choudhury,https://play-lh.googleusercontent.com/a-/ALV-UjXe_mq6eU9O1QiIoqF8ZZcX7JUP22D0jAGy8KbGxg0ez6TbyrE8,champion,5,0,9.1.80.2221,2026-09-08 22:58:50,,,9.1.80.2221
9e470e28-a595-4a70-a72d-205de33e89ed,Arjanita Beshiri,https://play-lh.googleusercontent.com/a/ACg8ocJtm7VbiD3EMEyLGNIqkqZonjs2eJ5xGrq2K_Ol70SDsJug5A=mo,very good app but it has so many ads and doesn't work without WiFi,3,0,,2026-09-08 22:58:32,"Hi! We welcome your feedback. If you’re on our free service, you can only enjoy music while connected to the internet. To experience ad free listening, download music and listen offline, we suggest exploring our Premium plans at spotify.com/premium. If you haven't tried Premium before, you might qualify for our trial.",2026-09-08 23:22:27,
fc077176-77cf-4ba8-bd6f-e989c0f095c5,Arpan sandhu Arpan,https://play-lh.googleusercontent.com/a/ACg8ocLZCQNiYU5FEJdVx2L4GkGDZGvJTp2pqDNt27AAgKJmkd3RWw=mo,bekar 🤣 app ads he bohot ateh hai kis bewkuf ne isko bnayea hai bai jisne b bnaya hai isko bai delete kar dena 🤣,2,0,9.1.80.2221,2026-09-08 22:57:30,,,9.1.80.2221
5af47700-a79c-4d43-b1ac-4f50816e2993,Abhay Kuamr,https://play-lh.googleusercontent.com/a/ACg8ocIZc1LFt5i_L3CgTZ7p-Oo35EcG6_jGyD7qADbX-Z6ii9TRkQ=mo,iam very happy 😊 visit by spotify,5,0,9.1.80.2221,2026-09-08 22:55:20,,,9.1.80.2221
78da7360-8ac8-439b-8725-a7e764c017f0,Pankaj Modi,https://play-lh.googleusercontent.com/a-/ALV-UjVtmtd3XjsmIMmp9ZqSq4Z9IqqdCcSVGfAa8SaglsI47tBIZjI,this app is best in my life for music,5,0,9.1.80.2221,2026-09-08 22:54:07,,,9.1.80.2221
077d1d0a-83ab-4550-92db-95d2dd2f6f96,LaBrenda Arrington,https://play-lh.googleusercontent.com/a/ACg8ocKQlXFbUAeG_Yg5tg0Ht5O2Zq3KXpOWstDC9sLDbhSsShdRQA=mo,I love Spotify!!!! All different types of music for whatever mood you are in. It's free and I can't believe it but I use it daily and pay nothing.,5,0,9.1.80.2221,2026-09-08 22:52:15,,,9.1.80.2221
a6efc883-9acc-4d84-90da-2709ef748816,Athan Michael,https://play-lh.googleusercontent.com/a/ACg8ocJ1w_uuytLhu-s7YvTcLvl7Co9zxfJHX35JzewbaoxjHFxOUA=mo,Best streaming Platform,5,0,,2026-09-08 22:51:55,,,
eeb7236c-238c-420d-aad1-391e5c3bee79,S C,https://play-lh.googleusercontent.com/a-/ALV-UjWz9nHNe6HVGgn-FDqPFznRycfe8cWEhCj0sOXkRTV9a8T8I2LL,"Selected 'low quality' 0.02G per hour, as I dont have much data left on holiday. plays at 0.14G per hour. its a simple feature you added to 'improve things' lol. Previously could easily connect to 2 BT speakers, great feature. Gone. Can you please explain why you are charging for such unfinished bug ridden software? No i won't reach out yo customer services who never reply, answer here please",1,4,9.1.80.2221,2026-09-08 22:51:23,"Hi! We're always looking to make some improvements, so we really appreciate your feedback. Furthermore, to reach our Customer Service, search “Contact Us” at support.spotify.com.",2025-08-23 21:06:42,9.1.80.2221
77e79f4a-a010-489c-b667-09b662aa4380,Aireona Aron,https://play-lh.googleusercontent.com/a-/ALV-UjW4hJ0VhzAPsSj3E9KCZezluBkwNroH3PbqUGGhECF0fbgs0aOHzw,Pretty awesome.,5,0,9.1.80.2221,2026-09-08 22:50:33,,,9.1.80.2221
1cc8d156-9794-4f11-b6fb-94d2d87983b4,Limanenla Jamir,https://play-lh.googleusercontent.com/a/ACg8ocLtFHDGWemK6A5sJ4bOMGED-36Wv0hr17KKGlAPsF5XOyTPxA=mo,very good,5,1,,2026-09-08 22:49:27,,,
6944e7f7-2166-478e-85ca-6f2df18b9d78,John Dira,https://play-lh.googleusercontent.com/a/ACg8ocJvTigVSfYfr7ZEfPKABaA_7In2Neaf6cteK52HVH9ETFv2Dw=mo,"I love the app, plays good quality music and it's very flexible when you want to shift through different kinds of music. I just don't like the many repeated adds.",4,0,9.1.80.2221,2026-09-08 22:48:20,"Hi. Thanks for leaving a review. If you’re seeing repeated ads, we recommend trying a quick reinstall. If that doesn’t resolve the issue, reach out to our Customer Service team at support.spotify.com by searching for “Contact Us.""",2026-09-09 00:46:37,9.1.80.2221
7d68f9f6-8cc2-41ee-99c8-74098cb4c38b,praful kayal,https://play-lh.googleusercontent.com/a-/ALV-UjWTeG9L92fozPC4iStNsDEbTlbXkUuReJS0qMKQ7lX1IaR1Q3tLow,not many adds really good,5,0,9.1.80.2221,2026-09-08 22:45:18,,,9.1.80.2221
6997fe1c-e003-4afd-a9eb-75b9f7284af0,Sheila Steinbach,https://play-lh.googleusercontent.com/a-/ALV-UjXDjcLWc0DMjfpvMDlQduAuDADWk1PHsl8OIW-zKUaVL7CXfpg,i love being able to listen to my favorite songs as I work.,5,0,,2026-09-08 22:44:56,,,
11e51457-4d22-47ed-b039-5e1fae113b1e,Shubham Malhotra,https://play-lh.googleusercontent.com/a/ACg8ocIJ2Mfryra03owdyllIR0IKvZ92vctZQuU9HG_qnwux4nsWTg=mo,Awesome,5,0,9.1.80.2221,2026-09-08 22:43:19,,,9.1.80.2221
50803ec2-f39e-453c-bc45-65bdbe4f0d7b,Hi Man,https://play-lh.googleusercontent.com/a-/ALV-UjXqeCxLZ8KkDxd0Vv5a5N8j2LO69gMH5aXBtPSBDLASrniIOsI,After every 2 songs there are 2 ADS?! like comeon do you want us to enjoy the music or the ad?!,1,0,,2026-09-08 22:42:43,"Hey. We hear you and we'll pass your feedback along to the Ads team. For an ad-free experience, we'd recommend checking out our Premium plans at spotify.com/premium. If you've never had Premium before, you should be eligible for our trial.",2026-09-08 23:01:44,
133f27ce-10c5-4eeb-8669-88b6a73724b5,Ganesh Sandbhor,https://play-lh.googleusercontent.com/a-/ALV-UjVqq3QbBnllFelk9_YDP7znuWe0KU707-YvbDhYwweL201PzFU53g,it's so excellent 👍,5,0,9.1.68.1888,2026-09-08 22:41:35,,,9.1.68.1888
c3301a07-e3bb-4ebe-bf0f-ece038021e3c,P Naresh kumar,https://play-lh.googleusercontent.com/a/ACg8ocKMao4NMYqohzrurgQ0txdLKjpV93qJ4SurHd4RlqBaEdFijQ=mo,super ads playing app app was so bad because I haven't skip part of song. Second is i have no free to choose particular song of album then show take premium. In my friend phone Spotify app my problems all are freely access to my friend,1,0,9.0.18.604,2026-09-08 22:40:31,,,9.0.18.604
1495f88b-601b-4502-bef7-35134bb15d6b,Bhavya Army,https://play-lh.googleusercontent.com/a-/ALV-UjUGjl2128c5GV3_25UVNTStAXFZlsNbwX7JZU-M1gKO-ljkWnk,It has become the WORST app now. Listening to music was so much but now they're all just money hungry. Now it's just full of ads and they'll basically force you to buy premium. Now here's a certain limit of how many times we can choose to play a song and it's i guess 6 in the entire day. We cannot even choose the song we wanna listen to? What is the point of this app then? We can't even play some specific parts of the song without having premium. Uninstalling this app. It just gets on my nerves.,1,1,,2026-09-08 22:37:50,,,
e74403b7-992b-4280-ad03-c406e3c2e34e,Kirabo Briella,https://play-lh.googleusercontent.com/a/ACg8ocJvMnLHIIk5N3A20t8EcReukr1N_tBSkSgXttkmmPbmZeBOkQ=mo,"too many ads, the absolute worst if you dont have premium",2,0,9.1.78.2218,2026-09-08 22:33:53,,,9.1.78.2218
27172375-8412-48b4-b62e-b1e65fb22fcb,MeiMey “MeyMei” Khadimallah,https://play-lh.googleusercontent.com/a-/ALV-UjVa4yM4eju3Yjsw5MfpbiaBhUuqVSoAhd1q7-LSiowfg-_gg2s,too much ads and why doesn’t it function when u travel?! why did it change and now I can’t listen to the musics I want to,1,1,9.1.80.2221,2026-09-08 22:33:52,,,9.1.80.2221
9d6cad04-4eae-4a21-996c-2e0177520e47,Piral Shah,https://play-lh.googleusercontent.com/a-/ALV-UjWaXeOntEenSDwaRSN265xS2QQZKOMb95-TOGqu6kTj_ZSdM7hUMA,I find this app absolutely stunning. I listen music over this app and enjoy.,5,0,9.1.80.2221,2026-09-08 22:33:26,,,9.1.80.2221
1ca71112-ad99-4198-8889-c64bbaea3e8e,Dan M,https://play-lh.googleusercontent.com/a-/ALV-UjUwwPi_4YrrdMaDfBp8lw_RtWAJcBHOkjQysX7PS6Wa4lWuMdQEWw,No option to disable the squiggly progress line. Annoying aesthetic,1,0,9.1.80.2221,2026-09-08 22:32:36,,,9.1.80.2221
4510778f-be06-45c0-bbe4-6b2503c6308c,Mahesh Bunkar,https://play-lh.googleusercontent.com/a/ACg8ocIRrY3ijsF5T9jTB-mjCiKaE5YnXwEWFHeGlhdmTE61MkyzKg=mo,good but adss😫,3,0,,2026-09-08 22:32:19,"Hi. Thanks for sharing this. We hear you and we'll pass your feedback along to the Ads team. For an ad-free experience, we'd recommend checking out our Premium plans at spotify.com/premium. If you've never had Premium before, you should be eligible for our trial.",2026-09-08 23:04:07,
c9736f6d-c85c-4223-97b7-e3430c68c98d,Ali kareem,https://play-lh.googleusercontent.com/a/ACg8ocL5dhq1TwobSAnEFlTxuqln49Q5Nde7Zf6zQvYolSmExd8_cA=mo,peak app genuinely one of the best apps especially if you have premium but if you don't have premium it's not that good but it's peak tho,5,0,9.1.80.2221,2026-09-08 22:30:07,,,9.1.80.2221
83c8a618-f493-4694-a399-994a1aa5ae0e,Trish,https://play-lh.googleusercontent.com/a-/ALV-UjWSO-B8lKs-sicBbrt7GwQVjNu79qOoQf3TaakN4G6FlnBHC28,I love Spotify it's a very aesthetic comfy app.. but the think is that it's add and non premium version.. we can't even choose songs infinite time... and not even can download... and have many problems but it's good overall when I'm happy I came here when I'm sad i came here when I have to cry I came here... my favorite bts all song I can here whenever I want 💜😌❤️‍🩹,3,0,,2026-09-08 22:29:32,,,
5b520936-771c-4fe3-9be1-e08b0e6c68d8,Viraj Kale,https://play-lh.googleusercontent.com/a/ACg8ocJDLA0g9DWTl68wrukCyIPwmOy9F4pz58b_lyvk7RlT0d_rZQ=mo,nice,5,0,9.1.78.2218,2026-09-08 22:27:24,,,9.1.78.2218
537efc3d-446a-4516-aed6-1566d9b6defb,Dakshraj Purohit,https://play-lh.googleusercontent.com/a-/ALV-UjXqwmSX8I3aUzUly_MYuctF8qVaYcjbiMfGV0pMkmd-YsN70M8n,only good buy the premium of it,4,0,,2026-09-08 22:24:58,,,
d20a1da3-910d-45ac-8f4f-352dd7053279,Krishna Pruthi,https://play-lh.googleusercontent.com/a/ACg8ocKzHgS-Sv0nX3kehm81SNfgUujt6TrV3jWJiPRnXMKF1M2wfA=mo,this aap is so useful,5,0,9.1.68.1888,2026-09-08 22:24:03,,,9.1.68.1888
6329163f-b7a2-47fc-9826-42d95dfaea28,Sindhu,https://play-lh.googleusercontent.com/a/ACg8ocILtBwlvCB8J7eFOgQsaQHDhVvoY0LGGAQly5ujtvx5Ce398Q=mo,don't ask primi to pay amount,2,0,9.1.80.2221,2026-09-08 22:23:20,"Hi. Thanks for bringing this up. We're open to feedback, and we'd love to get some more info about this. If you have the time, give our Customer Service a shout. You can find them by heading to support.spotify.com and searching ""Contact us"".",2026-09-08 23:22:09,9.1.80.2221
93fd49ec-e53a-44a6-8e97-7e7fb83421ec,Onele,https://play-lh.googleusercontent.com/a/ACg8ocLNGWKt_gfrm5vy3JHJxevK9I7g9ej7wl_Sp7mph8Hxkjcj=mo,best,5,0,,2026-09-08 22:22:57,,,
009d2acd-d494-43a8-ab4b-2f7d7b53a316,Mthobisi Maphumulo,https://play-lh.googleusercontent.com/a/ACg8ocLchGZgt6Czp3X1C7wxKNOTJoZIFZ_rElAxwiT7DTn-I20Mvw=mo,good,5,0,9.1.80.2221,2026-09-08 22:22:32,,,9.1.80.2221
1b873577-c72d-4366-b82e-2793d20525e9,j,https://play-lh.googleusercontent.com/a/ACg8ocKTSKExlgq0qp5wv_Ni3cogAYDAtfsx3HxfRyECjWvtFRLrTQ=mo,wish this app didn't pay to bomb kids in other countries. try other music apps like Pandora with better ethics. -5 stars,1,0,9.1.64.1676,2026-09-08 22:22:09,,,9.1.64.1676
6a26e3ae-eebf-4833-a0d4-edbe320ac451,Umar Farouq Hassan,https://play-lh.googleusercontent.com/a/ACg8ocKRtKtBGO2A-Jc2o2POWCj9dzHFG1GOXG-tg8nG7xZchoaIgA=mo,just the best and cheapest,5,0,9.1.80.2221,2026-09-08 22:20:23,,,9.1.80.2221
8aaa83fc-5531-47a1-8695-61dedaf9d70e,Mobile vivo,https://play-lh.googleusercontent.com/a/ACg8ocIYfaaEN75WwcD0TBQaSVj555DRgrNaQT3vwN0gq0hrf2Uzbg=mo,it contains more ads than youtube . even youtube is better than this.,1,0,9.1.80.2221,2026-09-08 22:18:53,,,9.1.80.2221
62502a8e-10c9-4272-bc04-6df3f1d9902f,Nitin,https://play-lh.googleusercontent.com/a/ACg8ocJrxxq1Mlab45zGPiQcZ9woFXDN232tvWkxW-k3upYogpEN7w=mo,"Too many third class ads, the other YouTube. Shame on those who run it.",2,1,9.1.80.2221,2026-09-08 22:18:45,,,9.1.80.2221
3501ac36-26ef-4534-93fd-40813dc76e4c,Mike Tshamba,https://play-lh.googleusercontent.com/a/ACg8ocLFX-IyuwuaNsQdKETyTRPiBRPGwUE-o3DE-epUsjN68Q9nug=mo,"The best music /sound app you can use . It can get u any kind of music u are willing to listen to , whether it's from a memory or just from your imagination,from your mood to your weather ,from oldest to latest songs. It also consists of motivational speeches/ voice note , healing 🩸❤️‍🩹sounds instrumental songs/ music ,news , podcast , poems👌🔥❤️ anything u can think of . #best app# go spotify",5,0,9.1.78.2218,2026-09-08 22:17:12,,,9.1.78.2218
a1e53976-9424-4569-800e-a641f2a340d1,Karthik,https://play-lh.googleusercontent.com/a-/ALV-UjW7vzxCOdROeNQGQ93nWoSzkwR1kCAm4YOtK2hMfQtp8o8uWY0,excellent,5,0,9.1.80.2221,2026-09-08 22:13:27,,,9.1.80.2221
765a04ec-fcc4-4618-995b-598751d0f3aa,Findlay Thomas,https://play-lh.googleusercontent.com/a/ACg8ocKHhiBqMjqyRXOb5O98-ELcV-e47KA1gm6oXfpBapF7WwuhJQ=mo,pretty good,4,0,9.1.80.2221,2026-09-08 22:10:48,,,9.1.80.2221
70b10e6d-f0a2-4ea4-8b62-b987e26b01ba,One Plus,https://play-lh.googleusercontent.com/a/ACg8ocJtjfRlbLtWwvRVmbelc1A_UDTYx1tSJnuFGrw0A16iqFC2Vg=mo,"Where's the Reload button? (when the internet connection dropped and came back) I opened a podcast from a notification, only to find that I cannot get back to it, because it only says ""Looks like there's no connection"" and ""What you've downloaded to your library"". Where's the title of the podcast? where's the link to it? where's the Reload button?",2,0,9.1.72.1891,2026-09-08 22:10:11,"Hey there! Have you tried a quick reinstall? If the same issue persists, we'd recommend reaching out to our Customer Service at support.spotify.com. Just search “Contact Us”.",2026-09-08 22:20:05,9.1.72.1891
ea2e6853-c3c5-47e7-8638-709df4660ea0,Raihan,https://play-lh.googleusercontent.com/a/ACg8ocKgrSacqOKx0TgvqAZcngSxJSOrVsCmRfDZQbEWZ84gq25rEg=mo,love it but the ads keep on showing up after 1 song,3,0,9.1.80.2221,2026-09-08 22:09:38,"Hi. We'll pass this on to our ads team. Furthermore, have you tried a quick reinstall? If that doesn't help, you should give our Customer Service a shout by heading to support.spotify.com and searching ""Contact us"". They'll help you report this.",2026-09-08 22:21:05,9.1.80.2221
1d5eb4a9-b4c6-4f44-b936-62e0921fd438,Waseem Saeed,https://play-lh.googleusercontent.com/a-/ALV-UjWEAvJBNDT7p4zrszDMqtHVk0eLgrRRcfGQ8YAGeU3ni90LVWTR-Q,good,5,0,9.1.80.2221,2026-09-08 22:06:32,,,9.1.80.2221
1e11e68a-9365-4f7b-953d-bb2ca348d8d8,Mark Anthony Wilde,https://play-lh.googleusercontent.com/a-/ALV-UjVdCBRD8PHHJ8YuveSdixZTmvT68e2GSYH1Go-qHLIZFPt43hYqvg,Never lets me down💜🙌🙏,5,0,9.1.80.2221,2026-09-08 22:04:28,,,9.1.80.2221
d2d552f4-7481-408e-a0f3-9d066811cd06,Afrid,https://play-lh.googleusercontent.com/a/ACg8ocJL7QJyYCb2SOO1fFrzOlg0uTgqdlWaeY2uTRvKq8tt03LxLw=mo,"Bring back the time capsule, listening stats is soo bad",1,0,9.1.80.2221,2026-09-08 21:52:43,"Hi! We appreciate your feedback. Your Sound Capsule experience is now evolving into listening stats, where a more dynamic way to stay in tune with your music is offered. Visit newsroom.spotify.com and search ""Spotify’s Latest Feature Charts Your Week in Listening"" to learn more about this feature.",2026-09-08 22:20:38,9.1.80.2221
61af1e6a-2df3-4fad-bee5-8b41f82a0968,Akul,https://play-lh.googleusercontent.com/a-/ALV-UjXNjkUUjnejUzJUTS8id1BeIUNcnibVsigSc_RWaxCf-tZ54is,please bring back the old playlist edit options plsss🙏🙏,4,0,9.1.80.2221,2026-09-08 21:52:24,,,9.1.80.2221
3803a6d6-5b1c-4276-9007-6587400c05c0,Benji,https://play-lh.googleusercontent.com/a/ACg8ocI5OcMcs9HeCRnWJyl3qrZMgbLGHhzPQZOZ37ut09CS5yDPHlM=mo,one of the best 👍🏽,5,0,9.1.80.2221,2026-09-08 21:51:53,,,9.1.80.2221
65cdefee-add1-467b-a34c-8f3db002db3b,Vinit Pandey,https://play-lh.googleusercontent.com/a-/ALV-UjVzIV71CAW6j3LFlGpQhdSQXmu7wzhUGJC5fCZzV0bBhIyT89Ci,❤️❤️👌👌👌😍😍😍🤩🤤,5,0,9.1.76.2055,2026-09-08 21:50:46,,,9.1.76.2055
b594a045-cef4-4f4d-903d-2e72b7da6ee4,Hari,https://play-lh.googleusercontent.com/a/ACg8ocJgWoFd_lTSJ6CB7IANUW4fbyvWNkv3L3SXqcV8mOy1XJ6eLQ=mo,Nice,4,0,9.1.80.2221,2026-09-08 21:49:51,,,9.1.80.2221
7b32dfd0-e604-4954-b200-451f020289ed,Hafy,https://play-lh.googleusercontent.com/a-/ALV-UjVmEJ3QIpXqgSDqBotMGHc0ow1eJi1xbmcuvvnOJfgU8grdyw,"Such a big scam, paying money for only to ""having a full control"" on songs to just to listen to it. Not recommended",1,0,9.1.80.2221,2026-09-08 21:49:41,,,9.1.80.2221
3fb0c720-b0ab-4f01-ac3f-075feb1987e4,Lisa,https://play-lh.googleusercontent.com/a/ACg8ocKpxg6hMkMuocg_92WBGWnShaIJYznLiagjHgGdTwgjFOJ1lg=mo,it uses less data and battery then youtube music,5,0,9.1.78.2218,2026-09-08 21:49:34,,,9.1.78.2218
e699c485-9a2a-4862-aa83-8b24f4157c5d,Vijay Kumar,https://play-lh.googleusercontent.com/a/ACg8ocIHFlv-Wm9ywQqZNikzEOKxK8jsbWs6V-kat2aQ9RbTJSRTJA=mo,best hai,5,0,,2026-09-08 21:48:56,,,
4e6638ed-32d1-4370-ba05-be813efa956c,Dhruvil Chaudhari,https://play-lh.googleusercontent.com/a/ACg8ocISLLY2Kghs8g7FMWLTdpodL4KLNenu2RlwITxNkRn4pzQHAQ=mo,too many ads but a wonderful application and features 🥳🥳,5,0,9.1.24.1739,2026-09-08 21:48:10,,,9.1.24.1739
40b56359-8aec-4b3b-90ac-bd50f1a78ae0,Blair (Necrowhore),https://play-lh.googleusercontent.com/a-/ALV-UjX3K5iirhmIwrkZiNvYa9utqCGZ5UfVTPojSlZgLFXLajIRoLlw,"way too many ads, basic listening features are locked behind a paywall, adding songs to MY PLAYLISTS without MY consent should literally be illegal. I don't care if it's buried somewhere in your tos or agreements or whatever, it's ridiculous. Plus, a LOT of songs just aren't available due to ridiculousness such as regionblock. I don't know why anyone in their right mind wouldn't just use YouTube since it's way less intrusive.",1,0,9.1.80.2221,2026-09-08 21:47:40,,,9.1.80.2221
598e036c-fdd5-46d5-bbcc-4ef36db8f437,Jan Grünwaldt,https://play-lh.googleusercontent.com/a-/ALV-UjUEAaQPFCMkzwqELKYveKwbah1R_MtfD5Ycc4y8TFrAOqTkzeQiQg,"2026 and we don't have search for songs in a single playlists, or in all playlists. what are you guys doing all day?",1,7,9.1.80.2221,2026-09-08 21:43:56,,,9.1.80.2221
e1e8b509-55fb-4d40-82aa-a1f0c72d36d9,Nathaniels Nyatika,https://play-lh.googleusercontent.com/a/ACg8ocLPTQeP_mmcFqB2ZnDeG140joQLs94dlLn6oxLSFU8s4bOJXA=mo,the best song experience you'll ever have ...picks out a whole cool playlist just for u ....best music and podcast app you'll ever need✅️,5,0,9.1.78.2218,2026-09-08 21:42:00,,,9.1.78.2218
8b9c2197-437f-4788-845b-08d4130aef2d,Dee,https://play-lh.googleusercontent.com/a/ACg8ocJbJSeyk6960GnhF3dqimGqq6mbWRFG68X5mOWCOW9gCJ6iq24=mo,wonder-Full,5,0,9.1.80.2221,2026-09-08 21:41:36,,,9.1.80.2221
f5fc26b9-ac23-4ef8-b4f9-4c18cd5badc9,Brandon Kuria,https://play-lh.googleusercontent.com/a-/ALV-UjXnL0U9w1gkV6_YtECqiN49QRTrUw6lqNJ4Vj9dZoSwXc55TJI,I love it it's just I don't love it because of the ads popping up ads 😔,5,0,9.1.80.2221,2026-09-08 21:41:17,,,9.1.80.2221
bf686221-9966-4d69-8022-baea6b27d54a,Krishna,https://play-lh.googleusercontent.com/a/ACg8ocJiYblFbE6b3fVvLTw2MJQDjKm5g3h2UYCxr72BxKWm512K7Q=mo,but cannot use without internet and show take premium too much time that irritates me and advertisement is also too much please Spotify prove these things after that it will the best and my favourite app ever I used this is my favourite app but these are the three things I didn't like about it but this app is also best for listening music and all it is best but please improve these things after that it will good for us thanks for listening me,4,0,9.1.78.2218,2026-09-08 21:40:06,,,9.1.78.2218
0833766e-46f1-4c9a-9005-608d6677882e,Sarita Agarwal,https://play-lh.googleusercontent.com/a-/ALV-UjVGLWEieo4DAEhWs8OBXnwd6OFqAGTV3AWFN-kTQh_WqiArWtnD,very God,5,0,9.1.80.2221,2026-09-08 21:38:30,,,9.1.80.2221
52953671-fdbf-4ffe-b8d3-63e55bac11c9,Terry Nwaeme,https://play-lh.googleusercontent.com/a-/ALV-UjWrXp6RTLwbpz-1OvazVROZ8KGfknuGWzHO0vPFr5lZdJVJ4S7uhg,All my audio needs in one place for a pretty good price seems like the deal of the century. I love it!!,5,0,9.1.80.2221,2026-09-08 21:36:43,,,9.1.80.2221
414dd2c3-67af-4c31-9c55-87f726be34c1,Thalafan-girl-03 Gobika-2006,https://play-lh.googleusercontent.com/a/ACg8ocIjYGnhBwxZTP2VllH0SXEJArNyTdHy0JvDEjHDgjultGSzPQ=mo,very nice,5,0,,2026-09-08 21:36:34,,,
3761cb9a-80e9-40da-be0c-a17958059505,Row Bob,https://play-lh.googleusercontent.com/a/ACg8ocIQgbjp7FLtsecWCFbAU0qox7P8caNyDO-3P4YL82GnpaX3Cw=mo,"Too many adds, cant enjoy the app without subcribing. hate this app so much but I'm forced to use it because it already have my playlist and I'm too lazy to make a new playlist in anoter app",1,0,9.1.80.2221,2026-09-08 21:36:13,,,9.1.80.2221
8203d8c4-56d4-44bd-9f2a-a15aad8581ae,Vishnu P,https://play-lh.googleusercontent.com/a-/ALV-UjWuxNWYh_KM0g7Qe5R_Uued6nHPjAN9OvRPaG53dXvOUZvR7Js,Took Spotify Family pack only good thing no ads but fked up application mixed up songs with different languages with similar titles if I play Kannada songs it'll play other regional song Mixes up with lyrics irritating so cancelled everything Purchased Jio saavn thank God ✋🏻,1,0,,2026-09-08 21:34:51,,,
119a541e-02fc-42ec-a8f8-08178e57ce99,Sophie Jeff,https://play-lh.googleusercontent.com/a/ACg8ocI1muo648sreLRfEGSzwHHdBeeZqLYMZuajbwGMtNfBJr92bw=mo,perfect for listening to. music,5,0,9.1.80.2221,2026-09-08 21:30:45,,,9.1.80.2221
9b2e04ff-2463-4eb6-b870-6aec0b54ad49,Ria Aadhi,https://play-lh.googleusercontent.com/a/ACg8ocJ7M0AuQ32MToZsHaa1owQZSm9U1lhwEDwgfoz_xxg2yMxgmg=mo,i want to remove the ads please we request you 🙏 🙏,4,1,9.1.80.2221,2026-09-08 21:30:44,"Hey! We hear you and we'll pass your feedback along to the Ads team. For an ad-free experience, we'd recommend checking out our Premium plans at spotify.com/premium. If you've never had Premium before, you should be eligible for our trial.",2026-09-09 00:35:46,9.1.80.2221
a00640b4-861d-4af5-b7ef-4bda0824ee3a,Steve Forum,https://play-lh.googleusercontent.com/a-/ALV-UjV8igHu5fVPEDoCcksgEohlg7qJUHRtJlgvagZhXXeJlNe97nOEqw,"Highly delighted with Spotify. When I first tried it, it was far far better than I'd hoped for. It's one of the best things, and best apps on the Internet. I am amazed how good it is. I also find that Spotify commercials are not annoying like many are today. I love it.",5,0,9.1.80.2221,2026-09-08 21:29:06,,,9.1.80.2221
e9a0468c-bffd-49eb-9d19-f1f0e3995c7e,Kiwanuka Jeremy,https://play-lh.googleusercontent.com/a-/ALV-UjWzmzBT1pBhpQyhHqD9YDOM4_bxxudzRyIi6bSP132hmPM2xHci,peak,5,0,9.1.78.2218,2026-09-08 21:28:01,,,9.1.78.2218
0ca3d1c6-f894-4000-bd3d-c99b2a17af11,Rikooo,https://play-lh.googleusercontent.com/a/ACg8ocJYenN1f7r0dJow8KzVtRO9UTDiSoi1DWc_vgDa_iOEv5oRCg=mo,"Its a good app for music but sometimes it just won't load, even when I update or restart my phone, the app won't load when I click onto the icon or open it in the appstore. It has been doing this for days on end and it says music is playing even when I cannot hear it playing.",3,1,9.1.80.2221,2026-09-08 21:27:14,"Hi. Thanks for proactively trying some troubleshooting steps. Have you tried doing a clean reinstall? Steps for your specific device can be found in support.spotify.com - search for ""Reinstall"". If that doesn't help, reach out to our Customer Service by searching ""Contact Us"".",2026-09-08 21:55:58,9.1.80.2221
b209ef0a-3ece-4b42-9881-a2712596d212,Parikshith P,https://play-lh.googleusercontent.com/a/ACg8ocIANhYlVSzQhgczime209AmllBQ_rXOQXL8EYDFinSav0QYlw=mo,Excellent musics,5,0,9.1.78.2218,2026-09-08 21:26:34,,,9.1.78.2218
10e7f4f9-7102-4965-b92c-426154eccd1a,Amy Bates,https://play-lh.googleusercontent.com/a/ACg8ocKpoeGVEYH2QR3sY5tU7IgolGGc17__eODWD9msZPi0Obrc2A=mo,I can't live without my Spotify,5,0,9.1.80.2221,2026-09-08 21:22:03,,,9.1.80.2221
d5265d98-5983-459b-a495-662c9f4bce77,Steven Oslund,https://play-lh.googleusercontent.com/a-/ALV-UjWAVJssmoN2OpSvirnQbVpCrPwmG05du1gZmDlRP_9VJ34csqs,Spotify: I'm a decade long subscriber. Best streaming service available. what else can I say...it just the BEST,5,0,9.1.80.2221,2026-09-08 21:21:24,,,9.1.80.2221
89ca008f-8316-4b46-84ef-c020dbcbc56e,sharmila bhardwaj,https://play-lh.googleusercontent.com/a-/ALV-UjX00uiHp1M6sRp9DFbbsKI9Cm8FTd06le68M7kOqs6D0aznVygn,excellent app,5,0,9.1.80.2221,2026-09-08 21:19:39,,,9.1.80.2221
18b2321f-8581-42cd-ba48-b267f9290544,Sherri Watts,https://play-lh.googleusercontent.com/a-/ALV-UjWzNLc86a3yNMg3n0H7hfvzRmcl0VB1zXYmZciBUy8F3IjJJcQ,just found my favorite show that doesn't come in with my antenna wings in my window. I'm forever grateful for this!! I can't get WiFi to work because of my worldwide hackers and moved to a place that does not offer cable TV.... and I really cannot afford it anyway. I hope to get other favorite shows too. I love all the music too! I love how I can get my favorite music and put it in my alarm to wake up to,5,1,9.1.80.2221,2026-09-08 21:17:15,,,9.1.80.2221
4f72da53-08a5-4529-9870-6c0b5990823f,Rimi,https://play-lh.googleusercontent.com/a-/ALV-UjUGwGFfNwSHdtkF2zHr3h5W0W2gEMJjuh1zuVUpQII2YFIHvdASAQ,do we have to pay just for the app to load faster......,1,0,9.1.80.2221,2026-09-08 21:17:14,"Hi. Thanks for sharing this with us. For the app's behavior, you can try a quick reinstall. If that doesn't help, we'd recommend reaching out to our Customer Service at support.spotify.com. Just search ""Contact Us"", and they'll be happy to help.",2026-09-08 21:49:41,9.1.80.2221
f5d894d9-61e7-4d75-a322-9f0bc5bacb67,Nadiya Maulidina,https://play-lh.googleusercontent.com/a-/ALV-UjW7qSl7Vl_Ol94FnmxMy2pi3snS5Xl9JaeSAm1f0FWhlvzSw3gq,update mulu lu anjir setiap gue mau sposes.,1,1,9.1.78.2218,2026-09-08 21:17:03,,,9.1.78.2218
5b9d1fe6-b851-4334-bfab-350d98eadd5e,Sandy Hiott,https://play-lh.googleusercontent.com/a/ACg8ocLrQRosMk9dViVCHK9P_CtlyJuM1hcsWoJ0u2ClWmHiavNgLPKF=mo,yall force ppl to pay jokes on yall i have a free premium version so I don't have to pay yall,1,1,9.1.80.2221,2026-09-08 21:16:09,,,9.1.80.2221
ecfc9262-69d8-4ed9-84b0-623c966016c9,MOEEZ 001,https://play-lh.googleusercontent.com/a/ACg8ocKO5qCWqebXKYHHRGi4kKKwJNDWSF6-55EeIpNjKk1ak0NUOg=mo,Spotify has been pretty amazing for many years now but they just make it unbearable when one hasn't subscribed for the premium version,5,1,9.1.72.1891,2026-09-08 21:15:33,,,9.1.72.1891
5e3fa8cc-26ca-4180-a516-e979d46f3093,Rupal Maurya,https://play-lh.googleusercontent.com/a/ACg8ocIh9eJoknnLEq3JT6zI-Ff3v6lFqovxeOVLZHjow6ocBPDVKA=mo,Very nice app to listen,4,1,9.1.76.2055,2026-09-08 21:14:57,,,9.1.76.2055
45658906-9fdf-406b-a25d-9c7b649524e4,Nico Dominguez,https://play-lh.googleusercontent.com/a-/ALV-UjWqJJ13qdrPFlyhPWO9zuDJsHD1ZHKngPFohzaNaFLOtWjNmkVJQQ,you kinda have to get Spotify premium to have a actually good experience so you better cough it up or find a alternative app.,4,0,9.1.80.2221,2026-09-08 21:14:18,,,9.1.80.2221
b4e607ac-cc0d-497d-93da-d73e9d688f72,Ian Johnson,https://play-lh.googleusercontent.com/a/ACg8ocIj-FNDsM--wKChEVTQgDikCuGKrLSDVXh6BOEZIwjDIpN2fw=mo,Lighten Up,5,1,9.1.80.2221,2026-09-08 21:14:09,,,9.1.80.2221
8038ea63-b963-4b58-9494-847921a422ef,Nishant Dash,https://play-lh.googleusercontent.com/a/ACg8ocJj09-DtCOS3EnGJUhP3CZOLgecFr3gV4kwF-0ehtKItmNmBg=mo,best app I've ever found,5,0,9.1.72.1891,2026-09-08 21:13:03,,,9.1.72.1891
a9d377cd-004a-415f-9301-7e9750ddf246,Kefilwe Modise,https://play-lh.googleusercontent.com/a/ACg8ocItVbNbg-czkIVnwRFufiFdnL2EIizNmqs3zqO3Gcw4dqhQpGM=mo,I love it,5,0,9.1.80.2221,2026-09-08 21:12:28,"Hey there! Have you tried a quick reinstall? If the same issue persists, we'd recommend reaching out to our Customer Service at support.spotify.com. Just search “Contact Us”.",2026-09-07 23:02:44,9.1.80.2221
289158a6-a538-4f2b-b872-1df0ce9ff4c0,Samarth Singh,https://play-lh.googleusercontent.com/a-/ALV-UjUIo1taq6Wgu6Xsy5zqmgzoGWAxKvHNjh4EXRHUv-j4zBdxL_g,👍,5,0,9.1.78.2218,2026-09-08 21:12:28,,,9.1.78.2218
ceedc72d-c211-4dbe-bac7-c0af066c3725,Sunitha Karla,https://play-lh.googleusercontent.com/a/ACg8ocKJ_FrQVKDYTLYEOBHbDbPaT5obgVMxbqmMKSrwH-i_ZeycvQ=mo,nice,5,0,9.1.80.2221,2026-09-08 21:10:41,,,9.1.80.2221
d070bce1-e4e1-4e4e-8bee-1ae1e84b2a67,111 777,https://play-lh.googleusercontent.com/a-/ALV-UjVj0RF7YF_zP-dFDWqTsnUC5vkwvKPAgfHLfr3R7xkJDsJ12Q,these is very nice app for songs 😍,5,0,9.1.80.2221,2026-09-08 21:05:55,,,9.1.80.2221
3e88d991-57a9-43d8-a84a-080ba5cf757d,John Michael Ferrer,https://play-lh.googleusercontent.com/a-/ALV-UjXVcDE-ZB5xqXSj5PBqiiIqUTomoKpOCd9tWhoOaurm3KVE1hGF,NAPAKA WAKALOOMZ NA ESPOTIPY,5,0,9.1.80.2221,2026-09-08 21:05:13,,,9.1.80.2221
ab7ef377-3ef4-44ec-bc6e-317970a9ee15,Bob Baker,https://play-lh.googleusercontent.com/a/ACg8ocJVrbdzAPjFmFkE3pz6sNkTQ-LN46I_Q2gbaREQgQ8lrttTig=mo,"Instead of improving, this app is constantly getting worse. There is almost no offline functionality anymore and too many bugs and glitches. Used to be much better and cheaper.",2,1,,2026-09-08 21:04:15,"Hello. Try to restart your device. Also, you can check out the steps under ""Listen offline"" at support.spotify.com. If you're still having issues, we'd recommend getting in touch with our Customer Service. Just search for ""Contact Us"".",2026-09-08 21:53:48,
d9264bd4-fbe4-4423-84f7-cdaced5510da,Ajeet Vejayan,https://play-lh.googleusercontent.com/a-/ALV-UjVjKxockR6gVdIOic09r3VWDAUdOJ6W3EL35LfjayUtDHK_uq6mMA,"Spotify is an excellent music and podcast app with a huge catalogue and strong personalised recommendations. Playlists such as Discover Weekly make finding new music easy. The interface is generally smooth and intuitive, although the free experience includes advertisements and some limitations.",5,0,9.0.46.496,2026-09-08 21:03:26,,,9.0.46.496
b715e613-18a9-44a9-a501-22f8f63f7271,Ansh Kumar,https://play-lh.googleusercontent.com/a/ACg8ocLJeZaxhd_22vZFNgvVWFoV74Y_I-XGFPgUJBiwJFChzDlzBQ=mo,there is too much ads...,3,0,9.1.76.2055,2026-09-08 20:59:50,"Hey! We hear you and we'll pass your feedback along to the Ads team. For an ad-free experience, we'd recommend checking out our Premium plans at spotify.com/premium. If you've never had Premium before, you should be eligible for our trial.",2026-09-08 21:54:08,9.1.76.2055
48b1da86-21e7-424c-a691-004fef209792,Yumeko Aila,https://play-lh.googleusercontent.com/a-/ALV-UjVPPQZrNOXHg6GMucicw1Lb3yYk2uWsYwQ4f1RlZNApImHcYGE,"i love this app bro,i love hearing music's (>_<)",5,1,,2026-09-08 20:58:47,,,
db5b2e02-747e-4beb-b0d2-bbe2f7a00f6a,Noor Afizah,https://play-lh.googleusercontent.com/a/ACg8ocKWH6SsWkevFdDhxBnvuh8kvsh2MwmKWSky_E9EhYJ9ut9l=mo,i so happy,5,0,9.1.80.2221,2026-09-08 20:58:10,,,9.1.80.2221
0a272e47-ab0c-409a-b865-08ff5db6ddaa,Ajilal Khan,https://play-lh.googleusercontent.com/a/ACg8ocI5HxwcbWlgoQzmjNQs2KmP0xDs1uHYvOQzaxk_rRGPU_bdJQ=mo,😭🤌🏻🩷,5,0,,2026-09-08 20:56:55,,,
bfa783fa-625c-41c9-8cda-43e624af99dc,KATHULA LALITA,https://play-lh.googleusercontent.com/a-/ALV-UjUeqyMyKanmVQAP8iTHX1FY0FUiC97yVSA2yukugV-KWON1ZUUf,nice music but improve without network,5,0,9.1.72.1891,2026-09-08 20:56:17,,,9.1.72.1891
805868d7-3b9b-49bb-b4f5-6ac29603a42a,Istiaque Mahmud,https://play-lh.googleusercontent.com/a-/ALV-UjWWY0aeomU9g5RlcFLdhCpPRvCglRUwzoU9fezLm0kxs029bTm1,peak,5,0,9.1.80.2221,2026-09-08 20:55:17,,,9.1.80.2221
b301ec2c-a715-4ac3-8ff6-e4f9da59e0d5,Rohit fasge,https://play-lh.googleusercontent.com/a/ACg8ocKWd0YqJmIIgy1WqwxC6VeZWLkhWS3zIMiPv4JU1P5brASWrds=mo,Robot fasge,3,0,,2026-09-08 20:54:57,,,
2766a1b1-4c5c-47c5-ae30-10cb3207d803,manikanta3,https://play-lh.googleusercontent.com/a-/ALV-UjW1VPuLXpb8ZRZ3I5kwz4ZT84hlBizyJ0j__Xcrj2rV6jMS3OE,superb! music player,5,0,9.1.80.2221,2026-09-08 20:53:24,,,9.1.80.2221
433bdafb-7ce6-4b02-af15-9e9024c855ee,Nazhrene Pan,https://play-lh.googleusercontent.com/a-/ALV-UjVvDEsK_sjHJpMHDxMgvMXl0VbKXAUsz9Mp1PSKRk4nDANaUY4,why is karaoke mode still not available?? it was announced in 2022 and now its 2026 and still not available in my region!,3,1,9.0.68.632,2026-09-08 20:52:46,,,9.0.68.632
1e4f0163-d166-4041-8913-baf4bd2306e9,Mark Desmond,https://play-lh.googleusercontent.com/a-/ALV-UjXvGs65nU6tLz8QyiiScpJuAxI5JzjYnN2KcZgdynbB_eJEFC8,Wide range of songs.,5,0,9.1.80.2221,2026-09-08 20:49:07,,,9.1.80.2221
487283bb-8b9f-4d01-8cb6-25f91533b17c,Dustin Mirabal,https://play-lh.googleusercontent.com/a/ACg8ocIXYQeb57zO79aaUtzMVlsN1x42Cz9OdGZ8FAhVximTV5td4g=mo,"""Not interested"" frustratingly doesn't work for podcasts. In my case, I'm constantly having a specific news podcast covering controversial topics REPEATEDLY pushed to the top of my feed as soon as I open the app. I'm not subscribed to the podcast nor is there anyway to block it. I'll happily change my review once the ""not interested"" feature actually functions for the user, or once Spotify adds a proper ""block"" feature like most other streaming services have in 2026.",2,1,9.1.80.2221,2026-09-08 20:48:51,"Hi, thanks for the feedback! Rest assured, we’re always looking for ways to improve the experience for our users. It looks like other people feel the same way. We'd recommend adding your vote at community.spotify.com. Just click Menu > Ideas and search for ""Ability to ""dislike"" or ""block"" unwant content!"".",2026-09-08 22:12:28,9.1.80.2221
e7eccc9c-1d89-47c7-ad68-ade10b4ec354,ARTI SINHA,https://play-lh.googleusercontent.com/a-/ALV-UjUMkSt3oP_mdHzTLWETyVQrwjUIyg_FF3QJE7mKvEsjTh1ZesBq0A,love this app,5,0,9.1.80.2221,2026-09-08 20:46:23,,,9.1.80.2221
5e1e343b-42f5-4d51-b53e-e485cf8e766e,Gee.,https://play-lh.googleusercontent.com/a/ACg8ocIZg5ntUb0A-9tWuxzQiKcN-DN-ejS_qRGzH9t9EHf2Ql1wKxg=mo,"why is Spotify so damn slow now even though I have a flagship device I dubbed it's taking forever to load my podcast Library and overhaul it's jumping back and forth herein offline to online, the service is starting to suck but the price keeps going up, no more freebies just shotty service.",2,1,9.1.80.2221,2026-09-08 20:44:47,"Hi! We appreciate your feedback. If you're having issues with the app, we suggest trying a clean reinstall. You can find steps for your specific device by going to support.spotify.com and searching for ""Reinstall."" If that doesn't help, you can reach out to our Customer Support team under the ""Contact Us"" section on the same site.",2026-09-08 21:46:57,9.1.80.2221
036d3c2d-bff6-4bd1-af92-849cb2392c38,Vaishnavi singh,https://play-lh.googleusercontent.com/a/ACg8ocLxFRX4iNt4qqERgl_r5Kq2lUsOp0TtpvPcDQey1q_v9KDAgg=mo,veryyy good yrr,5,0,9.1.80.2221,2026-09-08 20:43:23,,,9.1.80.2221
68ce0307-c510-4a7d-8acf-3200022a0da3,DIEU-DONNE REUBEN,https://play-lh.googleusercontent.com/a/ACg8ocIUatXwfvFSPjb9lYnhSMGAjgMSJvEZLtDCA_HozpRipQaAB5A=mo,Very cool really,5,1,9.1.44.2120,2026-09-08 20:41:47,,,9.1.44.2120
f230e02e-af93-407c-b7d0-a1ef36dd7067,Corbett Lang,https://play-lh.googleusercontent.com/a-/ALV-UjWYY-W2vLKFhca_TkMliBYqFz1JFvprJcvCUm90XeRlGwMVUe4,Spotify is goated,5,0,9.1.78.2218,2026-09-08 20:41:37,,,9.1.78.2218
3be88d06-1c93-4bd3-80cb-b1793882a3f1,Pritam Pramanik,https://play-lh.googleusercontent.com/a/ACg8ocInutzUpYp8siFRwOupm5U6OAKqQ0_-qEEIsOXthMQ8VnI76g=mo,It's tooo good ❤️,5,0,9.1.80.2221,2026-09-08 20:40:20,,,9.1.80.2221
5b56e6dc-4ac9-48b5-8f2a-45fc7fb14ced,Logan may,https://play-lh.googleusercontent.com/a-/ALV-UjVkxBpmrns2jxzBKtF-AWFD__BRh-QjZUk1Pe6yEig-7NnDAIG-,buying Spotify premium is worth it. very good app no complaints,5,0,9.1.80.2221,2026-09-08 20:40:03,,,9.1.80.2221
8130bc8e-f904-4d70-9143-e619d95d2991,nwosu ngozi,https://play-lh.googleusercontent.com/a/ACg8ocLW3FSic3LN8sWsiDb2yHmUooJwKG_bAVLXJGApkFu7WVCAeQ=mo,this is the best music podcast app in Nigeria thank you bringing this app to existence,5,0,9.1.72.1891,2026-09-08 20:39:34,,,9.1.72.1891
04c2a83e-1dbe-4782-a544-2d69a4781bf5,DerpySnake,https://play-lh.googleusercontent.com/a-/ALV-UjX4ByqcvQUTmPmo3jyzSszEOk9om_enmMxdvX0o_A-ZLkV6210,"App and service gets consistently worse over time, instead of fixing it, spotify decides to up their prices, not even paying artists more. Any other app is better.",1,56,9.1.80.2221,2026-09-08 20:38:19,,,9.1.80.2221
ed6d2553-0ebe-4f4c-b45b-af4703e1b84e,erfiany lee,https://play-lh.googleusercontent.com/a-/ALV-UjX50BznE4A96qX4c--gmHWmtkT_Zi4S5A1I_coYdCJnqPCxLCmt,"I love Spotify because, all the song's is make me feel like, I'm the artist..",5,1,9.1.80.2221,2026-09-08 20:38:00,,,9.1.80.2221
0dbe0097-145c-4636-ae45-ba7c4a451cfe,Musrrat,https://play-lh.googleusercontent.com/a/ACg8ocKGLQoA2Yj5xnN6azywYq4VXIJ9CSunDk-Iwg9jod26R_txNQ=mo,i love this app,5,0,9.1.80.2221,2026-09-08 20:37:46,,,9.1.80.2221
46597e38-d341-4b9f-b01f-42861c8f5f9e,Ratna Singha,https://play-lh.googleusercontent.com/a/ACg8ocLA_7sDEdF6GfyVqQhAqZcSvYBSfAP10IxM6wnFZ8aMFS0RpA=mo,The music of the Spotify is really very good,5,0,,2026-09-08 20:37:42,,,
9f95a68b-97c1-45fa-8a00-a804356ba3a5,Neeta Yadav,https://play-lh.googleusercontent.com/a/ACg8ocJJ-IPmJz8v9EevuQVh3pc6LBTQxHutKrqyQcb7G3Fz715Umg=mo,Worst app!!!!! they will no provide any control of your music until you don't pay money and purchase premium of spotify,1,0,9.1.80.2221,2026-09-08 20:37:38,,,9.1.80.2221
8b17e3da-d3f9-45d7-8f76-965ea9093a8f,Helen sakiatu Koroma,https://play-lh.googleusercontent.com/a-/ALV-UjUk-LPo9qfdaa5ywAFxPFvM1NxVu4IVaImDKWdSL9EvqppyC2E1,amazing,5,0,9.1.80.2221,2026-09-08 20:36:52,,,9.1.80.2221
3985db88-72ae-454f-952c-127dce3eb6b7,Danny Hernaiz Lister,https://play-lh.googleusercontent.com/a/ACg8ocL3PtEANhldxBAHQmuuei6AUKBRV8LlallGksp0kZeaYhSQzQ=mo,great app,5,0,9.1.80.2221,2026-09-08 20:35:53,,,9.1.80.2221
09213ee1-f5ef-488c-b23d-92644a165f9e,Mohammad Saim,https://play-lh.googleusercontent.com/a/ACg8ocKpu-PYjp3kxHGrbAo1rzOVVRB534hbgD91zsTcJKvNqzjK_A=mo,too many ads,1,0,,2026-09-08 20:35:48,"Hi! We welcome your feedback and we’ll pass it along to the ads team. If you’d like an ad-free listening experience with more control and flexibility, feel free to check out our Premium options at spotify.com/premium. If you haven’t tried Premium yet, you might be eligible for a trial.",2026-09-08 21:47:56,
d0259ec0-a88f-4b54-8926-3a5a24be6e2e,Glen,https://play-lh.googleusercontent.com/a/ACg8ocLHKOi6aU-hG6206rKpfbF7CTq57itxGquUvGrqysN8GNGca1h3=mo,Meh. Too much revenue goes into paying criminal lawyers and their delegates to commit crimes.,1,0,,2026-09-08 20:33:45,,,
55c50e09-c0c7-4086-aa91-0daa5d2e3e94,Balekane Khundayi Moshabesha,https://play-lh.googleusercontent.com/a/ACg8ocLiwUAaaCiBYDFFjJQJvlv5O21-NKVWIKpbyBTu2xVgJgBX3Q=mo,extremely Great,5,0,9.1.80.2221,2026-09-08 20:31:50,,,9.1.80.2221
7bb806b2-c134-4f21-9973-f5321cc6d8de,Debashis Mondal,https://play-lh.googleusercontent.com/a/ACg8ocKNDCykM_w3gYqBXot5sBfONEgwqgVqPXzx0p_t5Rhh8UZL3A=mo,it so good,5,0,9.0.10.415,2026-09-08 20:31:36,,,9.0.10.415
b9e992b2-a9c5-4039-951e-7db2b3e2a575,Op Op,https://play-lh.googleusercontent.com/a/ACg8ocLtWemKKt9SiQittZyLru2LNuTj9Bb9nsb6zgEqlz7O-t8Kkw=mo,do not download this is the most greedy app ever it doesn't even allow to change music without premium,1,0,9.1.80.2221,2026-09-08 20:27:35,,,9.1.80.2221
f9d488d1-1172-4144-858a-2b26b9188df3,MATHI NTK,https://play-lh.googleusercontent.com/a-/ALV-UjWAsigFj0UQ7PZdPl9hqNFqZEdqJkfCbmarcSeIHc1N1ro3AbS8iA,பதிவு இரக்கம் செய்யுபோதே பாடல் மொழி தேர்வு செய்யப்படுகின்றது பிறகு எதற்கு பிற மொழியிகளில் விளம்பரங்கள் 😀 விளம்பரங்களின் நேரம் அதிகமாக உள்ளது 0.15 போதும் 1-2-3 விளம்பரங்கள் தொடர்ந்து 😀,1,0,9.1.80.2221,2026-09-08 20:25:53,,,9.1.80.2221
193db29b-4061-4151-9a6e-3c60bf4779de,Abdurehman Ahmed,https://play-lh.googleusercontent.com/a/ACg8ocInnNfMs7dB2fHkccZ1vsjMOKDnNFFy6zFVIy15UGEUQ2ZT0A=mo,veryyyyyy godddd,5,0,9.1.80.2221,2026-09-08 20:25:25,,,9.1.80.2221
6a18e3db-71d5-4015-886f-04aa7a6ab3db,jessica baxter,https://play-lh.googleusercontent.com/a/ACg8ocK27YJrvArQiwnsy6r-Ms_XumDFT9sE9DXc1KER3eCqRM2Brw=mo,I can't use app to long maybe about 15 mins. then phone gets hot or the app completely crashed completely freezing my phone for like 10 minutes. Other than that I love the app I just wish it worked properly 😪.,2,0,9.1.78.2218,2026-09-08 20:23:41,"Hi. Thanks for sharing this with us. For the app's behavior, you can try a quick reinstall. If that doesn't help, we'd recommend reaching out to our Customer Service at support.spotify.com. Just search ""Contact Us"", and they'll be happy to help.",2026-09-08 21:51:04,9.1.78.2218
6a9dfa86-445b-4b3d-9191-6a9f7539c1c1,Karl Johann Meikop,https://play-lh.googleusercontent.com/a-/ALV-UjW2ltiLXdiRXUcufuDQalMO4qA2GORTZUt1wkfR9YnwnF0RJpM_,only subscription that i need,5,0,9.1.76.2055,2026-09-08 20:23:27,,,9.1.76.2055
80d66bce-9546-412a-bde2-c4cc32a732dd,Prince Isiguzo,https://play-lh.googleusercontent.com/a/ACg8ocJGgNcXZDqo5yZVnJvCDn6wJPlYSo9uO0o1mW_6w-Gaf7zu0w=mo,"very good app. please I want to pay for music subscriptions through the bank account, I don't have a functioning ATM CARD and Opay is not acceptable by Sportify",1,1,9.1.80.2221,2026-09-08 20:21:13,,,9.1.80.2221
491c4bd2-cb2c-48ec-8e99-18ed7c7ccdd5,Samson Jeremiah,https://play-lh.googleusercontent.com/a/ACg8ocII0K_Fd0NxvkEImH3xT_xGQw7gXc7mFFCbfV0s0zamqIvh1g=mo,A very nice app to use,5,0,,2026-09-08 20:19:29,,,
d56dbf1d-cc1d-42a8-8b26-b4b0617fb441,Anirudh Chandravanshi,https://play-lh.googleusercontent.com/a/ACg8ocJB7evjKXTKhUwcE9VVBctJuHFW0y4n4eOa8142AvPpI9_bJQ=mo,colll apppp,5,0,,2026-09-08 20:18:07,,,
2760259e-6a27-4a04-9809-829a795f2886,Santhosh Santhosh,https://play-lh.googleusercontent.com/a/ACg8ocId56chaP2i4r7PG3DnYkZz2PYrA4RPvmk2uVCxoAxcglURKw=mo,nice app,5,0,9.1.80.2221,2026-09-08 20:16:17,,,9.1.80.2221
f9b35b97-0d1a-40d2-9e6a-180a5ae0a2b8,Shawn Gibson,https://play-lh.googleusercontent.com/a-/ALV-UjVFw_l1LulIFGw8ADPYzIKsULsUC2bUWv3Jv4xYjuTq4JVxyIM,"While the ""From [Name]"" banner nicely credits who recommended a track, having it permanently anchored clutters the screen when viewing. It would be highly beneficial to have a way to dismiss it. Users I've met often want to enjoy a song independently without a constant visual reminder of who sent it. Adding a simple toggle or a swipe-to-dismiss option would greatly clean up the playback experience. Thank you.",4,0,9.1.80.2221,2026-09-08 20:15:19,,,9.1.80.2221
419841e0-caf3-47ad-82f0-836b00f2ee53,Hashim Abbas,https://play-lh.googleusercontent.com/a-/ALV-UjVCIc63e3SCoFofekZsz25hXJe4fjc4X-wGWgx6RJgw732O0sY,ads and then after some time it requires premium to use,1,0,9.1.78.2218,2026-09-08 20:13:31,"Hi. Thanks for sharing this. We hear you and we'll pass this along to the Ads team. If you're looking for an ad-free experience and greater flexibility, consider exploring our Premium options at spotify.com/premium. If you haven't experienced Premium yet, you might be eligible for our trial.",2026-09-08 21:38:36,9.1.78.2218
3e3f28c7-452a-4a24-b5b3-637fe52fc3f5,Siyabonga Masondo,https://play-lh.googleusercontent.com/a/ACg8ocKpLI3Y5zr30eZv4OkVSfPVWtjySj0C_KBybyLRN8hJ2xHy-Q=mo,I recommend it 👌,5,0,9.1.80.2221,2026-09-08 20:12:54,,,9.1.80.2221
c252015a-f7a7-40d9-94a0-3e7c0b440c30,Melanie Goulette,https://play-lh.googleusercontent.com/a-/ALV-UjX-iekLS9hH0LN4eutVuC7cToRqodIIb-pf0Iq4H-6Zj3C4FVg,love it,5,0,9.1.80.2221,2026-09-08 20:10:46,,,9.1.80.2221
712a0f2f-f7f0-4433-813c-8259c3a3cf17,Arnab Chatterjee,https://play-lh.googleusercontent.com/a-/ALV-UjVFj7sJaYWsePzZm1iSFkpfuAvMpkezlcls_kDVntHS_fmn32Bt,Nice,4,0,,2026-09-08 20:09:46,,,
9aa9534f-6d58-4100-b100-7242bae40699,jessieboy florendo,https://play-lh.googleusercontent.com/a-/ALV-UjUB-MkHOb7n-Lo20pLb1jwBFaohmaEjb9XKjk0JB0MpxoBEGWAm,great app nd i like playing my music here on this app all the time 😉🫰👍✌️,5,0,9.1.80.2221,2026-09-08 20:04:37,,,9.1.80.2221
444becf7-fa5e-43cd-8994-d7ec368cb112,saloni waman,https://play-lh.googleusercontent.com/a-/ALV-UjX_6ZCVO-zMTwG3FKaimlYhvCYJLFZFzcpLxpmueojdXy0gd-4,very nice experience 🥰,5,0,9.1.80.2221,2026-09-08 20:04:13,,,9.1.80.2221
f3f0e753-9296-4f1b-add2-979f07a7abde,Varsha Vaghela,https://play-lh.googleusercontent.com/a/ACg8ocKqe7OBGbGHts4z2YARPBp1KCk1_Ry4oBl0LWxYgB9m15808w=mo,genuinely good experience with and also w/o Spotify premiums,5,0,9.1.76.2055,2026-09-08 20:03:32,,,9.1.76.2055
aa67cb8e-58e1-441a-a5ae-8c37b336060b,SAMSON YUSUF,https://play-lh.googleusercontent.com/a-/ALV-UjX5kK8Uy5XF7wrnozPLcVaujFldj7ZyvJvB9RyZSkpr4W7gRIc,So satisfying,5,0,9.1.78.2218,2026-09-08 20:00:32,,,9.1.78.2218
340b623c-6f10-43ba-9288-27b1d285d8ca,Sushila Suthar,https://play-lh.googleusercontent.com/a-/ALV-UjVZWjKdWCvg2j4jrBNgaPQRXbCWdNJmhNAnVuI_aJ_u9z1r37Bv,this is so good and so nice musics I LOVE IT ❤️🎀💐,5,0,9.1.80.2221,2026-09-08 19:59:41,,,9.1.80.2221
43860935-8450-4ac7-8b76-67a79994b0ad,tanmay gogia,https://play-lh.googleusercontent.com/a/ACg8ocLDfKM-l_YDC9BDQBICO1W9cyFZwZ2pOmtUcnnxYKNtp9Rd8w=mo,app shuts automatically after 5 mins,1,0,9.1.80.2221,2026-09-08 19:58:54,"Hi. Thanks for sharing this with us. For the app's behavior, you can try a quick reinstall. If that doesn't help, we'd recommend reaching out to our Customer Service at support.spotify.com. Just search ""Contact Us"", and they'll be happy to help.",2026-09-08 21:37:20,9.1.80.2221
f7f4c69a-b9d1-4da0-b881-7ce3acd0fc94,pratiksha,https://play-lh.googleusercontent.com/a/ACg8ocJ3tvfRhffZh8kPHXZVHqoKpXshfCsBKpof_pOIl_AQwCKVmw=mo,"worst experience, too many ads",1,0,,2026-09-08 19:49:18,"Hi. Thanks for sharing this. We hear you and we'll pass your feedback along to the Ads team. For an ad-free experience, we'd recommend checking out our Premium plans at spotify.com/premium. If you've never had Premium before, you should be eligible for our trial.",2026-09-08 21:47:54,
0f4d4ab2-b82a-4a01-bec9-bb4b8a012179,Veronica Short,https://play-lh.googleusercontent.com/a/ACg8ocJlPbuBVxXojwZfGgsSgDHbds7jWJ63bgUOdaE7mDmFxEdbReLJ=mo,I just love it all!,5,0,9.1.80.2221,2026-09-08 19:49:04,,,9.1.80.2221
a49d6fb8-b475-421e-9166-de541c62c08a,Desmond John,https://play-lh.googleusercontent.com/a/ACg8ocJTkRcfb5SVvMFBH1Ai8VFPhH4SM32LAHHFgs54CMPRGvDJ6Q=mo,Sensational app,5,0,9.1.80.2221,2026-09-08 19:48:48,,,9.1.80.2221
1874ce8a-277b-4198-9989-ca302a6e1e38,Refiloe Mokone,https://play-lh.googleusercontent.com/a/ACg8ocLmuKq6dyLAd1k6ijQrUEZTHkKTHIXDXtxuidDGuUgMO7fX2Q=mo,dope,5,0,9.1.78.2218,2026-09-08 19:47:31,,,9.1.78.2218
8d1053f6-ce05-457a-9ab2-f6b338675f17,Taryn Hungsberg-Perzewski,https://play-lh.googleusercontent.com/a-/ALV-UjVMZ2wJ9dV13wSzRpS8iwDJJyP-RGbzEGH8HY-kMil3ovgN4Ujj,"It's one of the better playlist apps that I have. I don't pay for premium, but even so the ads are very quick and not as bad as television or the actual radio.",5,0,9.1.80.2221,2026-09-08 19:47:18,,,9.1.80.2221
096c1458-e7ca-4941-bb47-81014b6e31c8,Simonator Mo,https://play-lh.googleusercontent.com/a-/ALV-UjXKVX6RDcBFMwmaCtw0y9RmBcsVhZEhiSMtWHSlvXiWeUzALUDYhQ,dependable,5,0,9.1.80.2221,2026-09-08 19:45:56,,,9.1.80.2221
01d5e0ed-7f1c-4499-9170-ce644ccba201,Rajas Phadnis,https://play-lh.googleusercontent.com/a-/ALV-UjW7SAk-hremNeWNRQnZc62JZg8a2T10IUthvOzVPpUEZoQkVtvX,I can't play my favorite songs after some songs. they ask for premium subscription due to this it's very restrictive to use the Spotify free version. and ads is the most annoying problem.too many ads Solve these problems ASAP,2,0,9.1.80.2221,2026-09-08 19:42:56,,,9.1.80.2221
4b776c5e-de21-4323-80fa-7e9f127ac404,Chibuike Onwumere,https://play-lh.googleusercontent.com/a/ACg8ocJt2NgzNuzZZEbybyRjD8s0Kq_sVbmx1qKV1PDpZREcsYgOWw=mo,nice app just hate the premium,3,0,,2026-09-08 19:40:10,,,
10a0ac3c-ffc3-4ba2-adda-c0f718f96160,Mandakini Bhaisare,https://play-lh.googleusercontent.com/a/ACg8ocKfEvxX1FvEK36-6YQ90aa4hlJXd01be3xLiALjRpXuR7NKYw=mo,very good for music,5,0,9.1.76.2055,2026-09-08 19:38:58,,,9.1.76.2055
769cf54e-7df6-4b23-8b88-591b7c0a0785,Sunday Ndakolelwa,https://play-lh.googleusercontent.com/a/ACg8ocK9ckVKLDbKZYyUQ3jcMAhRvL1xGwBuexhByqyBfoEhynWqEg=mo,awsome 🎵🎧🎧,5,0,9.1.78.2218,2026-09-08 19:36:03,,,9.1.78.2218
29300380-53b0-4616-ab42-409f9663b5a1,Digvijay Singh,https://play-lh.googleusercontent.com/a-/ALV-UjWtpVNaYTgidcUeFlSJb4fsnaPAwiPs5P7FTuloWbNLjitfk7cC,"They need work on their UI design it's been a decade since they have updated it feels clustered not so good looking, even buying premium makes u feel like you are using some mid level app Usability on multiple devices is good",3,0,,2026-09-08 19:35:10,,,
a53103ed-5aa5-464c-bf2f-851e58b4fa09,Hinata 12,https://play-lh.googleusercontent.com/a-/ALV-UjXCwPz_cQLZrST9RlYbrxHI7fJwWCCwBb_oA64JXX8OZvZeOFE,super,5,0,9.1.80.2221,2026-09-08 19:34:22,,,9.1.80.2221
60e601da-7605-4ab6-82ca-5ca0b225d41c,Gabriel II,https://play-lh.googleusercontent.com/a-/ALV-UjWsD0lfPMgODAwrhoW0_gzQCd718zlHJQcafF9N1wRF27pung8r,"I had just tried to commit suicide a couple minutes ago and Spotify ads is talm bout sum buy Spotify premium, come on man...",2,0,9.0.10.415,2026-09-08 19:33:15,,,9.0.10.415
adbaa904-03c4-4e7b-a3f1-d21fff2e42d1,Simon Rafi,https://play-lh.googleusercontent.com/a-/ALV-UjVXfoZy7n5wTTuiwo2WCsbOXxJQirfsJAmk3UPEuwcFXKLBz4a1,too much ads,1,0,9.1.76.2055,2026-09-08 19:33:04,"Hi. Thanks for sharing this. We hear you and we'll pass your feedback along to the Ads team. For an ad-free experience, we'd recommend checking out our Premium plans at spotify.com/premium. If you've never had Premium before, you should be eligible for our trial.",2026-09-08 21:36:30,9.1.76.2055
2cd12b3a-6fed-486a-b90d-165fd82ae185,Srijan Kunj,https://play-lh.googleusercontent.com/a/ACg8ocLi6La0feGcdqAtwJhNMEgW9c35VQ3QdSmJwpNfU0X7__JoIQ=mo,"to many ads , can't play a specific part of a song without premium 🤡",1,0,,2026-09-08 19:32:04,,,
48028f37-f647-46a0-a7ee-71bb88456efe,Deni Hasani,https://play-lh.googleusercontent.com/a-/ALV-UjXn8JvsmmIVY6IOXUu_BNXuQLdTmP1xB9F0pNNEIT169T5-S1Q,cool,5,0,9.1.80.2221,2026-09-08 19:30:18,,,9.1.80.2221
1e1a2658-3031-40c9-8dda-52895106c3cb,Puna Xaypanya,https://play-lh.googleusercontent.com/a-/ALV-UjXWGN2XTWd7lDz1JL5Ws7FMumobMvv0JBjUTxZiQkj92VuQeP3n,"EDIT, Sep. 2026: Spotify has improved significantly overtime, for a paying user like myself. I hope the new feature of ""Change song speed"" gets reworked and finalized soon because that would be a really nice feature! Thank you!",5,99,9.1.80.2221,2026-09-08 19:29:14,,,9.1.80.2221
0733fe04-ae70-4b32-a5ac-a99a108ffacb,Roy Issac,https://play-lh.googleusercontent.com/a-/ALV-UjW1fjKNjAMFs1HmmBGPBkAAqgCEEvmuIPgaOG7RIwQ5SkqaGnw,best music experience,5,0,9.1.80.2221,2026-09-08 19:27:22,,,9.1.80.2221
aefe3ae4-7bfa-43e0-b92d-6f131131256a,Najmeen badrodin shaikh shaikh,https://play-lh.googleusercontent.com/a-/ALV-UjWDcCGypDoAVBrnGuG0R6pzZZT8C4v_p06dO6IIMKCYUo49UrmZbQ,👿,1,0,9.1.80.2221,2026-09-08 19:24:36,,,9.1.80.2221
2179090c-a06a-4555-8536-b5d87a617bd4,Omphile,https://play-lh.googleusercontent.com/a-/ALV-UjVD3Z6kO-MWon6lxOPBKO58ZT4j2J40q0o0errHsKeFHfOCRBNO,"Smart Shuffle should have humans who have selected similar songs because that's not what it currently does. all I get is the same artist or the same album, when that doesn't always reflect similarity on the type of song. Humans for yearly updates please. 2025's one felt repetitive and the exact same as everyone else's.",4,0,9.1.80.2221,2026-09-08 19:23:33,Hi. Thanks for your feedback. We'd recommend adding it to our 'Ideas Board' over at community.spotify.com. Just head to the Menu > Ideas. Others will then be able to vote or add to the conversation to show their support.,2026-09-09 00:34:16,9.1.80.2221
d111c5bd-1fbe-4890-885f-14ff30566bcb,Zurain Qureshi,https://play-lh.googleusercontent.com/a/ACg8ocJYgN-TML_08Zw96pMWvQIwfxOahd0_vsQjB87ADQX0h2nVTA=mo,excellent,5,0,9.1.80.2221,2026-09-08 19:22:42,,,9.1.80.2221
597a94f5-8591-4466-9ce2-a8befb594030,Manoj K,https://play-lh.googleusercontent.com/a-/ALV-UjX5ZFMzQ9uXtOJBsHjwcsbTxWvwsvFl0uuae06XHjdn3qoUYdkk,soo goooood,5,0,9.1.80.2221,2026-09-08 19:19:16,,,9.1.80.2221
bba9fca4-aed5-4992-8c27-1194888f65ae,Luis Gongo,https://play-lh.googleusercontent.com/a/ACg8ocLpLcMwMqeGCsjHG_HUbb_vEvRTBKh-GiQk6zlAf3jjLSlfYQ=mo,it's an excellent app and the main music app. let's you have for free for 3 months very kind app,5,0,9.1.80.2221,2026-09-08 19:17:45,,,9.1.80.2221
8e60d928-9042-49c2-8563-fc809891163a,ᴀʀʏᴀɴ sɪɴɢʜ,https://play-lh.googleusercontent.com/a/ACg8ocLhskh-kB58O71r-PgCt8U190Ry1RimHdSM23kMz249-ZS97Hw=mo,worst app because limitations on Play song on demands,1,0,9.1.62.1601,2026-09-08 19:15:18,,,9.1.62.1601
03dd231a-73fb-430d-a816-181bdeed37ce,MOHD Safuvan,https://play-lh.googleusercontent.com/a-/ALV-UjVci2dj9HjCLd9vVVtBxZJSYpoK5YeUHrhqDiNxavdWzp86vwl5,good,5,0,9.1.80.2221,2026-09-08 19:12:10,,,9.1.80.2221
a686f59a-dc15-437a-bdab-9444f80d2381,Emma Crews,https://play-lh.googleusercontent.com/a-/ALV-UjWvw2r0pXMvz7rqJBRirPA1aqLZNTZSj2BFCCITguAhCHlTSfXQ,awesome music!,5,0,9.1.72.1891,2026-09-08 19:10:48,,,9.1.72.1891
b35b588c-59f2-4329-a323-fd9d11afbd30,Humphrey Ndlovu,https://play-lh.googleusercontent.com/a/ACg8ocIZ_SbN4f5Ge_RFCrqFhKKmNc-sy1JN06adOF59tTIAReD-ZA=mo,I love this app,5,0,,2026-09-08 19:10:10,,,
cc2b25c3-d97b-4d9e-b3ea-ada032fba9b4,Nox Mokotedi,https://play-lh.googleusercontent.com/a-/ALV-UjUHKPJHHWI9X6BHxQKiwqPAOX_hzfipigsYu5VxA7vDToP7u2Tn,good,5,0,9.1.72.1891,2026-09-08 19:09:50,,,9.1.72.1891
4399619e-5850-4245-a754-c998656cf537,SANJEEV VERMA,https://play-lh.googleusercontent.com/a-/ALV-UjWx0Tc-ffbX2KoE3Lzbf524QSeg2SQjLG1xO-q8Nz_tmplektM4,best audio app ever before this I use Spotify lite that's really good,5,0,9.1.80.2221,2026-09-08 19:09:05,,,9.1.80.2221
dc88114f-f27e-4be8-9ddf-f3354a483169,73 Sonali Balkrushna Patil,https://play-lh.googleusercontent.com/a-/ALV-UjUDc8onWs0Lwoa5X1oamOw84lkDXTgrc2NcR9szZQ6rS_HtCqPC,this app reason of my calmnes,5,0,,2026-09-08 19:08:12,,,
6e5e1ca9-28d6-4309-821c-ac2e0904cb01,Khan Khadeeja,https://play-lh.googleusercontent.com/a-/ALV-UjVOUFkMIE-xxkRFD6xbKFOkiOvBDpPjZ_1z9mKhoKaHwGbjZaE,best,5,1,9.1.76.2055,2026-09-08 19:07:08,,,9.1.76.2055
12d35c93-60c6-463e-b443-4b43fd5b6796,Josh Aganan,https://play-lh.googleusercontent.com/a-/ALV-UjV7KoHzmergwI3VHSL1RJf3KCQ6JiTijuUd7eEHqzwdovxwryI,The best music app in the planet!,5,0,,2026-09-08 19:06:57,,,
130f7f73-c0c8-4a0c-99fc-86ec89e98055,Mohammad-nor,https://play-lh.googleusercontent.com/a/ACg8ocKKCE2098b3nr5YRxPtVqxaMYQ6ESiEwRg824lScLljXRv4Kg=mo,Too much ads!,1,1,,2026-09-08 19:06:17,"Hi! We welcome your feedback and we’ll pass it along to the ads team. If you’d like an ad-free listening experience with more control and flexibility, feel free to check out our Premium options at spotify.com/premium. If you haven’t tried Premium yet, you might be eligible for a trial.",2026-09-08 21:25:17,
d5a4a7d0-e47a-48b7-a0cd-e060e6f81624,Shinta Biju,https://play-lh.googleusercontent.com/a-/ALV-UjVL7Cr3O38Px9P4d3Dq1DrNq3IMJIxNkTFAGwl1IL0RpW2EZogT,very super app.but recently the small thing was everything were going premium membership.but not everyone can afford this.and please bring a facility to download songs 😁🤍🫶🏻🫠,3,0,9.1.78.2218,2026-09-08 19:05:39,,,9.1.78.2218
600b5121-a529-4de8-9b18-22bfba103fc6,Kier Tang Wiw,https://play-lh.googleusercontent.com/a-/ALV-UjVuEGikwU44k-dpeIQXuQDjJx_4SAxeXfrndJZ9rE9QPQKuxdc,very nice to use it,5,0,9.1.78.2218,2026-09-08 19:05:26,,,9.1.78.2218
cca7ea71-76ba-418e-acc7-bb574af5a1cc,Kusuma H s,https://play-lh.googleusercontent.com/a/ACg8ocLTcXrPcGy58OKUMZ0Ny3vAlErc2xXobajk0t3-A-VM69K5Xg=mo,"Very good app, helped me listen to music while studying, just a lot of ads, but other than that excellent 👍👍",5,1,9.1.76.2055,2026-09-08 19:05:19,,,9.1.76.2055
e2b0b708-2462-4e52-b04f-ffcbf114a94c,Nirved Kamble,https://play-lh.googleusercontent.com/a/ACg8ocKOkOhb-jkqcz9o0C13pfH_IjjVgiJAwq0atEgt7Q4_Bha4=mo,best,5,0,,2026-09-08 19:04:45,,,
0353be19-3d05-49f3-9305-09b16286d274,Colin,https://play-lh.googleusercontent.com/a-/ALV-UjW1vmuF6TdurgTpkXwzGD0yGZyq55ScFC-0Ujx__KH_XgiRqJxB,been listening to this platform for years but getting a lil to expensive for my budget! To bad... I like the setup and the features like Release Radar.... and mixes according to my listening preferences. Thanks for the awesome tunes Spotify! and for letting me make some of the longest playlists I have ever made in my life! 😆,4,0,9.1.80.2221,2026-09-08 19:04:39,,,9.1.80.2221
5bf14ff4-725f-46b5-b5a1-83975603786b,KWEKU ARHIN,https://play-lh.googleusercontent.com/a-/ALV-UjVDw-A_Yjopb3g8vFKS8C9wkytSACqCAYQYYSiePvlXxyB7y-4,Perfect 👌,5,0,9.1.80.2221,2026-09-08 19:00:45,,,9.1.80.2221
70ea0dcf-6add-4dbb-9e5b-f35e6db9f7ea,Ekta Joshiya,https://play-lh.googleusercontent.com/a/ACg8ocJ8tPJno4o5IA6mXKnNc1Zh-GGxKIfkPWRXkDmionKIa3UEaA=mo,best app,5,0,9.1.80.2221,2026-09-08 18:59:23,,,9.1.80.2221
5ce33a7b-8fdd-4d18-8b54-11fbf3eb5f64,Datta Shitalkar,https://play-lh.googleusercontent.com/a-/ALV-UjUWwjUqVpMnMOVLgjVL7CaYZS673rTUQjne-5FPxKTzju2guYYK,best my 80 s play list,5,0,9.1.80.2221,2026-09-08 18:58:57,,,9.1.80.2221
91e51646-3eb0-459f-be3a-53b8656c3565,Chetan Sharma.,https://play-lh.googleusercontent.com/a/ACg8ocKRgETS65s7yZeOUtxk1gBzqBJ1O3X32_BZNIHzL6r0pkV_EA=mo,this app always push you to buy premium .you can't be select song from your playlist for some time .very bad experience.,1,0,9.1.72.1891,2026-09-08 18:58:36,,,9.1.72.1891
94418e92-f9d6-4b2a-8f9c-612e3be9cc3a,Selim Azab,https://play-lh.googleusercontent.com/a-/ALV-UjX_l2TFsLvUqQxwDHwo4MAsumLyb5c1kmFL94u98TOqftluPOM,amazing,5,0,9.1.6.1145,2026-09-08 18:58:15,,,9.1.6.1145
df055579-d545-4e84-a348-1aa80a165936,Jo Ubi,https://play-lh.googleusercontent.com/a/ACg8ocIwYZx7H6gdMuG65KNwaoCHGzlF89XqCIcV8NViH9q473sAzQ=mo,trying to see a complete tracklist for an artist is a nightmare. having to click through sometimes 30 albums and LPs and singles and appears on absolutely blows. apple music does it better and I'm at my wits end witb this. the dj feature is fun. but navigating remixes and releases is just clumsy idk. i pay premium and dnt get ads and listen all the time so the app isnt all bad.,3,0,9.1.80.2221,2026-09-08 18:58:07,,,9.1.80.2221
6e77758e-8002-4435-8db1-176eaa435a1a,Soni Devi,https://play-lh.googleusercontent.com/a-/ALV-UjWDdRTVy2KNyGjTKEB05jeE7P2zlHPMkMi5FVJAFOjm_j9hCRo,it's good 👍😊,5,0,,2026-09-08 18:56:37,,,
8988b708-4450-4677-93eb-7f944bd6bd4b,mi aye,https://play-lh.googleusercontent.com/a/ACg8ocKjLbPL2UTCOlBqGtBNv-nDJL5SjLqVs4GJKlMDQMXNBSf_BQ=mo,👍👍,5,0,9.1.72.1891,2026-09-08 18:55:48,,,9.1.72.1891
3045eaf3-6e55-4f3d-85dd-3fd8ba44552d,Nathaniel Andal,https://play-lh.googleusercontent.com/a/ACg8ocIC2lPQ2ZB3waqXOG4sPpVqlCTsPhZYjffnHAimKOIi_6nJeQ=mo,everything is great but i can't download songs they cost money but i really recommend it,4,0,9.1.80.2221,2026-09-08 18:55:15,,,9.1.80.2221
c7303de9-954a-476f-9a83-73153904600a,Snake YT,https://play-lh.googleusercontent.com/a/ACg8ocJ-xXctO-4jf1d4DuM4pbON3GzpVvxswfP3f-xYvnvLhgriTg=mo,getting ads with premium,1,0,9.1.80.2221,2026-09-08 18:55:15,"Hi. Thanks for bringing this up. Do note that you may still receive ads within podcasts, but not between music. Have you tried logging out then logging back in to your Premium account to refresh it? If that doesn't help, reach out to our Customer Service at support.spotify.com. Just search “Contact Us”.",2026-09-08 21:32:03,9.1.80.2221
1624880f-9cc1-40b5-ba57-dbe4b581d761,Hamsika Vijay,https://play-lh.googleusercontent.com/a/ACg8ocLLgJrTq7YComQnPAbtqzGJiH5roW7q9Lg6VChat9Ymi2-hWw=mo,more adssss,3,0,9.1.78.2218,2026-09-08 18:49:43,"Hi. Thanks for sharing this. We hear you and we'll pass your feedback along to the Ads team. For an ad-free experience, we'd recommend checking out our Premium plans at spotify.com/premium. If you've never had Premium before, you should be eligible for our trial.",2026-09-08 21:35:27,9.1.78.2218
e41003eb-0619-4aa6-a371-48f2b3066038,Feroza Alvi,https://play-lh.googleusercontent.com/a-/ALV-UjXasWdBXQqQim_0Fxm0g2zY3lL8hA5fBm8iMB0R6uIkdSbY8udw,upgard probs as a broken person,4,0,9.1.78.2218,2026-09-08 18:49:42,,,9.1.78.2218
efc80419-48d4-4b8b-9e15-90d5f41a5006,Bijoy Das,https://play-lh.googleusercontent.com/a/ACg8ocKCC9Vm8YrX7rAzztmqJJ5QtrG7PrJsl4nWSf9EcBF93qx98g=mo,this is best app,5,0,9.1.80.2221,2026-09-08 18:49:38,,,9.1.80.2221
177bbf8b-f056-4ab2-8744-714c78e6ae10,Palak Gemini,https://play-lh.googleusercontent.com/a-/ALV-UjXXWyAaSHkw0Qb_3fc_DdVbupP22zcV6cwJpEE0IbuGGZPkdMcgmw,best in business,5,0,9.1.80.2221,2026-09-08 18:49:19,,,9.1.80.2221
0696feb8-4cea-443a-8409-bf9749b1a110,Peter Sawyer,https://play-lh.googleusercontent.com/a/ACg8ocKNg1PJwP2YTvFDyY3G_PuOSYJC0k4CIjwi5b1FW0FRtGmzDg=mo,"I LOVE Spotify I give them a great big 5 Stars 💯 I highly recommend Spotify , I've been with them now for about 15 years they are always improving so I say what are you waiting for get Spotify Now !!",5,0,9.1.80.2221,2026-09-08 18:49:00,,,9.1.80.2221
d6cd199a-fce9-4e01-a325-241d5b256073,Rosa,https://play-lh.googleusercontent.com/a-/ALV-UjUviY8l96rx6ts9uREZYKZp8HXwmkZ-sBSSftwiGR3aiwRVqfo,I can't listen to downloaded songs anymore,1,0,9.1.80.2221,2026-09-08 18:48:02,"Hi. Thanks for bringing this up. We're open to feedback, and we'd love to get some more info about this. If you have the time, give our Customer Service a shout. You can find them by heading to support.spotify.com and searching ""Contact us"".",2026-09-08 21:34:50,9.1.80.2221
9ac15489-c1a0-42fe-8442-806df9581245,Edenann Maus,https://play-lh.googleusercontent.com/a/ACg8ocKQOC_ZaQLx7b3igUVLaa5fjRnhQ4zeMUaWxb0B8VZT8IAc1Q=mo,you need to fix the widgets please,5,0,,2026-09-08 18:47:02,,,
77fccfa8-976c-40b5-b8b8-6d1f790b7156,Ellen Kusuma,https://play-lh.googleusercontent.com/a/ACg8ocI8bT_p4r3yJnAbAcx44N46k6n_jT3J03x1vJa1spJkvhJAeg=mo,Absolutely the worst,1,0,9.1.6.1145,2026-09-08 18:46:02,,,9.1.6.1145
b8811d1c-716b-4c95-bea8-d81021923dcc,Leane Vasquez,https://play-lh.googleusercontent.com/a-/ALV-UjVpbE3VYlOmMR6-FMAOAijhpuhlSOYBRzW4OHQzvUczx3MFFxml9A,Exceptional! My family and I have been members of Spotify for over 10 years! We love music. The audio book access is unlimited with our premium package! I love Spotify 💗,5,0,9.1.80.2221,2026-09-08 18:45:18,,,9.1.80.2221
e51726f7-45c0-4b7a-ac42-8882b530bb36,Kth 07,https://play-lh.googleusercontent.com/a/ACg8ocJi8MfkohMrHd7KMbjEjXo5VFLhgy9-wdXG-j4YPr8VG8eFCg=mo,how do we literally have full on movie series and sloppy game ads now like the money greed cannot be that high,1,0,,2026-09-08 18:43:28,,,
42a0a640-c102-4e98-9b51-adf927fae5f5,Kermina Carey Pascarella,https://play-lh.googleusercontent.com/a-/ALV-UjXjgxX7PQdevPWAf28HeORQPGSHVvRPUqzeMJMdwhHWRweguXmEVw,stays on when I leave the app,5,0,9.1.78.2218,2026-09-08 18:41:40,,,9.1.78.2218
b114216a-898a-4d33-bf5d-39a4b4ae28ab,Mujassim Rajput,https://play-lh.googleusercontent.com/a-/ALV-UjXZUrNk1CSBltNt47trD4RGl0w7jt3YvuRM4OA7nV_8d7zrhPjO,Nice,5,0,9.1.78.2218,2026-09-08 18:40:31,,,9.1.78.2218
763d8b11-5c42-4764-a236-19bcfdb01df1,Gerald Ocer,https://play-lh.googleusercontent.com/a-/ALV-UjX1p461Pc3agfbEvFXBUdWgqG2osKevU2G6OQSq1SnfFNddsY-M,i have amazing experience listening to music,5,0,9.1.80.2221,2026-09-08 18:38:48,,,9.1.80.2221
6ff17d3e-4c84-458b-8fce-48e0979bada0,Tushar Ambhore,https://play-lh.googleusercontent.com/a-/ALV-UjUPgyhdwPYzxH5W7od4hMR2CXwjMgJJCyCzP5PA75cysWdPBQkJ,"asking for premium for any song,Made distrubance.",1,0,,2026-09-08 18:37:35,,,
41fc7da0-8f87-4896-9e13-4107b4bda841,年糕不糕冷•,https://play-lh.googleusercontent.com/a-/ALV-UjUHyfuGdDmvIHjuXzl5HaswtphYk4trqW9nCRpSMEb9WervEuJfKQ,好用，但很多广告！有时候要找的歌也没有！,3,0,9.1.80.2221,2026-09-08 18:35:20,,,9.1.80.2221
5aa7a6e3-20e6-4713-9da7-d0ea49827187,Pradnya Kalekar,https://play-lh.googleusercontent.com/a/ACg8ocKk_0GChVJ9qCeFMFDQ0mQll1KEFOu5oCPhAI94Z33nVZR75Q=mo,too restrictions,1,0,,2026-09-08 18:33:48,"Hi. Thanks for sharing this to us. We'd recommend checking out our Premium plans at spotify.com/premium, for more flexibility in your songs. If you've never had Premium before, you should be eligible for our trial.",2026-09-08 21:22:20,
4f216c2c-ad64-4d20-90d0-61b115415d59,the blue blob,https://play-lh.googleusercontent.com/a-/ALV-UjUdJI9JZNiKG2RPONvDnfAMrVpJV-kuolH8LHBdWxPteiGJYRB12A,pretty good,5,0,9.1.80.2221,2026-09-08 18:32:20,,,9.1.80.2221
1fb6f5c5-faf8-4e26-b992-79725b984eaa,Sam Sunday,https://play-lh.googleusercontent.com/a/ACg8ocI1eb6kTBxkB_meRFbx3aJQIEoIAPGGHD_eBnaLiyt2FlZVRA=mo,good and easy to use if you subscribe to premium 😉,5,0,9.1.80.2221,2026-09-08 18:32:05,,,9.1.80.2221
7b623d89-80fa-4f98-bcfa-101f1a1b6d7e,Halil Yes,https://play-lh.googleusercontent.com/a-/ALV-UjU3jd_QDs6YkY6Cy9oIokUTCPbosckM0YicYKzs-FfIynzsGKKn,Premium alın çok iyi,5,0,9.1.80.2221,2026-09-08 18:32:01,,,9.1.80.2221
ef38018a-3fe2-412e-b282-1ef426ea8615,Nathaniel Constantine Ginau,https://play-lh.googleusercontent.com/a-/ALV-UjVZIL4a9k3yr0Ax1ujDsd9MMQ8IQqvo_UfH1ysSwMCZF_O65A9y,love everything but I hate when your listening to music and the advertisement comes plus I hate that yall don't have some of the songs,4,0,9.1.78.2218,2026-09-08 18:30:01,,,9.1.78.2218
bd89bb4b-450b-4e72-846c-d4578898c772,anupa chandula,https://play-lh.googleusercontent.com/a-/ALV-UjWVpf1gM_vmTut4UVu1lZNStjikWJV-I91YCwkW5xmHUyPzBPZk,sensational app providing quality music❤️😊,5,0,9.1.72.1891,2026-09-08 18:29:54,,,9.1.72.1891
aade6ddf-d83f-4854-900f-300fed1e752e,Sonal kushwaha,https://play-lh.googleusercontent.com/a/ACg8ocJNppBlrgV-hGv8f5sNf-1pkv4RWwgrkJkCFVXHp4ixbZ0R4w=mo,excellent💗,5,0,,2026-09-08 18:26:39,,,
b544782f-f219-43a0-8666-6b4e69c36a23,Hira Jain,https://play-lh.googleusercontent.com/a/ACg8ocLz560nXIXnTtT1DWUF9FhzUayDSBd-qR8Hx0pwyFSLYOkK9Q=mo,the seriously nice app but I read this app to only three star I cut off to stars because yah Jo gane sunane ke liye paise charge karte hain monthly package to freely trial nahin balki isko pura free kar do somesh ko aur bhi do star 5 star chhodo main 10 star isko rate karungi agar yah free ho jata hai vah application kya Jo hamen free mein gane sunane ke liye Na Dena paise lekar har Koi gana Suna dega but Jo free mein sunayen gaana vahi to ek hota hai application usi ke liye to hota Hai,3,0,9.1.80.2221,2026-09-08 18:21:32,,,9.1.80.2221
9901ddeb-3927-473a-84d9-2b8b553f1bb7,Sean Dunn,https://play-lh.googleusercontent.com/a-/ALV-UjVyJOFP9OsItxtSY0XO5zUrLusZtKaWWQ8FldnrNGP-CtBKo3Ku,New ads even for premium. I cancellled premium until the excessive ads are improved.,1,0,9.1.80.2221,2026-09-08 18:19:41,"Hi. While we don’t play ads that interrupt the music listening experience of Premium users, some podcasts may include advertising. Otherwise, have you tried to log out and log back in? If that doesn't work, reach out to our Customer Service at support.spotify.com by searching for ""Contact Us.""",2026-09-07 23:42:01,9.1.80.2221
e0d2ba2c-58ad-44a4-b3be-0bcc2a59041a,Deepa Devi,https://play-lh.googleusercontent.com/a/ACg8ocJf1C6sGF63B_cxsiUrXhPifRI_N1ouameyDkuGRSsTxktNJQ=mo,stars that I have given that is like Spotify treating us without subscription,1,0,9.1.72.1891,2026-09-08 18:18:18,,,9.1.72.1891
546dcc99-b461-4e66-93bc-d7363bd5259a,Pranisha Chaulagain,https://play-lh.googleusercontent.com/a/ACg8ocJSWzPXJ1Nuxr5_NAQVDp80wyEoZWUX8X3sB3_eQslaRXyDZw=mo,why Spotify didn't run while offline,4,0,9.1.80.2221,2026-09-08 18:17:53,"Hi. We appreciate your review. Try clean reinstalling the app as it's a step above a basic reinstall and fixes many common issues. Just search ""Reinstall"" at support.spotify.com. For more help, search ""Contact us"" on the same site.",2026-09-09 00:32:40,9.1.80.2221
1cad4061-7b95-497d-86b3-4b1b3f015b4b,Susan Fisher,https://play-lh.googleusercontent.com/a/ACg8ocL6dOUqwN4xKzatDWPzLBkjJrecq-_4sgVQ6dcHcENjN3AFEA=mo,great!,5,0,9.1.80.2221,2026-09-08 18:16:46,,,9.1.80.2221
a69da142-cb2e-49f5-abf5-f177ef9ce0c9,Alexis Godoy,https://play-lh.googleusercontent.com/a/ACg8ocJooQvuslXExDbrVQz7q3wSam7Ty0Y36KK_22ufSdCHToysyg=mo,activación por voz para DJ Livi por favor 😭😭,5,0,,2026-09-08 18:14:36,,,
026a6367-ba8a-49df-9170-713b8dad2d7b,Danstun Wabomba,https://play-lh.googleusercontent.com/a-/ALV-UjXjuHmOewLdB4meCLBq_cOi_Z0mspvVhmaqxyfZMHSY3uqHi3U,Nothing download but listening,3,0,9.1.80.2221,2026-09-08 18:13:19,,,9.1.80.2221
95b66a9e-d343-4b59-b267-bb35cb3db752,Ronald Castelino,https://play-lh.googleusercontent.com/a-/ALV-UjV-sc6yEU75nsOPtVcqPzsY7FA6FxExiMzqJTfJ__r9iKaSL2Nmtg,"Hello, Why is there no sound when hearing ear phone and Bluetooth or the speaker, from mobile to TV working good sound, but in the cell phone no sound, pls consider 🙏( after latest download)",3,0,9.1.80.2221,2026-09-08 18:11:28,"Hi. Thanks for sharing this with us. For the app's behavior, you can try a quick reinstall. If that doesn't help, we'd recommend reaching out to our Customer Service at support.spotify.com. Just search ""Contact Us"", and they'll be happy to help.",2026-09-08 21:17:43,9.1.80.2221
9b63a674-e47f-4a5a-9c8c-7f61d554f25a,Shloka Naidu,https://play-lh.googleusercontent.com/a/ACg8ocLny8WtJVZjAwAcN3GI9qRTleQeLw4lKaqqQjgRk07RYE5vqg=mo,"guys don't download this app, I was peacefully listening to the ads in this app but I was very rudely interrupted by songs, also jokes aside I liked the older version better where we were actually allowed to choose which songs we wanted to play and how many times we wanted to skip a song, are the bills really this high Spotify?",1,0,9.1.80.2221,2026-09-08 18:10:11,,,9.1.80.2221
a67ac82e-ed6a-473f-960e-92f11df29cb5,Drew S.,https://play-lh.googleusercontent.com/a/ACg8ocLg5e7sy2InBDxIu49ZT7eQgSpJDchwP6afxYSH1gEZ5zSPqw=mo,too many ads to go premium. every time I have to dismiss a popup I consider deleting the app.,4,0,9.1.80.2221,2026-09-08 18:08:37,,,9.1.80.2221
cdcffb7c-923f-441a-bd29-109a63948cd3,Mitchell Jones,https://play-lh.googleusercontent.com/a/ACg8ocJSAuuNrx2okuCp524gVI3feS_At6dzmWzGsKXUSnFQSELwkQ=mo,very good 👍,5,0,9.1.78.2218,2026-09-08 18:07:16,,,9.1.78.2218
a94659d4-1e22-4ed1-ae64-1ce408a274ba,Mayank N,https://play-lh.googleusercontent.com/a-/ALV-UjXvOEXp6Cj1OCeT_DLl1qechyOkdeynpzCiSYhwgk9FDTpkgj0,too much ads keepp playing,2,0,,2026-09-08 18:06:55,"Hi. Thanks for sharing this. We hear you and we'll pass your feedback along to the Ads team. For an ad-free experience, we'd recommend checking out our Premium plans at spotify.com/premium. If you've never had Premium before, you should be eligible for our trial.",2026-09-08 21:19:44,
dc10bcc8-503f-406f-9336-4f627801a6e7,T i g r e. T i g r i t o,https://play-lh.googleusercontent.com/a/ACg8ocLS4SCzXoNg0HuQikUmWoiTxXgeyfOtQ3NriP4CkBgj2r0g4Wk=mo,"It's an Excellent FREE music App !! BUT...It has WAY TOO MANY NONSTOP Annoying Advertisements commercials as always !! 👉 👎 😡 On today's ""21"" Century Modern ""Spotify"" World !! 👉 Therefore you deserve and I'll give you a 👉 🌟 🌟 🌟's As of 》09~08~26;",3,0,9.1.64.1676,2026-09-08 18:06:25,"Hey! We hear you and we'll pass your feedback along to the Ads team. For an ad-free experience, we'd recommend checking out our Premium plans at spotify.com/premium. If you've never had Premium before, you should be eligible for our trial.",2025-10-10 22:04:39,9.1.64.1676
7c983b04-2bdb-49d2-aa86-1a563510aca2,Nick Stadler,https://play-lh.googleusercontent.com/a/ACg8ocJv-i3T8eU_gj9iXoWevg4IyvZkosJA2D2GQvWiFUwqU4ky=mo,"even if you pay, you get tons of ads on podcasts, if the app loads. loads up ""offline"" for up to 2 minutes even with strong wifi. used to be a good app, now I use it less and less",2,0,9.1.80.2221,2026-09-08 18:03:52,,,9.1.80.2221
d687e10e-1550-4849-b6ae-3c386761c3f9,Iroka Irene,https://play-lh.googleusercontent.com/a-/ALV-UjXj8z0Q8NdTq__1BtEAQWf6HJwlo19gh1ujO-a8zvMkXAqYaIc,there is too much of adds and that soo anoying but byelw it's the best app I used,5,0,9.1.80.2221,2026-09-08 18:02:28,,,9.1.80.2221
57ec7ca4-40a5-4bd2-9b3e-3517e7cf5dcd,Vathsalagagan,https://play-lh.googleusercontent.com/a/ACg8ocKOHpoUL_Gs1V55DaV5a3rB0g7Mb5B3q7d_3KdhIGoaVJs1tw=mo,it is free for all and no ads,5,0,9.1.76.2055,2026-09-08 18:01:44,,,9.1.76.2055
5ec7195a-42bb-49c9-b392-869329efba70,Jake Robinson,https://play-lh.googleusercontent.com/a/ACg8ocI2peDtbrHTAFtNLHuQKdgs5gwJ39J4iJerWkTUnUQL60Q3cg=mo,best app ever made,5,0,9.1.78.2218,2026-09-08 18:00:58,,,9.1.78.2218
73f0fc29-1292-4ae0-94c0-6379533cf3e5,DAJOS JOSH,https://play-lh.googleusercontent.com/a/ACg8ocKmljnkz2YbpCy_jSNDVHRKR3_0-n7IHDK8RZqUcLLq4UbM7Q=mo,this app is really really good more than what i expected.....with all music in the whole world with good sound and it is reliable to every one .so it deserves a5🌟🌟🌟🌟🌟.i advise you people to download this app u will never regrets.,5,0,9.1.80.2221,2026-09-08 17:57:26,,,9.1.80.2221
e704aa07-a047-4d67-a2a1-2fcc9275ef4f,Shraddhanjali Rout,https://play-lh.googleusercontent.com/a/ACg8ocLLqWGXmg5OxcfHc1arM4GjXQQW7vorT8LadAdQ5-cZQYxnmA=mo,forced to purchase premium,1,0,,2026-09-08 17:54:53,,,
9c8cdab6-720a-4b26-8441-310d2c6152b1,Bijnesh Mainwal,https://play-lh.googleusercontent.com/a/ACg8ocIGL_9Dbp7TK2D1jZtTI2OgMyY3sv1ln4_GytipYhCVLuwcbA=mo,this app is very bad,1,0,9.1.76.2055,2026-09-08 17:52:48,,,9.1.76.2055
37940682-1e01-4937-ab39-54005c4ff18a,Bhavani Venu,https://play-lh.googleusercontent.com/a-/ALV-UjUucRIV0b5Cz_eFSrScQoE57Yz5YnGVjYDNmkFuaxSfuFNZTHYk,really nice and good,5,1,9.1.76.2055,2026-09-08 17:49:59,,,9.1.76.2055
392ac499-a688-4f72-aec3-ef5531e42f4c,Rajalaxmi Padhi,https://play-lh.googleusercontent.com/a/ACg8ocIMOxNs6SCijHILeNx0WZDPEvfhzTW-pDqAv1nA1cwyUh4KkQ=mo,mode songs,5,0,9.1.78.2218,2026-09-08 17:49:28,,,9.1.78.2218
3d1bda07-4585-42e7-88b7-eca8f26f4e58,Dewayne Eichelburger,https://play-lh.googleusercontent.com/a-/ALV-UjWXWxllX9F4msTQM0D9rYguZ8lnWbpXK4FjrcQOl6vWq-b_7nhf,I love the Spotify,5,0,9.1.80.2221,2026-09-08 17:47:38,,,9.1.80.2221
311de343-e77f-4294-81af-1f3be8c96f68,Anshikaa Prajapati,https://play-lh.googleusercontent.com/a/ACg8ocKiCRk7GgxYbH_BzONWDncj3z4YR5UCBv6V2KfG7TLegZtpDw=mo,👎,1,0,9.1.80.2221,2026-09-08 17:43:53,,,9.1.80.2221
298a0991-a330-4e90-af85-c0f4eeab2190,Aaradhye,https://play-lh.googleusercontent.com/a/ACg8ocLAQDy1zG1va4pDF3MOiNRyfskiTU95qloHr3iEMdAQd9Mbsg=mo,its great for music,5,0,9.1.80.2221,2026-09-08 17:43:13,,,9.1.80.2221
7b7fbd49-34fe-4ad8-9e49-e982ba623d30,Irzanisa Wafa,https://play-lh.googleusercontent.com/a/ACg8ocJCzJe8T6k7N-sQ8AsRb2QMi5IvWHgRmKopxKO3pAg1Ql2pAw=mo,its the best yet apps i have used,5,0,9.1.80.2221,2026-09-08 17:43:12,,,9.1.80.2221
6b515512-73dc-445d-8911-19c7f391810c,Ethan Jones,https://play-lh.googleusercontent.com/a/ACg8ocLjhxo9Qm7QrBFYBoOeHFKbcsfdPJso3NB9-k-COLWM8HUU_g=mo,if you have premium it's peak,5,0,9.1.80.2221,2026-09-08 17:40:18,,,9.1.80.2221
3924c67d-58bb-4c0e-ba3b-546e1055da35,John Yaba,https://play-lh.googleusercontent.com/a-/ALV-UjXE5C-P8c2aPbimthBroH78JSpehjjj1Mbw5uPPubP-VL4fwmW9,Taking my Money without my permission!!,1,0,9.1.76.2055,2026-09-08 17:38:57,,,9.1.76.2055
78fa04b0-e587-4f81-9f9e-f5c7c0674c02,janete dehesa,https://play-lh.googleusercontent.com/a-/ALV-UjUFIyqz7UvXKuhVvqfcSZJkPBtRk2Q9KMU-X92zQY77WO0MFl2P,good 👍👍👍,5,0,,2026-09-08 17:38:48,,,
85c1d94e-faa0-4c62-89bd-4ac313286574,Matthew Girard,https://play-lh.googleusercontent.com/a-/ALV-UjWoWFBVVOdbx3B5Hf8ksx52jcWrSlJqfi0MUgrVMwNylgFQKOfh6w,"Basically a subscription based streaming Napster, Limewire, Frostwire, or PirateBay if you grew up in the 90s.",5,0,9.1.80.2221,2026-09-08 17:37:44,,,9.1.80.2221
8da5fee4-1475-4299-a2b5-acf80ac95ccf,Salman Firdaus,https://play-lh.googleusercontent.com/a-/ALV-UjUKEko9pF_VzH_eqJ20EkoH5ne8zDJgXyoizA_ONwEYZmHqVbU,I don't even know why I subscribe to this trash app other than inertia,1,0,9.1.80.2221,2026-09-08 17:35:13,,,9.1.80.2221
e1e4d679-e796-497a-9feb-170c426e3cd0,A Google user,https://play-lh.googleusercontent.com/EGemoI2NTXmTsBVtJqk8jxF9rh8ApRWfsIMQSt2uE4OcpQqbFu7f7NbTK05lx80nuSijCz7sc3a277R67g,this ridiculous otherly ridiculous,1,0,,2026-09-08 17:33:58,,,
613ceefd-8181-4a4c-bcf9-be5bb4318842,Twinamatsiko Catherine,https://play-lh.googleusercontent.com/a/ACg8ocKs4yroU51LjPO3pKaeZRHIrA7Ii6HdrRBErukrIs9F-gBxiA=mo,I've had an tremendous experience!,5,0,9.1.80.2221,2026-09-08 17:33:34,,,9.1.80.2221
95ae58bb-e09b-4be6-a17e-1fb4bc08978a,Kim Hinkley,https://play-lh.googleusercontent.com/a-/ALV-UjXJnS7qeXtsc-BJYAvmdk6EC2Sc_lwSEImhTy_pveICedfU1ho,"this music thingy is trash compared to a random music app that is completely free and let's you do whatever you want with the music, this app forces you to pay for premium because otherwise they intentionally make the experience of free Spotify TRASH, they aren't even trying to hide it and even if we dont pay they have 600 ads every time I want to change my song because what its recommending me is trash OH YEAH ALSO its recommendations are absolutely TRASH",1,0,9.1.80.2221,2026-09-08 17:32:55,,,9.1.80.2221
81903d80-e1c5-4d8e-89d4-894ac4eb58aa,Chandigarh Swadeshi Haat,https://play-lh.googleusercontent.com/a-/ALV-UjXCRslIUm0ObKFK-u7dNAxDIeXW8BgxgqJcST92GcDUJ7z52l2X,"the app provides good services but everything is on paid membership now, even playing your fav songs!! The skips are limited and don't even get me started on the ads.",1,0,,2026-09-08 17:31:43,,,
6a02dede-50b6-4892-9c85-be974a5d9daa,Joper Edquibal,https://play-lh.googleusercontent.com/a/ACg8ocI2vSEjmbL4WS-C81UH4O7lF5mlONmIIhlx_6LyFl3d21Cspg=mo,too many ads bro I can't believe they don't make a free no ad app now a days,3,0,9.1.78.2218,2026-09-08 17:30:47,"Hi! Thanks for leaving a review. To enjoy an ad-free listening experience, complete control, and greater flexibility, we recommend exploring our Premium options at spotify.com/premium. If you haven't tried Premium yet, you might be eligible for a trial.",2026-09-08 21:15:53,9.1.78.2218
62c20629-7ab7-47d7-af1b-d8224b70a0f1,Adriaan Pretorius,https://play-lh.googleusercontent.com/a/ACg8ocIjZ6TP4AyAjtnRH6iLsYZJ2u6U3NqwRZy5UnyhVWZN3oA_WWU=mo,"First of all, it's a great app but there are some issues where it takes forever to load in, lags and has unstable network connection. Is it just my device or is this a common problem for other Android users aswell?",4,0,9.1.80.2221,2026-09-08 17:28:47,"Hey there! We understand your concern with the app. Have you tried a quick reinstall? If the same issue persists, we'd recommend reaching out to our Customer Service at support.spotify.com. Just search “Contact Us”.",2026-09-09 00:23:24,9.1.80.2221
ec8a4c30-3e3c-41ed-92b2-12e33387e4d7,Alif Shah,https://play-lh.googleusercontent.com/a-/ALV-UjXpWjR7ZbGjCSnJlzCBlz15arelssybSWezv9hhrZLn7xFT1rQ,great,5,0,9.1.80.2221,2026-09-08 17:28:35,,,9.1.80.2221
2317c374-4b55-404c-b39b-6673dba1b451,Javed Khann,https://play-lh.googleusercontent.com/a/ACg8ocKAGUrUc-RyMYnqkqDl56L3O6_iVXUalkpf2xsujPBdKMTalzA=mo,"worst app, too many ads",1,0,9.1.80.2221,2026-09-08 17:26:52,,,9.1.80.2221
c766d3eb-b797-44d1-9380-2bb7dc176b50,Micheal,https://play-lh.googleusercontent.com/a/ACg8ocJEph3jkFsExetPj0_vSCfDJNl4HaJWDvsVfHtPJw-OzfXtGw=mo,is jst good,5,0,9.1.80.2221,2026-09-08 17:25:48,,,9.1.80.2221
c625d113-ed18-477b-945f-56f524aadecb,sara yousef,https://play-lh.googleusercontent.com/a/ACg8ocKF18fduqJfsrFGOFg_K7v7YFgxr3FM9kAl-_DKCRwVn9JZFU1X=mo,I LOVE SPOTIFY NOBODY CAN CHANGE MY MIND AHSHJSJDJDJE,5,0,9.1.80.2221,2026-09-08 17:24:45,,,9.1.80.2221
2ba8b01f-f030-4001-8f5d-a54d1793df64,Sonja,https://play-lh.googleusercontent.com/a/ACg8ocKvCzcq_H2r9aJv4rRsRrYHn4uApP83dvy0_aE746SC2O1aiQ=mo,it's a nice Sal for songs,5,0,,2026-09-08 17:23:32,,,
7d725026-62d0-406f-8529-d6fa81983bda,K Padma,https://play-lh.googleusercontent.com/a/ACg8ocJTv90LmJhq81YkpLipvaPoSj6sOBUiRQ3-sdRwNAA-fc9D5Q=mo,this very useful aap for working 😀,5,0,9.1.80.2221,2026-09-08 17:22:42,,,9.1.80.2221
15bb54d4-a5a3-45f2-ade2-893bbb14652e,Christopher John,https://play-lh.googleusercontent.com/a-/ALV-UjUVWM-PkKrvolm9NrH5wvsQMGSU3Ml6B8Fg3207z7BbQSEgwKE,good,4,0,9.1.80.2221,2026-09-08 17:22:03,,,9.1.80.2221
30b706e0-70ff-4ec6-b8d0-008cfcc40f28,Larbi Ferhat,https://play-lh.googleusercontent.com/a-/ALV-UjWWbpbZ2lWwNg6w6jXC7KW0f_VwDpmfdECitW8p9GT91uHgsKLP,she is good but you need to praim,3,0,9.1.80.2221,2026-09-08 17:22:02,,,9.1.80.2221
a9a9e94f-2dac-4553-9465-ff01adfb3e01,Guia Howard,https://play-lh.googleusercontent.com/a/ACg8ocILJQTJR4_oiLoWzb2n1jBu5tXx2OYUWTeqMU6oKqwoyaUByA=mo,"your music is absolutely incredibly beautiful,, for me, the sound feels like my stress reliever,,,Thank you for the music 🎶🎶💙🤍",5,0,9.1.80.2221,2026-09-08 17:21:08,,,9.1.80.2221
0694a809-e6cd-494a-ae34-1b379d6cc024,Anki Verma,https://play-lh.googleusercontent.com/a-/ALV-UjWRFt8W72WxYcnTjFv-TZ1UBi7tWJFa4lxeBh2VEDmudA-HApY1,I wish you guys introduce Spatial Audio feature I just love that audio experience 🦻🎶,5,0,,2026-09-08 17:20:32,,,
99ef5e65-b7d6-4439-b2ee-b9f80b0a84e1,AKSHAY CHAUHAN,https://play-lh.googleusercontent.com/a-/ALV-UjV-NRXSFOB8vcDEu6LnqOFXwNBNbq9TVEb_gElnT2LuEWj1VVgh,so many advertisement at least 5 song play then 2 ads. normal,3,1,9.1.80.2221,2026-09-08 17:15:58,,,9.1.80.2221
fe38b53d-c7e0-4b65-b030-88defc4bbf00,Kapil Verma,https://play-lh.googleusercontent.com/a/ACg8ocIc5xn91sRuqqdtVEQwlQbw72zkZeueiCLX5SRN8-gdaFRflw=mo,good app,5,0,9.1.76.2055,2026-09-08 17:14:00,,,9.1.76.2055
45c949ed-8298-4797-92f1-ad429fcca6b4,Elyana Gessess,https://play-lh.googleusercontent.com/a/ACg8ocLrB_ioR3LJ8m5SC0a_6I-QNbqFKe48fvz3MLXmd6WZ7MaQzQc=mo,The ads were too much.,4,0,9.1.80.2221,2026-09-08 17:10:15,"Hey! We hear you and we'll pass your feedback along to the Ads team. For an ad-free experience, we'd recommend checking out our Premium plans at spotify.com/premium. If you've never had Premium before, you should be eligible for our trial.",2026-09-09 00:17:43,9.1.80.2221
e40b2fc9-55fd-4e44-a754-344ea161fe8a,Catherine chashele,https://play-lh.googleusercontent.com/a-/ALV-UjVk2uqihpBZhILGoqWwASo8DK1XOoHJc8lXCzKLYgHCF1yaATY,Good,5,0,9.1.76.2055,2026-09-08 17:09:56,,,9.1.76.2055
b6109ada-fb9f-468d-88a5-2b8a8b0fb71f,Max Darnielle,https://play-lh.googleusercontent.com/a-/ALV-UjVTpAKqenvBw36LVtRR54O9JBpcJHOC_Riwkd34pffDT9VyI7vy_Q,best app ever,5,0,9.1.80.2221,2026-09-08 17:08:43,,,9.1.80.2221
7265cbe8-395c-497b-be89-f06231554b84,Ankita Sharma,https://play-lh.googleusercontent.com/a/ACg8ocJ0otz9_hVD_j3mY8zuMl7dC77t8DlFFxt7HBhN1O3IRJ05aA=mo,nice app for music,5,0,9.0.56.591,2026-09-08 17:08:34,,,9.0.56.591
4a38da1b-0cbe-4a57-ae1c-2288bec822c8,Maya Tiwari,https://play-lh.googleusercontent.com/a/ACg8ocIlI2ARiPJFxc917h_hi9R3bLoT6k46LmmhHM4AKl29bt5eyg=mo,not nood songs 🤮,1,0,9.1.80.2221,2026-09-08 17:08:30,,,9.1.80.2221
cae8187a-ba26-4511-8a91-30625cdf17fb,Diaa alkateeb,https://play-lh.googleusercontent.com/a-/ALV-UjWYJav6WlOGSdsKoEMD29d4dQYczpoxBz1BkRmwl7uo6_Y9L3ARXw,it good but need translation for lyrics for songs,3,13,9.1.80.2221,2026-09-08 17:04:21,,,9.1.80.2221
1e0b786f-68b3-4bfc-961c-fdeaaa88b749,Casa Nova,https://play-lh.googleusercontent.com/a-/ALV-UjXsOPbvNJepxYqoSoXg9hd1VFks8KHH0ozV5-6XiAKHK4NYmGQi,Always Good 👍,5,0,9.1.80.2221,2026-09-08 17:03:27,,,9.1.80.2221
22b19221-87a2-490c-9322-54824ae0c683,Fatima Noor,https://play-lh.googleusercontent.com/a-/ALV-UjWI-UYPPnMmNj2VQeHIeIhp8qginPJ2ELv9bL162gZft6YfSH8,I really enjoyed this app.,5,0,9.1.80.2221,2026-09-08 17:02:59,,,9.1.80.2221
cf691146-ddce-46aa-8889-f74423ec237c,Janet,https://play-lh.googleusercontent.com/a/ACg8ocLEBMVFzJvRxKM7Qn9yft3-SBgnp_kTKANbICdE954JqPBYlQ=mo,The problem is the add Try to reduce the amount of times it pops on Thank you,3,0,9.1.76.2055,2026-09-08 17:02:58,"Hi! We welcome your feedback and we’ll pass it along to the ads team. If you’d like an ad-free listening experience with more control and flexibility, feel free to check out our Premium options at spotify.com/premium. If you haven’t tried Premium yet, you might be eligible for a trial.",2026-09-08 21:14:22,9.1.76.2055
b3ac0a43-1355-49b7-8b82-b8622da6c24a,Kaylum Herbert,https://play-lh.googleusercontent.com/a-/ALV-UjUezBhWAPBXsbiPamr7TP3E-N3zkwh6yJh7aS0-CXmPDEP-RO4,App is really slow and laggy recently because they keep cramming the app with unnecessary features and AI bloat. They should atleast give an option for a Lite version for people who just simply want to play music.,2,0,9.1.80.2221,2026-09-08 16:56:54,,,9.1.80.2221
16fddc44-d489-4850-82eb-2e8b18e07406,Travis Chillion Robert,https://play-lh.googleusercontent.com/a-/ALV-UjXQcBOfLTPJXKcJ0UtLFLQAuGKZMxXGDq2ywxapFMB6FEXrsLo3dg,Best 👌,5,0,9.1.80.2221,2026-09-08 16:55:37,,,9.1.80.2221
7156b902-9ef0-42b3-94a5-ed98c0bda9cb,Sri Nandhan,https://play-lh.googleusercontent.com/a/ACg8ocJfMMzaULEXkKPDbESlawRDi6_FM7XjFByeFS_0zcXaEquXZRs=mo,"great app! to listen, for me it's so good",5,0,9.1.78.2218,2026-09-08 16:54:33,,,9.1.78.2218
5a97b974-042c-4668-89a2-4fad30f216f1,Khi zar,https://play-lh.googleusercontent.com/a-/ALV-UjV-gRPSIKuHAuCM1y9cMzvkOCg32-6PYcwohxOM2LO3bG5drjLA,ads are too much I aint gonna lie,4,0,9.1.80.2221,2026-09-08 16:54:22,"Hey! We hear you and we'll pass your feedback along to the Ads team. For an ad-free experience, we'd recommend checking out our Premium plans at spotify.com/premium. If you've never had Premium before, you should be eligible for our trial.",2026-09-09 00:22:27,9.1.80.2221
f59a03bb-7583-4780-abb0-4897ad186785,Carlos Miranda,https://play-lh.googleusercontent.com/a-/ALV-UjUq6xbJHbE1sqW3EfOCLVlV6UNpywb5cAPYiFuC0I48cHTuYVo1zQ,listen to what you want. I love it,5,0,9.1.80.2221,2026-09-08 16:53:00,,,9.1.80.2221
272c37b9-fd40-436d-ad8f-49539b3e88b2,Ivy Ngoroma,https://play-lh.googleusercontent.com/a/ACg8ocKuv1Kh_KzqFgaWp14kG9B6GkzF2nxPRsUVWEEIfkEiceK1sQ=mo,five stars,5,0,,2026-09-08 16:50:38,,,
3cf0869c-e750-4805-b447-8ab310370f7c,Saad Niazi,https://play-lh.googleusercontent.com/a/ACg8ocId8gX9Pe6N8iKONQM2BlZ-zlBHqK9MST8VO9zPsVikGDl-Mg=mo,"really good can listen to ""I'll be there"" By Michael Jackson the quality is so good",5,0,9.1.80.2221,2026-09-08 16:49:23,,,9.1.80.2221
a021f115-ae06-42c9-8560-a665510a79ab,Alexander Cormack (Mac),https://play-lh.googleusercontent.com/a/ACg8ocLIZFqv6Y-yrB_yUcVOwiDQMHD6iQtvSxzHTMqTHPsQ95PAVbM=mo,"I love it Premium l have tried a few other apps. This is by far the best, play all around my house . Still the best around edited 8/9/26",5,0,9.1.80.2221,2026-09-08 16:48:40,,,9.1.80.2221
c1f72f60-aaef-4533-a78c-5b0f767b9224,Ranveer Nitharwal,https://play-lh.googleusercontent.com/a/ACg8ocIxu1cLUhAW00_u6y4ZfwSy_qGLNKyY5qjSa6_xP_pjMJjX=mo,"LWK PAY TO LISTEN BUT ANYWAYS I STILL LOVE U MY SPOTUU edit - ngl u pmo now, additional -star for that",3,0,9.1.76.2055,2026-09-08 16:46:30,,,9.1.76.2055
b0ce9145-f576-44ae-929f-8dee742b06a9,Craig Berkowitz,https://play-lh.googleusercontent.com/a-/ALV-UjVpMEAOdTXyLKJruoDsrd2Zr4PTTCffb6FfLVCCxxUWDW4-B23q,awesomeness Quality Sound always play the tunes through my Huge PA in my house Studios,5,0,,2026-09-08 16:44:53,,,
67c99ecc-fbbc-4c10-94be-3f62a0be4f6c,Kaur Randhawa,https://play-lh.googleusercontent.com/a-/ALV-UjX8VCle-jLmsCUrTWHjc1DlMZDbSUvXhuwEEiAds1QkaucKnWo,this app is very nice app in world why maybe you think a you lesern a song with very low mb song app this app can do,5,0,9.1.80.2221,2026-09-08 16:43:21,,,9.1.80.2221
0d71abd8-4572-4562-9f88-e1a11aaa500c,Michael Nelson,https://play-lh.googleusercontent.com/a-/ALV-UjUy3jwLOsB9WQJ5O6SfKiNvUkCs-4OIxf1FDsTQNDGdzfwFzma-,"pay for premium, still get ads due to bug",3,199,9.1.80.2221,2026-09-08 16:43:05,"Hi. Do note that you may still receive ads within podcasts, but not between music. For now, have you tried logging out then logging back in to your Premium account to refresh it? If that doesn't help, we'd recommend reaching out to our Customer Service at support.spotify.com. Just search “Contact Us”.",2026-09-08 21:12:56,9.1.80.2221
07222449-c30e-43b3-bc87-2c701ebf33ea,PRIME OTAKU,https://play-lh.googleusercontent.com/a/ACg8ocLF1z6ayq9Ot2OBiLm5VCSdFmoamDKTkmGuYk22aOpKNa8ZFw=mo,best music listening app,5,0,9.1.80.2221,2026-09-08 16:40:37,,,9.1.80.2221
f01b3f40-3f09-4b6d-90a4-4db43658c218,Kristina Marie Arzaga,https://play-lh.googleusercontent.com/a/ACg8ocK-LuHMV6jmZ5rmhbjN7kxhD5ebWH4c1EmqtvxCMv1oWk4RxA=mo,great,5,0,9.1.80.2221,2026-09-08 16:39:32,,,9.1.80.2221
e8c4b571-4ff3-4691-a692-486602bfbb06,Sumit Yadav,https://play-lh.googleusercontent.com/a-/ALV-UjVo5cEHUS12NSZgiva7lN00ooCR1QyME2HjP0puNxhJqIo_F9o,❤️‍🔥,5,0,9.1.78.2218,2026-09-08 16:28:31,,,9.1.78.2218
470670f8-e2b8-489e-a0eb-36c122073788,Emil Tagiyev,https://play-lh.googleusercontent.com/a/ACg8ocIxAkmt0iNO3Iz-9O48PB3VMfCX_d4fqfzQ76aec-ew3em47A=mo,лучше приложение что бы слушать музыку,5,0,9.1.80.2221,2026-09-08 16:27:48,,,9.1.80.2221
8e9dc79a-8537-4d3f-b357-cf6af7fb6177,Brian Brown,https://play-lh.googleusercontent.com/a-/ALV-UjWUprW6hIrJTCiSeUnqotzrg6hXVAoAqHp_5KraK0sjtPecxUV9wA,Much better o er the last few years..the algorithm is dead on most of the time now!!,4,0,9.1.80.2221,2026-09-08 16:25:20,,,9.1.80.2221
0b2c7cec-9e47-487d-a878-a2900a795da5,Aditya Bargal,https://play-lh.googleusercontent.com/a-/ALV-UjWPUWURKWZYTUyjvVw4uoGApaswaA_x2l8dxN1HsXlcRl_-9IJZ,best app I have use,5,1,9.1.80.2221,2026-09-08 16:17:59,,,9.1.80.2221
af70d47c-44a5-4bce-a165-c23040f9b914,Sownia Akter,https://play-lh.googleusercontent.com/a/ACg8ocIbXmunQIa7HxZcH9LfqpIFBkNQ6Ck1H_uAeoek0mMhcAHOEg=mo,I really like this app I can hear all kinds of sing:),5,1,9.0.34.593,2026-09-08 16:15:37,,,9.0.34.593
7ade2894-f17c-40a0-808e-d5812d4396d4,Ellison Montgomery,https://play-lh.googleusercontent.com/a/ACg8ocKletQuf54BRgrAM8_q1VNrS_0fN6iWKwRgTWMEyOm1j8sT_A=mo,works amazing,5,1,9.1.80.2221,2026-09-08 16:15:26,,,9.1.80.2221
3cccdf93-9c88-4b56-a43b-6b12c8128733,Mursalin Sarkar,https://play-lh.googleusercontent.com/a-/ALV-UjW_xQBoMBqyJsir-JVboG_wptS-jxkow5yeHXmf8egQhrBVdZw,amazing! 😭😭,5,0,9.1.80.2221,2026-09-08 16:15:21,,,9.1.80.2221
a2377de6-f8fc-4b11-90b0-4a457b53cd9b,Aiden Franks,https://play-lh.googleusercontent.com/a-/ALV-UjXpFjjQNUwiSgdSfsqhNZ7gMZS2W0-V2edDAOnfBIhy8zRoFkrh,I use it every day ads can be annoying but hey whatever gets food on the table,4,0,9.1.80.2221,2026-09-08 16:14:16,"Hey. We hear you and we'll pass your feedback along to the Ads team. For an ad-free experience, we'd recommend checking out our Premium plans at spotify.com/premium. If you've never had Premium before, you should be eligible for our trial.",2026-09-09 00:16:03,9.1.80.2221
1e208d4d-988d-4189-a2aa-e82b7ab79969,thota ramesh,https://play-lh.googleusercontent.com/a-/ALV-UjUjrHbiA_vZ6dWR7bgwLIyyN5dsO7jPx4MsdnXEdRFPTCDMoa41,vg and very helpful compared to jio,5,0,9.1.80.2221,2026-09-08 16:12:25,,,9.1.80.2221
1bb2d5aa-35fe-4089-9dd6-b4bd0fb9fc78,Privacy Pass,https://play-lh.googleusercontent.com/a/ACg8ocKAm3Sf09_1hMX1miFuWVl4GncKyjr6mUgvRcRC2mxDUU3e8A=mo,Worst app for listening music u can't even play a specific part of the music greedy company fk u all i hope u all go bankrupt in the near future,1,0,,2026-09-08 16:11:58,,,
0e372486-c78e-4d35-b382-008645c39b2d,Swamiraj Taware,https://play-lh.googleusercontent.com/a/ACg8ocKM1mV1B3Vz8fmxX92rPMTVe9RjWCWq1aK1fG-XwoauIB8tPw=mo,Nice,5,0,9.1.76.2055,2026-09-08 16:11:57,,,9.1.76.2055
692cd167-b695-4c5e-9b1e-54f7614ff33d,Sumit Ahirwar,https://play-lh.googleusercontent.com/a/ACg8ocJfmO6ZYaZHYNsl0KKdMgsiVRfJ4B6AUhKEu7ePI7cYOETqag=mo,DaDa GuRu,5,0,9.1.80.2221,2026-09-08 16:09:48,,,9.1.80.2221
92dfc07d-042f-4479-bf38-cdb1f3fdf9c7,Manasa C,https://play-lh.googleusercontent.com/a/ACg8ocILlWBNrU6IknShoGdZUmhY8HUsr3c96eO924xaCwuIrr0vIg=mo,good,5,0,9.1.80.2221,2026-09-08 16:09:04,,,9.1.80.2221
96e23780-6c58-4e7d-b6de-feb7f476df83,Chloe Still,https://play-lh.googleusercontent.com/a/ACg8ocJB1D7eRfudDF2aNxWGE_Lasjiov6kZp7LLIYvDLfDi1Kjzqg=mo,"I mean it's good for music app but the shuffle just mostly plays the same songs in the orders sometimes. and when I listen to podcasts it gets really slow. please fix these problems. the problems for the podcasts are still horrible, it's not my problem it's yours",2,0,9.1.80.2221,2026-09-08 16:02:18,"Hi. Thanks for bringing this up. You could try a quick reinstall. If you're on Premium, you could also try toggling the Shuffle option to reshuffle the queue. If that doesn't help, we'd recommend reaching out to our Customer Service at support.spotify.com. Just search “Contact Us”, and they'll be happy to help.",2026-08-27 21:35:21,9.1.80.2221
f5dbf358-b48b-4142-8b65-f00a050e3001,Nivesh Gupta,https://play-lh.googleusercontent.com/a-/ALV-UjXAN643htB3rBB2uHlotHZPaEHCJl9KoJDb9f_RRtcfg3clc2M,overall ok,4,0,9.1.80.2221,2026-09-08 16:00:50,,,9.1.80.2221
68f6552c-6781-4e41-a8a3-62cc392cac50,Zuha Fayyaz,https://play-lh.googleusercontent.com/a-/ALV-UjXXZGYcuiu8lyuiwNJ1GPuzkCXYri7TJ15CrWxY6gMdhu4kxbKZ,i like spotify tooo much♥️♥️.,5,0,,2026-09-08 16:00:13,,,
d5318fb0-f1fb-4924-998e-412ed0d3b9f4,Mohmd Anas,https://play-lh.googleusercontent.com/a/ACg8ocKkSa4hkeK_W7u138CoZb_RRxB7x9a6CW2MOPrxms_SraVIpA=mo,add,2,0,9.0.50.416,2026-09-08 15:58:28,,,9.0.50.416
0ee18089-0b6b-4ce9-b882-0bea4e24eb71,Malachi Sparks,https://play-lh.googleusercontent.com/a/ACg8ocJHesQdu__IgUi1oQN729Y01I4_ccq9MuyiSCnq3pg1_5Gyxw=mo,it's really slow and takes forever to play a song,3,0,9.1.80.2221,2026-09-08 15:56:21,"Hi. Thanks for sharing your experience. Have you tried a quick reinstall? If that doesn't help, you can get in touch with our Customer Service by heading to support.spotify.com and searching ""Contact us"".",2026-09-08 21:14:16,9.1.80.2221
9eb09754-7261-4505-a854-e51141ec59e7,Sam,https://play-lh.googleusercontent.com/a/ACg8ocJ3dSA9oqYqhKiKEN-9NK5USouICcthsFDCY4jVnkBUxlisi3oG=mo,Still far too many bugs and often doesn't work. Regularly launches in offline mode & won't connect for a minute with full data connection. New widget is broken & has forcibly replaced to old working one. App also now pauses playback & due to some sort of crash every 10 seconds,1,1,9.1.80.2221,2026-09-08 15:52:56,"Hi Sam, thanks for the feedback! We'd suggest checking the articles at https://bit.ly/2Njt5Wp to see if those steps can help with the issues you're having. If you need an extra hand, you can also reach out to our support team at https://bit.ly/2zhNwyX. They'll be glad to help.",2020-06-24 13:01:05,9.1.80.2221
7ef5931a-f77f-487f-9417-af263c39d481,Walter “Darkness10701”,https://play-lh.googleusercontent.com/a-/ALV-UjXYLSFCNdZE973Xz_WmY8aWrKk8CnWErOhT-Yt3CBfu5duQTis,Great app. Have been a subscriber now for 7 years (maybe more). Not disappointed.,5,0,,2026-09-08 15:50:06,,,
d3e3993d-a474-4e33-8f94-40485ae42dbc,Khagen Laha,https://play-lh.googleusercontent.com/a/ACg8ocI-StSxuA35vGP_NFMdCwW8wp4ZEw435MEJ7nD5bff7mNgN=mo,best app,5,0,9.1.72.1891,2026-09-08 15:45:36,,,9.1.72.1891
3ee1488e-845d-4539-9568-98319f4f841d,Nancy Cardin,https://play-lh.googleusercontent.com/a/ACg8ocK9lp1uRgjOclWUNGRafbxROc_Fxkid-9R1amesgiZi517nuQ=mo,Spotify: Music and podc... Nancy cardin Rate this app,5,0,9.1.80.2221,2026-09-08 15:43:23,,,9.1.80.2221
9832c0dd-7436-45f1-a639-bd79b70824c2,mayamiko mbewe,https://play-lh.googleusercontent.com/a-/ALV-UjVCHbVDP0aZsCJiyjLNyTIIunE1tweXwTLegHu7UXWwbFvo1L8K,best app ever 🫰,5,0,9.1.78.2218,2026-09-08 15:43:00,,,9.1.78.2218
957f2a15-9709-403c-ae40-610f1b317a29,Sunita Prajapati,https://play-lh.googleusercontent.com/a/ACg8ocKa1lbw0Pby2BL1oTisaXDgsBf_-5ZLMZ2RoJVFK0YV5FhLxw=mo,very impressive and very bahut achcha hai yah aur ismein matlab gane sev kar sakte hain bahut achcha Laga,5,0,9.1.76.2055,2026-09-08 15:41:56,,,9.1.76.2055
d11129ab-b911-42ec-a649-8c89c2b93997,Afif Sigma,https://play-lh.googleusercontent.com/a/ACg8ocK7TAhjnLS1bJNrC3386e7SB6wCEZC5NDY_fTQNywcO7hqezw=mo,good,5,0,9.1.76.2055,2026-09-08 15:41:54,,,9.1.76.2055
003f4851-87f6-48bc-8e21-734cb87a0535,anant rohit,https://play-lh.googleusercontent.com/a-/ALV-UjVP2wVED86RUCQVOnHJooiUal5_TTw-DHp3qYH4VDgoCgkLVeEA1A,"too much aid, pahle Aisa nahi tha",1,0,9.1.78.2218,2026-09-08 15:41:48,,,9.1.78.2218
91d5a165-e31f-45b4-98ab-cdd9ea6f06d3,Nyaenya Lydia,https://play-lh.googleusercontent.com/a-/ALV-UjV504IQv8yh5Y880nzgo8b32Ak8NQKYoj5GNl4e8gbq29Ev0u0ddQ,Out of this world. Very good App,5,0,9.1.80.2221,2026-09-08 15:36:35,,,9.1.80.2221
29c31f52-19dc-4170-b713-d9ca2de1ff12,Priya Patole,https://play-lh.googleusercontent.com/a/ACg8ocKpOYyTxLkeHFGi9q6vYbp8MdRgdIIKsAP7kqXL3CLi7aMBCg=mo,it is very annoying app 😒 because of it ads and the prime membership 🙄 😒 😑,1,0,9.1.78.2218,2026-09-08 15:35:41,,,9.1.78.2218
479c3403-29f2-423e-8de7-8c8aa739bb32,Amina Amin,https://play-lh.googleusercontent.com/a-/ALV-UjVdTyiUXpydGMjy_S8hNP7xkFx5Bo_nmPl9HXDE5o55gQNslToc,is so many songs have it I like it,5,0,9.1.80.2221,2026-09-08 15:34:21,,,9.1.80.2221
48af4c15-eda2-4f73-8bc4-a9e85053ee36,José enrique González Jorge,https://play-lh.googleusercontent.com/a-/ALV-UjX1gSp8j585p5CfRs6VbTosjADHCYKVNZz8XMdD-bbvi3Dr5-sF,Qué bueno es ta,5,0,9.1.34.2060,2026-09-08 15:29:51,,,9.1.34.2060
d906d71d-9354-4e94-8546-2651ffa2b581,MizJ Mashego,https://play-lh.googleusercontent.com/a-/ALV-UjXy4frc8Fkf8jNMiI2n78_trXHYf-kZyDqWsultV4WBj10XETIR,"Good music that I'm experiencing, so exceptional from different genres.",5,0,9.1.80.2221,2026-09-08 15:26:35,,,9.1.80.2221
2ebfc2e0-480e-4c19-a95d-6f065a411577,Alex Sanchez,https://play-lh.googleusercontent.com/a/ACg8ocJ63Tz3uSbYBtNCV3Gxng1Bl72R7UJ7VCP04m653akwoQltKLw=mo,the best,5,0,9.1.80.2221,2026-09-08 15:25:11,,,9.1.80.2221
3dc23374-1ed5-47e9-9629-d97065c03604,Manoj Singh,https://play-lh.googleusercontent.com/a/ACg8ocIhBZ8Yg2PvmPXKtx24rbDt1H8VIi320YlCftDLXIvdVFmx1Q=mo,yr ye w yh reet tk reet sad th ki yr me🙏 तकट्रीर er frfr reet6y,3,0,,2026-09-08 15:25:00,,,
b5b3f25b-b031-444d-8af1-d9a4890c56b8,Linda Walker,https://play-lh.googleusercontent.com/a/ACg8ocJErO2NJwZPYumgAqtdXsbJI2B4zuoxJQzHw0lHXmSoC6wfJQ=mo,purrfect!,5,0,,2026-09-08 15:21:05,,,
8cbf5b5f-f2e9-482b-a7ea-4c66a85e17c3,Yeonsu,https://play-lh.googleusercontent.com/a-/ALV-UjUs-9frhUrbc7cmS2YZAfBpr26kgRJ30YBZ7gyoWTmlvLZrHD4s,"horrible optimization, loading is so bad, the app stutters on my s26, I thought it was my phone but apple music works effortlessly, and so does youtube music, I hope this gets fixed (version 9.1.80.2221)",1,0,9.1.80.2221,2026-09-08 15:18:25,,,9.1.80.2221
d5126a50-1a6e-4d50-b09f-b29f140bf6fc,pawan bandara,https://play-lh.googleusercontent.com/a/ACg8ocKeXXffoMqkTLM1ZHkfXgu9ikRWWOLGfGrEgNV5T4cwfgU6eg=mo,not good too ads I am not like this,1,0,9.1.80.2221,2026-09-08 15:18:00,"Hi. Thanks for sharing this. We hear you and we'll pass your feedback along to the Ads team. For an ad-free experience, we'd recommend checking out our Premium plans at spotify.com/premium. If you've never had Premium before, you should be eligible for our trial.",2026-09-08 21:08:08,9.1.80.2221
6f88a477-53d9-4eaa-9dbb-2e1f0d88935e,DUNGER SINGH RAJPUT,https://play-lh.googleusercontent.com/a-/ALV-UjXpzaVuZR_MAANTvqmro-FcK3HofruOIzpgoaQnaHl4bS_f62Qu,best app best music,5,0,9.1.80.2221,2026-09-08 15:11:00,,,9.1.80.2221
297be251-c95b-4307-b138-9005b0d95bd6,Christopher King,https://play-lh.googleusercontent.com/a-/ALV-UjWJyKcb4Qdh03VeDzW07Ja-i272HDJqaaruK0YB-Z9F39S43lGJ,Decent selection of music. But why all the junk adds now. What's the point in paying for a subscription when all I get are these BS podcast junk !! Just give me what I paid for.,2,0,9.1.80.2221,2026-09-08 15:06:41,,,9.1.80.2221
a5e8907c-b1e1-45b5-9449-1f664a67087f,Jharna Dibragede,https://play-lh.googleusercontent.com/a/ACg8ocKaeg_3dP8j7EVQXkJyF2MzlekdzuWjlmdIGiV5kFTfmNujHg=mo,it is so good in premium quality i like it💓💓,5,0,9.1.80.2221,2026-09-08 15:06:17,,,9.1.80.2221
e05466d9-f0f2-4ca3-8e82-258484a36a94,lance deniel duclayan,https://play-lh.googleusercontent.com/a/ACg8ocLXd4HVPAAhXyZHsD2yiK0LaqyWXVj5pnMUH6JnqJOSwVNdOQ=mo,great but the ads and like half of the features need premium,4,0,9.1.80.2221,2026-09-08 15:03:10,,,9.1.80.2221
3f6f8077-21af-4273-a060-4c5a93f4ecbb,Thu Bui,https://play-lh.googleusercontent.com/a-/ALV-UjVRSvtmxtrebk5RzcItFkEqFRGqTpM55T34iJCBuuLRJNQO-zj8,nice BUT I'm sad that I can't watch my episodes offline since they turn into audio even though I've downloaded them 😔 😭.,5,0,9.1.80.2221,2026-09-08 14:58:24,,,9.1.80.2221
5e4aa7b3-63e1-4177-be38-565645ad8bb6,Marinasia Ninou,https://play-lh.googleusercontent.com/a-/ALV-UjVpENSWN2EtU3jfDYuzc_ya-v2un7L1Z_OhZb2_c9gt4hl8IlY,the app was pretty good for a while but then it started only playing the three same songs over and over again and the amount of ads is unbearable as well as the available skips.,3,0,9.1.78.2218,2026-09-08 14:58:18,"Hi. Thanks for sharing this. We hear you and we'll pass this along to the Ads team. If you're looking for an ad-free experience and greater flexibility, consider exploring our Premium options at spotify.com/premium. If you haven't experienced Premium yet, you might be eligible for our trial.",2026-09-08 21:07:34,9.1.78.2218
59fd35ef-da55-41d3-8bb2-608e45cf0ffa,Bhanu Siddhabathula,https://play-lh.googleusercontent.com/a/ACg8ocJ51PxGVHfsNcETsIJ1LFWXv0uNc-Er9HGz_BLr-UJ3qg4bCw=mo,Good,5,0,9.1.76.2055,2026-09-08 14:57:00,,,9.1.76.2055
2a642851-f3b6-4563-ab16-708c0b475e8b,Abdurrahman Mazhar,https://play-lh.googleusercontent.com/a-/ALV-UjUrF1b7mqoXgE7ehRDdaWIV6NYkVIUVZjKP1LAxU9FjqhXLfX34,Spotify is my LIFE!❤️‍🩹,5,0,9.1.80.2221,2026-09-08 14:52:43,,,9.1.80.2221
0fb8c096-2144-4ffd-bf3b-0644882bcb84,the jester jesser,https://play-lh.googleusercontent.com/a-/ALV-UjUlSzQa-87M7B6CF95Sxb1c3gWgxWmIsYq78dshchY2aFtJx4g,this shi is better than youtube music and has more music than all music sites i absolutely LOVE IT! thanks spotify im addicted to you now!,5,0,9.1.78.2218,2026-09-08 14:51:39,,,9.1.78.2218
e504faec-51d7-48ab-8bd4-4109a83ef1bb,Tawanda Marara,https://play-lh.googleusercontent.com/a-/ALV-UjWGHGHhK8JRAwpIv2msF_BcHnRrIYZ5__jQqAiuyedt6TY7ZpEl,Fantastic,5,0,9.1.78.2218,2026-09-08 14:51:29,,,9.1.78.2218
bd7576d5-7311-4f7d-8605-8984a632bc42,Mohammad mahyar amiri,https://play-lh.googleusercontent.com/a-/ALV-UjXp-9TPvJnH9DgtlR7SXozhliNLXuuB-xJVPtmBLGbdPKNZ1M9N,nice app,5,0,9.1.78.2218,2026-09-08 14:50:56,,,9.1.78.2218
30cba8d6-f76e-4adf-a983-b99252fc0d60,Swayansu Sahoo,https://play-lh.googleusercontent.com/a/ACg8ocK9FXNEYXUjC7ZPGkelWrwmtCz2tkxVblqzJmKukCv1rZ8EiQ=mo,peace💕,5,0,9.1.72.1891,2026-09-08 14:48:35,,,9.1.72.1891
d4ba295f-9d00-4870-a427-40c7651f3c94,Corneliu Munteanu,https://play-lh.googleusercontent.com/a-/ALV-UjWU1Wx42U76I4AH7r2UddQODAuwlfQAaxH5LRqQPYhBbyI1JxGk,excelent service,5,0,9.1.52.1394,2026-09-08 14:47:21,,,9.1.52.1394
ec0cfcc5-b4a3-4af2-ba03-29f1286218fa,Tlangelani Chabalala,https://play-lh.googleusercontent.com/a/ACg8ocJqRb0SGWjYEf2ZPPApbWiG1qS6xEyvbAn68dYKXs9R78zjCw=mo,great thanks,4,0,9.1.78.2218,2026-09-08 14:47:15,,,9.1.78.2218
c1bdd333-7b5c-485e-afff-691ea9dbaba6,Jethro Tot,https://play-lh.googleusercontent.com/a-/ALV-UjX9DnQpC-U2cCNJ0oZABOGZlzai9NSnZjej520cUCotTN9pNkMf,it's the best so long as you subscribe for a full pack experience,5,0,9.1.80.2221,2026-09-08 14:43:31,,,9.1.80.2221
f8976893-b249-4683-bc36-bdc3a1d13038,Sudha K,https://play-lh.googleusercontent.com/a-/ALV-UjXWNWcCotGCkKDkCS-vZ44MbQkkp_pMevWsbOfPuyfiVM8WRGwd,skop playlist,5,0,9.1.80.2221,2026-09-08 14:40:39,,,9.1.80.2221
890305c8-8fd5-4254-9fad-c21bd41dfeb9,Aliness Phiri,https://play-lh.googleusercontent.com/a/ACg8ocJUM_BcsVBrm9k2TSq54hmx5Rm5MYfZdr16UYU0fb-hscTrAQ=mo,awesome 👌,5,0,9.1.76.2055,2026-09-08 14:39:12,,,9.1.76.2055
b253bb5d-ad79-4378-9bc8-a4dbea269423,Sharaan Waghmare,https://play-lh.googleusercontent.com/a-/ALV-UjWr23keS1oq_eLAyHI3xjL38IosZ-IDMtnhptamOlp3ShinAL4,ita very good app,5,0,,2026-09-08 14:34:43,,,
1b056a81-08f2-4aa7-abed-fd2810ffa5a4,Chijindu Dibia,https://play-lh.googleusercontent.com/a/ACg8ocJaHbBYRlFHTfkDnrwuBP7ChjT7cbq8Sb5kGpdS4BBE1PXSXw=mo,"Kindly fix whatever makes the music to stop playing when you return to the app. I initially thought I needed an update but after the update, the issue is still there.",3,0,,2026-09-08 14:33:51,"Hi. Thanks for sharing this with us. For the app's behavior, you can try a quick reinstall. If that doesn't help, we'd recommend reaching out to our Customer Service at support.spotify.com. Just search ""Contact Us"", and they'll be happy to help.",2026-09-08 21:05:05,
262b5739-8980-4064-b4ad-cfa998544474,Kusmo Deen,https://play-lh.googleusercontent.com/a/ACg8ocLl6uFZgLAcX7j8yeprqlszRIJX41Vv2kfpq7TRydcwTMrfrw=mo,good morning thanks for the update and music.,5,0,9.1.80.2221,2026-09-08 14:30:25,,,9.1.80.2221
f9b52305-8a49-4c4a-b714-c94aefe4f36f,lanre,https://play-lh.googleusercontent.com/a/ACg8ocK8kIxk8WWpaPFNBfRG_o29fYEBA1ZV1MH-kyZF7gRaTZe4fQ=mo,This app is everything you want in a music app. I recommend,5,0,9.1.80.2221,2026-09-08 14:29:19,,,9.1.80.2221
a644981c-6a1c-4170-bdc4-f227602b9872,Preolan Naicker,https://play-lh.googleusercontent.com/a/ACg8ocKTDk3o4M5G5xhNq-vfODfFReawwQlpcNlI2QU6vKMFoMsicg=mo,flipping awesome,5,0,9.1.80.2221,2026-09-08 14:28:18,,,9.1.80.2221
33cd6339-0c0a-4a60-80ea-9bad1ce5e2ca,Jayden Ahlefeld,https://play-lh.googleusercontent.com/a/ACg8ocLeZhWGTkR5KnyYk1C7RbN5IIROOSq3LO3CYM-d2KuxcXusxA=mo,PLEASE MAKE IT SO YOU CAN USE SPOTIFY OFFLINE BESIDE THAT IT IS A REALLY GOOD APP,1,0,9.1.80.2221,2026-09-08 14:28:15,"Hi. You can check out the steps under ""Listen offline"" at support.spotify.com. If you're still having issues, we'd recommend getting in touch with our Customer Service. Just search for ""Contact Us"".",2026-09-08 21:06:43,9.1.80.2221
7684af25-1a2e-45da-9647-fbb572f12f52,RAJRATNA TRAVELS,https://play-lh.googleusercontent.com/a-/ALV-UjVCGNwbqEXmue7S5eff6GHJ8pj1lMEXQ-IJlsY_XnLjFbZW6-MupQ,Third Class,1,9,9.1.80.2221,2026-09-08 14:27:47,,,9.1.80.2221
29c22884-cac2-4fb6-aaf9-f8c5995c2301,Solomon Hycent,https://play-lh.googleusercontent.com/a/ACg8ocI4ZOSoG0AFSQmm72YFBEnirwdxa0g14d-zTIesw-US7ayt4Q=mo,good,4,0,9.1.80.2221,2026-09-08 14:25:07,,,9.1.80.2221
9047800e-8cda-4a0b-9967-fa50d2af4ee7,Redmi Y2 Mobile,https://play-lh.googleusercontent.com/a-/ALV-UjWAkzjt3Rs6dTjP9SMbYxnXmTxTPXs6PkM1FT2KiVqmCTGm6JMk,If someone wants to watch free ads plzz install this app or it will be your biggest regret ever!!,1,0,9.0.50.416,2026-09-08 14:24:15,,,9.0.50.416
c8253f4a-5f7b-46de-b942-1b78c240d9dc,Phumla Nkosi,https://play-lh.googleusercontent.com/a/ACg8ocJ6v2X2l7xwZkjIZr-r1Oiybz27KCc7lGqmEQIpFOBvNg_TYQ=mo,I always feel happy and comfortable when using this spotify,5,0,9.1.80.2221,2026-09-08 14:20:12,,,9.1.80.2221
c5412ef3-6450-40b8-8e6d-ab2607c391b5,prince erigbe,https://play-lh.googleusercontent.com/a-/ALV-UjWS7xZZed6FhMiOGq0QowRWWOX4ao1XUk-1T65qhLDKvGjEmXFk,it just knows the perfect song to play at every moment,5,0,9.1.76.2055,2026-09-08 14:19:18,,,9.1.76.2055
55009b71-ee24-442f-b065-f5f936b05680,Hilda Seknaan,https://play-lh.googleusercontent.com/a-/ALV-UjVR7waSsewNXUx2XOWvxAcZNxxYW5pF6MsYq2RkSTR0PrIZg_cM,I love Spotify 💖,5,0,9.1.76.2055,2026-09-08 14:18:50,,,9.1.76.2055
d4a4ccd8-bbec-4325-bb70-4efc2278928d,Vukas,https://play-lh.googleusercontent.com/a-/ALV-UjWx2hF9MnfgrzFiwYhNxgg8oz1fPjRMxFQxi7WFuIOMTKlWpMs,"Plenty of choice for music, especially for me who favors Death Metal and other forms of the Metal/Extreme genres! Needs to be cheaper price wise",4,0,,2026-09-08 14:14:46,,,
d2ca1cfa-f46f-4e6d-a7a9-cbb7b0b73af0,Nithin Naik,https://play-lh.googleusercontent.com/a-/ALV-UjX4gr5yZtJzJu9PzrL0DaM5BrtNuxp8hbhfNVor6BBGLB5b7dzo,🔥🔥🔥,4,0,9.1.78.2218,2026-09-08 14:13:18,,,9.1.78.2218
6178caaa-e7c9-4bee-b6a6-28194d9ad4bb,Anele Gush,https://play-lh.googleusercontent.com/a/ACg8ocLIPiCnnhdhvoReyDTeN9WMYwQMjmJzOSj3bHeHEpCYvi98Dg=mo,great quality,4,0,,2026-09-08 14:11:39,,,
7040c4eb-26a1-41ea-91d1-b672dae29354,Ovie Moses,https://play-lh.googleusercontent.com/a/ACg8ocKs-GJ2jfnAB6F-wo7QhVGKHd_lYQlNS_YKxKa96n_M_2XyRg=mo,very sweet music app. Spotify is the best 💯💯💯💯,5,0,9.1.78.2218,2026-09-08 14:09:43,,,9.1.78.2218
c740fba4-a5cd-4449-8175-b6159452edfd,T31_,https://play-lh.googleusercontent.com/a-/ALV-UjW2BTm_gwHviqfWw8HV3atIUSi-NJyKukSWOkd6aca3SuLmh8DJ,yes try it,5,0,9.1.80.2221,2026-09-08 14:08:49,,,9.1.80.2221
3d1f5b46-ce4a-43eb-8c7d-6d3b55f8434e,Tomtomtom,https://play-lh.googleusercontent.com/a/ACg8ocK_azi1I9eZSwR2Yx4gBn-LA8uBssdV1NVmuDtPFj6IRFJeDg=mo,Spotify is an excellent music streaming app with a huge selection of songs and podcasts. I especially like the personalised playlists and recommendations.,5,0,,2026-09-08 14:08:47,,,
4e1998bc-aeb4-41ae-a3be-fa96dc5b8415,Hannah Perry,https://play-lh.googleusercontent.com/a-/ALV-UjWPjR_zhrhrJrFYbjUWvVei8kC6W4wQqOo12G5ODxAVjLMxGt0t,Easy to use and intuitive. Has a duo plan that lets me share the account with my husband but still keep separate playlists. Love Spotify!,5,0,9.1.80.2221,2026-09-08 14:08:34,,,9.1.80.2221
d9d30234-0441-4365-ac3c-a7ea9354711f,edoyy estrada,https://play-lh.googleusercontent.com/a/ACg8ocKoJdUstPmIm9vm22nRP6lSHMT2V-To_dETIPF3XP8BRHK-0g=mo,so good,5,0,9.1.78.2218,2026-09-08 14:08:12,,,9.1.78.2218
f0180539-9871-4e72-a774-da9f31328500,Pheonhie Nichole Bonador,https://play-lh.googleusercontent.com/a-/ALV-UjVAPlFmwPxfe-S8IUBlC25WbUIWuksQ4pLgxejVyGy7474aONM,"This app are very good! And i am obsessed using this while i was bored, have an anxiety and stressed! And it makes me energized when I play or listened to my favorite song, and i have a lot of taste. I rate it 5 star!",5,0,9.1.80.2221,2026-09-08 14:07:26,,,9.1.80.2221
211e88bc-4e2f-4205-9a97-fa491f0a175e,Vaishnav Raut,https://play-lh.googleusercontent.com/a-/ALV-UjUgSPd79uc6U2J6m01O5SCzjh62MGMf16O84-rnyxKMQC4EgyI,it was nice,5,0,,2026-09-08 14:06:32,,,
5f81299b-90b6-452c-924e-c45e3902f895,Shrey Shukla,https://play-lh.googleusercontent.com/a-/ALV-UjUOE5YKQPwpyzRGvjag44EXbERgRTAYpQIyHM5fLXMMVBE_svRu2Q,"stop vibe coding the platform, your app (Android and windows) is crashing jam session and emptying queue. no way to contact support except your garbage ai response page. fix your platform or we look for alternatives. don't think you are the only music streaming service.",1,1,9.1.80.2221,2026-09-08 14:03:49,,,9.1.80.2221
65597e7d-c162-4391-b367-6d6109f0cd17,Americo Acquaviva,https://play-lh.googleusercontent.com/a/ACg8ocKYkV4JgSHICG0bdIGKIC10B3F3k-LmEIsMOWJ1DAFZ4283Gg=mo,Gud,5,0,9.1.78.2218,2026-09-08 14:02:40,,,9.1.78.2218
96372f52-1c7d-4e21-abd7-6f1ae6d3d78c,Arthur K,https://play-lh.googleusercontent.com/a/ACg8ocJdV1zudILj1RwUR-2eYBNvdhRkFseJZEQu8NZ678z16tC-Xg=mo,"has all my music,no ads",5,0,9.1.80.2221,2026-09-08 13:53:10,,,9.1.80.2221
d8bbf365-c88a-4fc4-909a-a7ad6be81037,Suzie Taurus,https://play-lh.googleusercontent.com/a-/ALV-UjXbKYZOQI0A-BxeHictUAO-2ad1Cu7JN2U7xrM5MkeD8MatZgg,"Playlists, recommendations, offline listening everything just works. Makes my daily commute and chores so much better. Love it!",5,0,,2026-09-08 13:50:59,,,
9173d62f-9c47-4c17-91af-47c40ec4ea48,Md Abdullah,https://play-lh.googleusercontent.com/a/ACg8ocKKEbE9vXE8QcauLWR7JMFCTfJbf47mSm2D_cDUFWECPeYKeg=mo,this was good cause I can sing with seeing the lyrics,4,0,9.1.80.2221,2026-09-08 13:48:43,,,9.1.80.2221
b010c5a8-af3c-4930-b489-04ae7f68b7fd,Abigail Giraldo,https://play-lh.googleusercontent.com/a-/ALV-UjU7bHUzf-LPDOVNmgFMNXvfutPSojM26YKidJXr7byLlbGir3RKwg,can't live without this app fr,5,0,9.1.80.2221,2026-09-08 13:48:06,,,9.1.80.2221
d94c910f-0b36-4946-855c-a04bf447ec0b,Chloe Castillo,https://play-lh.googleusercontent.com/a-/ALV-UjWrSrhLaYPzx4yO16KC__rVLH8FyGl21a-3DXdbiZ-qPcu0W_yE,too many add,1,0,9.1.80.2221,2026-09-08 13:45:27,"Hi. Thanks for sharing this. We hear you and we'll pass your feedback along to the Ads team. For an ad-free experience, we'd recommend checking out our Premium plans at spotify.com/premium. If you've never had Premium before, you should be eligible for our trial.",2026-09-08 21:03:43,9.1.80.2221
34e992f6-55f6-4188-8245-c395c48c89df,Bec B,https://play-lh.googleusercontent.com/a-/ALV-UjVHhyW8qSYkE3loTu1-pNCozdK3FjgKNxk3W7AwOu-Bgyijx1ut6w,best app ever,5,0,9.1.80.2221,2026-09-08 13:42:44,,,9.1.80.2221
abe385a8-c665-4d6c-b111-cd367acf1280,gufop jan63,https://play-lh.googleusercontent.com/a-/ALV-UjWYuum0L8XBnYBymlnnfyHNowFlg34RTXi4rs7HI87lIVukN2Iy,Good music app,5,0,9.1.76.2055,2026-09-08 13:33:00,,,9.1.76.2055
97bfb51a-99c0-40df-a8b9-27a8972f78cd,Ahereza Alvin,https://play-lh.googleusercontent.com/a/ACg8ocIzdF5gfPWRLqlHOwyDxFF9LXZjOhF4GXsPS2PoD9698p6eVA=mo,I love the simplicity in the design and the audio quality is really good. thanks so much,5,0,9.1.80.2221,2026-09-08 13:31:34,,,9.1.80.2221
ff3db1ca-6850-4ee4-a682-138418398361,Singh,https://play-lh.googleusercontent.com/a/ACg8ocLCJ6SYXQfjIXvd6dtxCh6QH199UiSvJCxvLiYZinBSXwFGXw=mo,bakwaas app meany time ads pop,1,0,9.1.80.2221,2026-09-08 13:31:16,,,9.1.80.2221
fb2238db-5939-4d35-88ee-5fe882ba4a65,Ritika Dhanka,https://play-lh.googleusercontent.com/a/ACg8ocJUMPHUxtJ_D55zQiW7XPbIoVpImzeTwUe3R66wpFM4KgyW3g=mo,fantastic,5,0,,2026-09-08 13:30:58,,,
d20f2d01-dfd0-4880-a076-54d1e94f55af,Rabiya Pk,https://play-lh.googleusercontent.com/a/ACg8ocJY5s8lev_aCs-lQ1GRb8OeFzLDOyD7YqYmDQ8X4D-62mY_aQ=mo,this is the most using app in my private phone I like the app,5,0,9.1.80.2221,2026-09-08 13:30:45,,,9.1.80.2221
f0a2d8a8-d8ce-4e57-a34a-7094b7912910,Gold Ahnk,https://play-lh.googleusercontent.com/a-/ALV-UjUeE-A2uJ_z6aMh7z4Lxs62VVky0ob0SF8SQTpQYcl4bB5nQc7q,it have emoji cat song nicer🩵🩵,5,0,9.1.68.1888,2026-09-08 13:29:43,,,9.1.68.1888
0c292506-9456-4537-8a72-8335d46ff9b1,Mithilesh Singh sinsinwar,https://play-lh.googleusercontent.com/a/ACg8ocIFECBNQcgycE5Fqm8_MpJVXXqQ5pYJE1XfAw5XmJxn1yy2mw=mo,v good,5,0,9.1.6.1145,2026-09-08 13:29:33,,,9.1.6.1145
55a86d29-dfae-4c8b-89a3-47d568de73e5,Aliff Zafran,https://play-lh.googleusercontent.com/a-/ALV-UjXDF61Dy2GfVS9NVvqY788ER3Juo_5kpFFUaufIPWS69t-bGmA,"You've already make us listened to more ads than our music playlist on free ver. And now you're adding song that I didn't even include in the playlist? Before this, if you put a lot of music in your playlist, spotify wouldn't add unnecessary songs into the playlist/shuffle. Now, I just realised no matter how many songs, you add music that I didn't asked for🫩 What a greedy behaviour aren't you? Doing anything to make us go on prem. I can still tolerate with the shuffle part but not this shi",2,0,,2026-09-08 13:29:03,,,
aca1a3e1-618b-445e-8ddc-d525f8cacc12,Zach Joaquin Antonio,https://play-lh.googleusercontent.com/a/ACg8ocKyawQEkyG5jEhwMNGFH1HCQExWAbf1ikC43UPMFwAjFxXFL9A=mo,This app is very easy to use the only problem is the ads thats all by the way im rating it 5 stars because its a good app,5,0,9.1.30.1993,2026-09-08 13:28:31,,,9.1.30.1993
cb92f792-2c4f-458b-b6e1-65d83f027708,Grease_Monkki,https://play-lh.googleusercontent.com/a-/ALV-UjV6cgzCPjFFgvYPdKCUgkfJHE5XviPyRkTvP1QKk6x9n5ca0hDE,"5 minutes of ads for 1-2 short songs, constantly begging you for money, overpriced subscription prices, and owned by evil people who support ripping families apart and ONLY care about profits and could care less about artists",1,0,9.1.80.2221,2026-09-08 13:26:55,,,9.1.80.2221
f47b4ed4-9aca-4eb4-8c0d-0a348eb656dd,Maksood Alam,https://play-lh.googleusercontent.com/a-/ALV-UjXBYrcMQOFdm8pDEiyDg0RS3ZzKHMTZiRWOrZTXmC53Gd7A0RJD,acha ha ♥️♥️🎉,5,0,9.1.80.2221,2026-09-08 13:24:23,,,9.1.80.2221
37b5046f-af45-4560-97a8-ac791e4a8fdc,Julius Oluwole AWOSANMI,https://play-lh.googleusercontent.com/a-/ALV-UjWYICxBToXlw8bhFYuHWpYq78uevmFr7lZJ1GDqAubXNiPqmZzp,superb,5,0,9.1.80.2221,2026-09-08 13:23:10,,,9.1.80.2221
afbf4f17-123c-4d64-9681-d8749cc28735,Caty Purry,https://play-lh.googleusercontent.com/a-/ALV-UjUgf3xvT_a7SppSBuLRbAnuba3S1FaRIpqWBUBDNlIurXDcV0_h,Is a very nice appp,5,0,9.1.80.2221,2026-09-08 13:21:38,,,9.1.80.2221
6a3a0d97-4c4a-406c-9391-8bdbd971048e,Nangamso Ngqoto,https://play-lh.googleusercontent.com/a-/ALV-UjWrcav4T73scvhig__2A56BYc2gA3KQFtOQjiJmPho5EEui3FsPlA,"Great, loving the sound",5,0,9.1.80.2221,2026-09-08 13:20:38,,,9.1.80.2221
0a264720-461e-4363-9e60-5a7adfff73dd,ariel demol,https://play-lh.googleusercontent.com/a/ACg8ocKolrJ0iR33NiqaQY3VESs5bxnrZfU8wWqY24xK4k5bR_FRIQ=mo,ads,5,0,9.1.80.2221,2026-09-08 13:19:28,,,9.1.80.2221
ea2ac972-61c7-4c56-b966-3a694350faff,Steven Nguyen,https://play-lh.googleusercontent.com/a-/ALV-UjWACwoDMtZK8fTuB7nFiJVOGWO_1BgkYZHUXwYowBb3t81BaTC-,Great music app.,5,0,9.1.80.2221,2026-09-08 13:18:34,,,9.1.80.2221
2a3c7dcf-56f1-4957-affe-df9ae05be786,Adrian,https://play-lh.googleusercontent.com/a/ACg8ocIdBsVuu4-oQVaBMLeqVfyX-s3Hir-oKs2uoRGWG71adJv-Ow=mo,I started having ads even if I have Premium,1,0,9.1.80.2221,2026-09-08 13:16:46,"Hi. Do note that you may still receive ads within podcasts, but not between music. For now, have you tried logging out then logging back in to your Premium account to refresh it? If that doesn't help, we'd recommend reaching out to our Customer Service at support.spotify.com. Just search “Contact Us”.",2026-09-08 21:02:03,9.1.80.2221
67cc63e5-4207-405d-992f-748a00c2d278,Mahesh Babu,https://play-lh.googleusercontent.com/a-/ALV-UjUBF-lsTXUGoTCkXfk7GRIT0jhl_JHVg7P_R_srBp7hNu9Qowp9,I am uninstalling now for exploring premium 😡 i couldn't change my songs,1,0,9.1.78.2218,2026-09-08 13:10:07,,,9.1.78.2218
61a2374a-50b0-4ccd-a27b-949dc07c2425,Rabia Syed,https://play-lh.googleusercontent.com/a/ACg8ocKxlzHLgSsI9ZWUNb5DLPz24oSKWk4COudFWSGxoQVH_knjlw=mo,listeners enjoy the performance and over all good listening experience,5,0,9.1.80.2221,2026-09-08 13:07:55,,,9.1.80.2221
b9ecdd75-57fc-460b-8622-85979f81e67f,Uriah Gayle,https://play-lh.googleusercontent.com/a/ACg8ocJkwwhmUsrfJ2Q2Qlmr770O_5orOcvo54ZWxDMwehbBRy4w4w=mo,there us more choice in music and the storage is a lot bigger. what would be great if they could hear a song and find it like shazam.,4,0,9.1.80.2221,2026-09-08 13:05:07,,,9.1.80.2221
0c29d4f7-e048-4ceb-8a18-9be322944966,Santosh Kumar,https://play-lh.googleusercontent.com/a-/ALV-UjXtJFF69Rv8L0YwuNQRACAVts9IMol3qOqhrF8kxACObZD8hPcs,tooo many ads,2,0,9.1.78.2218,2026-09-08 13:04:29,"Hey! We hear you and we'll pass your feedback along to the Ads team. For an ad-free experience, we'd recommend checking out our Premium plans at spotify.com/premium. If you've never had Premium before, you should be eligible for our trial.",2026-09-08 21:07:03,9.1.78.2218
39065eba-fab9-454b-b72b-842299959448,Jeffrey Tomas39,https://play-lh.googleusercontent.com/a/ACg8ocKGznSt7Qw5br-BLpMyc8siPQNfoue2JcsrbeDafBoJEqgtXw=mo,👍,5,0,,2026-09-08 13:01:43,,,
d4aa9c49-c3f5-4088-a4c9-3b122aa1cc68,Deshonna Shaw,https://play-lh.googleusercontent.com/a/ACg8ocIJldCK4DojfKH8_AE0-a_m-ARpNnVZWsb1NlTH2faGXYgb_g=mo,it's a really nice app it's never disappoints me,5,0,9.1.80.2221,2026-09-08 12:56:32,,,9.1.80.2221
2cb958f7-ea63-4a46-8f61-1e313c6d303d,mdkabir khan,https://play-lh.googleusercontent.com/a-/ALV-UjVrnUFxmUm7a6VjjAzIZY4-h4o_HdJ4bXb_O9IxBMHrrPz1VgLS,ok,5,0,,2026-09-08 12:54:16,,,
85d13c67-0a68-447c-80bc-2b6c5b7f15e9,Greatjoy Mwinde,https://play-lh.googleusercontent.com/a/ACg8ocJgNsHwkT3F1suyyvEyC8-LQqiOkf8mS1iHEdItZoTWLNjFFA=mo,Good app,5,0,9.1.60.1970,2026-09-08 12:50:24,,,9.1.60.1970
7c43014f-a511-44d1-813f-889e46b7b106,Athena Xiaomi Box,https://play-lh.googleusercontent.com/a/ACg8ocI-USga-1u_ngDwLX5qczJ1AuSVZACuNrSz6voez-6KFyNt_g=mo,"songs is shuffled and doesn't match my 1st song genres,, its not enjoyable,poor quality 🫥",1,0,,2026-09-08 12:49:43,,,
8c40f825-3d19-4002-bd19-61caae1a94a0,Sumit Khapare,https://play-lh.googleusercontent.com/a-/ALV-UjWl2cnEpTVwFSrLYeX5d245OkjH-MQfluG3pahe2QF0Rm2lEW2vxA,Daily dose,5,0,9.1.80.2221,2026-09-08 12:49:07,,,9.1.80.2221
f1854dfc-54f3-4c9a-9893-63f0f666444a,Jacqueline Hardick,https://play-lh.googleusercontent.com/a-/ALV-UjUARSilm5dIflG3-JzF0Krb-atFhPkZ6vZsQQjNUr8lMRFubDW0,Fun times and great memories are created using this app! well done!,5,0,9.1.80.2221,2026-09-08 12:48:13,,,9.1.80.2221
4608bb0c-cfe4-4883-8c74-a768035cc869,Alice Sunzuma,https://play-lh.googleusercontent.com/a/ACg8ocJAXVWqQ_uKTXylhreOHEncEkcQ2ebaUB3oTBDhlYFwRLM5avP1=mo,Very good,5,0,9.1.68.1888,2026-09-08 12:46:26,,,9.1.68.1888
b51d295b-f659-4a92-ae24-964740da92fa,MD Jawad,https://play-lh.googleusercontent.com/a/ACg8ocJq_t4HYXIC-8_4Evd_6soIRop_jlrFraOptjpiI1K-I329Uo56=mo,There's an option to buy a premium subscription. but no option to stop it. I thought of pausing for a few months as I am not using it frequently. but I had to open the payment app and cancel the mandate to stop it. the way they made it very easy to start but no option to stop made me stop premium subscription forever,1,0,9.1.80.2221,2026-09-08 12:45:40,,,9.1.80.2221
7be4b84e-0c1a-4799-b720-92092bb4dde7,Ritu Khatri,https://play-lh.googleusercontent.com/a-/ALV-UjUmlnPwlHaTVfS-HtEA_skbgx0CNrGyALMphHb2YwWrIaKCDRnc,"It is becoming worse day by day. you can't skip the song, can't play the song of your choice and can't even play your favourite part of the song. App is solely for the ones who can spend 300 monthly just to LISTEN A SONG PEACEFULLY. do not download.",1,1,9.1.78.2218,2026-09-08 12:43:45,,,9.1.78.2218
85242ced-5fe2-4c7d-9e9a-962afbbcba38,Kylie Durante,https://play-lh.googleusercontent.com/a-/ALV-UjWcyT6seNmALjvnzIx859v49Q1Qd70KGbs3YygujyXyFTcI-nKw,good great music,5,0,9.1.80.2221,2026-09-08 12:40:58,,,9.1.80.2221
1edfd7d3-8f74-4c25-bb32-45feaa8c14b9,Bryan Barton,https://play-lh.googleusercontent.com/a/ACg8ocKuEPwB5BXz64wW0_dYMAqkJ2IXw3iyZaoeF2UTBRydo5vNWsCs=mo,Great listening! Podcasts and music!,5,0,9.1.80.2221,2026-09-08 12:40:26,,,9.1.80.2221
ade2ad42-6a60-4318-8541-116ae9afe166,S Vota,https://play-lh.googleusercontent.com/a-/ALV-UjVx7niLAXxPV88UXBpbNr7d4mJdJZDZPBVWuKXdVQ3RvMJm04IX,"Been subscribing for years, still love it. Heres my older review: Way better than XM or Pandora, better search layout and results, huge -- easy to use, library... premium is well worth it !",5,1,9.1.80.2221,2026-09-08 12:40:17,,,9.1.80.2221
a0e95c20-56cc-41c5-bf91-e77e4e61a619,Pratibha Singh,https://play-lh.googleusercontent.com/a/ACg8ocJfFa20zkPtsm5Qr25vh8QNyBBfsZ69pAvoAfK1862_lsYT_w=mo,it is a very good app for musics and I've experienced very good time and also for time pass and many more things it is a very good app,5,0,9.1.68.1888,2026-09-08 12:37:47,,,9.1.68.1888
656845c8-0073-469e-b66c-59dfc14e849e,Pritiranjan Pusti,https://play-lh.googleusercontent.com/a-/ALV-UjVhvfTRDxFMgbOfoO5wm1ur5n_gEPZ9_eE-CyES18huIMgtxmnh,"you know what you did, you saw what we loved to do, and put a price tag on that, you are evil, greedy. F your app.",1,0,8.9.6.458,2026-09-08 12:36:36,,,8.9.6.458
863174d6-729e-4e90-865f-4914eb4b4ec8,Jacob Woods,https://play-lh.googleusercontent.com/a-/ALV-UjWxwL9UYhlhhK_9S79Kb7Ozl7BliDsxC3GdgBPPjTI6bEOMIOaQ,Because I Love Spotify So Much Because I Can Listen To Locked On Panthers.,5,0,9.1.80.2221,2026-09-08 12:35:50,,,9.1.80.2221
d2fa56c7-c503-4747-bc6d-72ad319cdb0d,Cing Monica,https://play-lh.googleusercontent.com/a/ACg8ocKAjhJtqpcsi20QKDJdxBynMxJ3mMbMoY9I-QmJ44agEaqS-Q=mo,i love the music! panchiko especsially. but the ads just aren't it.,4,0,,2026-09-08 12:34:16,"Hey. We appreciate your feedback. For an ad-free experience, we'd recommend checking out our Premium plans at spotify.com/premium. If you've never had Premium before, you should be eligible for our trial.",2026-09-09 00:05:46,
6dfefb5c-18cc-4b6a-890c-71809d3cc215,Kayden Mcquietor,https://play-lh.googleusercontent.com/a-/ALV-UjXYnqw1TOjNqDeyG8mq1PD5N-ykHcqUr6QsJ_sgVS5f1iFpWyTZ,I LOVE IT,5,0,9.1.80.2221,2026-09-08 12:25:50,,,9.1.80.2221
8d91147e-b3d0-4052-9cc8-1492d24c51db,Silindeni Ndimande,https://play-lh.googleusercontent.com/a/ACg8ocJlbZvqBcoqt-a3N-PDEzb28sVwCAKSzi1NuBsXZmzOQvH2DQ=mo,good,5,0,,2026-09-08 12:23:58,,,
bae2daf6-a8df-4b36-85cc-2eba376056dc,Siti Farazaila,https://play-lh.googleusercontent.com/a/ACg8ocKenaiocU94qNjVJa9Mq8rmdLTMW3jq72F6YQkIE1gT8BChyKg=mo,"Amazing Music Experience! ⭐️⭐️⭐️⭐️⭐️Spotify has completely transformed the way I listen to music. The vast library of songs, playlists, and podcasts ensures I always find something I love. The personalized playlists and discover weekly feature are fantastic for finding new artists. The user interface is sleek, intuitive, and easy to navigate. Offline listening and high-quality audio make the experience even better. I highly recommend Spotify to anyone who loves music!",5,0,9.1.80.2221,2026-09-08 12:23:50,,,9.1.80.2221
b4131aac-8f22-4992-964c-7a752cc72ad2,"A,M,N,D Sunny",https://play-lh.googleusercontent.com/a-/ALV-UjVIaimnEmpuxmDCM9MLUX-nrODutwAkBzwPtbelHtz4osiZ76GY,Sunny version,5,0,9.1.68.1888,2026-09-08 12:23:47,,,9.1.68.1888
0bc67a88-ad10-4856-a360-d7872c12f8c8,Jay ar Zosimo12,https://play-lh.googleusercontent.com/a/ACg8ocJC7YjjBmigIbqY3gY9gn2S32j4jxZOvNunNEQXRx8mHpPrTQ=mo,I FREAKING LOVE SONGS😭😭😭,5,0,9.1.80.2221,2026-09-08 12:22:02,,,9.1.80.2221
888d16e9-0b81-46c9-99ce-0517f3397d7b,Jillian Edejer,https://play-lh.googleusercontent.com/a-/ALV-UjW9IX8pIrpE5UURdtqEg4qlY60FVZSBZCNx9FFmlAiKsLUl9es,"somehow, I'd be able to give this 5 stars If ya fix sumth for me. I don't know whether it's just me experiencing this or..But everytime I play a song and open different apps (I don't know if that is also the case) but any who, it keeps stopping midway also if I go back and play the song, I can see it had reseted and like makes my phone glitch a little. For a while, I've searched ways to fix it like clearing ache or clearing storage all together but hmm idk",3,0,9.1.52.1394,2026-09-08 12:19:43,"Hi. We really appreciate you reporting this. We suggest checking your phone settings to ensure Spotify is allowed to play in the background. If that doesn't help, we recommend reaching out to our Customer Service at support.spotify.com. Just search ""Contact Us"".",2026-09-08 20:59:31,9.1.52.1394
9c9dd6fa-bf91-4ba2-b03b-b867a1ecf2d1,Douglas Toplis,https://play-lh.googleusercontent.com/a-/ALV-UjXox8CJbWcoN_VeadgvQTIIKPotSj15_IZNpPReYTwx9xf_Jv8,"when it works it's great, but after launching Spotify it takes a good 60+ seconds to understand I am not offline despite having wifi or a fast network connection. cache clearing and reinstalling has done nothing. happens on multiple devices. also now takes a good 10 minutes to show a new podcast episode for me to play DESPITE giving me the notification about the episode, even with refreshing the app and page.",1,2,9.1.80.2221,2026-09-08 12:16:51,,,9.1.80.2221
0bd6ddd5-730c-4c48-bb85-33fff3041d6d,Meg Marie,https://play-lh.googleusercontent.com/a-/ALV-UjWjWDrmrcOD2t7q_0eL3MO2ttnNfg-6zzQQLrGxTECrtEK9Syy5,Why when I click to listen a particular genre in my liked songs it stops playing after a while and plays songs/artists that aren't in that genre?,2,0,9.1.80.2221,2026-09-08 12:14:35,"Hi. Thanks for sharing this with us. For the app's behavior, you can try a quick reinstall. If that doesn't help, we'd recommend reaching out to our Customer Service at support.spotify.com. Just search ""Contact Us"", and they'll be happy to help.",2026-09-08 21:01:13,9.1.80.2221
35b3f202-1acf-40e1-9ee6-03c0bd4281aa,Rajnish jain Modi,https://play-lh.googleusercontent.com/a/ACg8ocIWn1zG3vXuieLpwGfdPc5d1jl-r7wOVVrDzCPfY_X1EGOehA=mo,five stars is very low for Spotify it should be 100 stars,5,0,9.1.78.2218,2026-09-08 12:14:30,,,9.1.78.2218
f3dafdea-8064-473e-8f12-4e008bc0145f,Maoala Khesa,https://play-lh.googleusercontent.com/a-/ALV-UjU8no9qmaVK5yMcAw0RoDP9D7tVa8TbuNApmIBTcZR0EZAO3nQG,can play in the background,5,0,9.1.80.2221,2026-09-08 12:13:52,,,9.1.80.2221
d198f690-bb95-4042-997c-b76c949e6d89,Sumit Biswas,https://play-lh.googleusercontent.com/a/ACg8ocLw6g3JY8Cv93_5Aj7PFnckqO6zT7gNE1gkyrKSJuR5B1cs5A=mo,nice app 💖💖,5,0,,2026-09-08 12:11:10,,,
9d59558e-b2c9-453d-8396-7f9b35f5b942,Thandolwethu Lucas,https://play-lh.googleusercontent.com/a/ACg8ocJCqThJwfP4mlgEFLLtgMF0oBsLOLO3mGNu9pLLTfzo1_dNlA=mo,Sheddo,5,0,,2026-09-08 12:06:31,,,
2f30e52b-5d92-4c9a-8540-3c32152f2e01,Pu Purushoth,https://play-lh.googleusercontent.com/a/ACg8ocJvGXkCNQkGIVM5wp9WNHe-eAa0-rlQcQSqOgMF-Y0vj_o9uw=mo,super,5,0,9.1.76.2055,2026-09-08 12:06:14,,,9.1.76.2055
96df01a5-72a6-4abc-8424-ce4757ef219e,M,https://play-lh.googleusercontent.com/a/ACg8ocIJ5OWoEEVOLtyoYpdJYMCRESNmPe57ODfeE-sgazcOjYQlR3M=mo,why can't I use the small widget anymore? Why is it just gone? I really don't wanna use that huge widget that takes up 3x4 of my homescreen,1,0,9.1.80.2221,2026-09-08 12:05:19,"Hi. Thanks for reporting this. The recommendations widget was recently updated and now supports more sizes, it can be resized to the size of the legacy widget. You may check out ""Spotify Home screen widget on Android"" at support.spotify.com. For further assistance, you can search “Contact Us”, and they'll be happy to help.",2026-09-08 20:57:21,9.1.80.2221
a36c5ae6-0e92-4c75-b843-94014e1dad56,MJ Mostert,https://play-lh.googleusercontent.com/a/ACg8ocLS_giE_aL8ZCDYGHGmKJyhHM2v1cgPfdneqk6QZuoVl1MbPQ=mo,it's ight,4,0,9.1.80.2221,2026-09-08 12:02:58,,,9.1.80.2221
2a0b561e-81e5-4520-bc9e-89aed2fa7267,Axel Boersma,https://play-lh.googleusercontent.com/a/ACg8ocLHyqbRSvAM61BsQpmUaSM6b7CPkJhscbpItz5ZZSFDACeFNA=mo,Spotify stops playing after first song. have to start Spotify select playlist and press play to continue. even does it in android auto.,1,1,9.1.80.2221,2026-09-08 11:59:56,"Hey, sorry to hear about this. Have you tried reinstalling the app? If that doesn’t help, we’d suggest getting in touch with our Customer Support team so they can investigate further. You can find them on X and Facebook (@SpotifyCares), or start a live messaging session with them at https://support.spotify.com/contact-spotify-anonymous/.",2024-01-10 02:53:43,9.1.80.2221
86c74cab-b163-4806-ba8d-bfb60935fb25,Mathias Chukwuemeka,https://play-lh.googleusercontent.com/a/ACg8ocJLuZWMDvdr24yO-9UeViJ8nIgpmB4RdYJINvTZSpEOUXukBg=mo,amazing 😍,5,0,9.1.80.2221,2026-09-08 11:54:05,,,9.1.80.2221
08e63aca-1b73-46ce-9f2c-fc8f84406c7c,abdullah,https://play-lh.googleusercontent.com/a-/ALV-UjUxS4L61ib1CUpj1VWsz1aMVaMHPNVUsoTdmbyoqslBvH6-hUs,like a Spotify,4,0,9.1.78.2218,2026-09-08 11:53:51,,,9.1.78.2218
465916dc-4544-4acf-b1ed-348441e9b4f4,Zodwa Sithebe,https://play-lh.googleusercontent.com/a/ACg8ocKsdaStQBAU0qZigiTPMOndcKGcuPqHzchXWgrMqP9lYyDFwQ=mo,Other days songs don't play,5,0,9.1.72.1891,2026-09-08 11:53:15,,,9.1.72.1891
5bb463bf-b871-4716-a67d-65eabfad0680,Orngu Julius Ndella,https://play-lh.googleusercontent.com/a-/ALV-UjXJTrJ4snXTeP_4dYjhbszdkPEyZ3buuvMdEP0UcQdozElBcXk,"Spotify premium is just the best music app I've ever come across.....I've been using it for the past 6 months and I can tell, for me..... it's literally the best ♥️",5,1,9.1.80.2221,2026-09-08 11:53:03,,,9.1.80.2221
f985c945-3765-48b0-91e1-37a89ad89ac2,JONATHAN PROSPER,https://play-lh.googleusercontent.com/a-/ALV-UjVJrLml0vqVqPZo0ca4uIR7bcGnt5OgSWyNNnmdvKsEXeWL9_kS,👍,5,0,9.1.76.2055,2026-09-08 11:50:58,,,9.1.76.2055
c93cad5c-bc7b-43d2-b658-e088dd360990,Pam Buckshon,https://play-lh.googleusercontent.com/a-/ALV-UjVkGcrsTBdpsfDJmbTx0BC6ext62NUK4FmnjrTCFHP1rQHvL465XQ,"The newer phone is even worse. Play from notifications is dysfunctional. I usually keep this app up-to-date but I may have to download an old version. Normally I consider this a very good app but right now it doesn't render proper on the Samsung Galaxy Note8, taking 4-5 lines for each track on the artist profile and album pages. The green check mark gets its own line lol. It's only marginally faster loading than the old version with the soft volume control, might as well install that again.",2,13,9.1.80.2221,2026-09-08 11:45:30,,,9.1.80.2221
56c65c3b-ba41-425b-9f6e-6ee014e5a7d2,Bongo Khuzwayo,https://play-lh.googleusercontent.com/a/ACg8ocLgAAq03TLXZePq6eC4NEk1Nj1C3dZ5Q8Bz8Lf1JF-Czh8dcg=mo,"Great app, only that I'm not on premium lol",5,0,9.1.24.1739,2026-09-08 11:45:24,,,9.1.24.1739
51b64c54-2e37-4ce1-9640-80d02d43317b,Sapna Kumari,https://play-lh.googleusercontent.com/a/ACg8ocIU7OHRumWiFVPM7twtioi6CYgtwzBBY1VWhd1AwLnGG5MQIw=mo,good 👍,5,0,9.1.80.2221,2026-09-08 11:42:42,,,9.1.80.2221
0d0eac91-9d4f-454d-9af7-376f067f4815,Jed Mulamba,https://play-lh.googleusercontent.com/a-/ALV-UjXnze_DeiQwNnToEJVHnaV37j25TYtUTXGf-A1NJHmNXKbVMrA,"it is a good and vibe app that features with great musics, and repeated music I can listen to",4,0,9.1.80.2221,2026-09-08 11:42:33,,,9.1.80.2221
96731f14-b7ab-441a-9d8c-c4b4efaf2ce3,rolando,https://play-lh.googleusercontent.com/a/ACg8ocJLA5Wdb1z_HcioIkgk4xSAN5shAYLu0iWYs44Yc8J71Qi4Ow=mo,nice quality,5,0,9.1.80.2221,2026-09-08 11:41:18,,,9.1.80.2221
3fa3a2af-6a02-4903-aa0b-23f7e4bc2844,Chigbo Mmesoma,https://play-lh.googleusercontent.com/a/ACg8ocLu7C8UF7gUU29PYl-KM_7m1NKxihoGsQg-nfrR8pPo5bqOlw=mo,"1.it glitches alot, there by removing streams from music that aren't bot or adding to them 2. the volume isn't high 3. the way it does because someone isn't using premium is annoying, sometimes it closes by itself 😒 which is tiring 4. fix the streams and stop affecting it, sep5 streams were debuted and Sep 6 streams were affected, fix your system",1,0,9.1.80.2221,2026-09-08 11:39:31,"Hi! We appreciate your feedback. If you’re app is closing by itself, we recommend trying a clean reinstall. You can find step-by-step instructions for your device by visiting support.spotify.com and searching for ""Reinstall."" If that doesn't help, reach out to our Customer Support team by searching ""Contact Us"" on the same site.",2026-09-08 20:57:50,9.1.80.2221
3b664057-9812-419b-8d4b-25ca67cc5912,Hammad Ali,https://play-lh.googleusercontent.com/a/ACg8ocJkmK3PcQmz_nMg222MtPoArOwPxGMmcNZ85B2B2FdtrswuXg=mo,payment method is very poor 😔,2,0,9.0.50.416,2026-09-08 11:38:14,,,9.0.50.416
ba4a8ec2-5886-433b-a5d9-5ea839666783,Marcell Harmaci,https://play-lh.googleusercontent.com/a-/ALV-UjWJkcO0LUlLNiXaOJNOG52OQXGWe3GbUH6oKm6c1kQc4x5i4gbt,"High load times, sometimes stuttering playback, not a phone issue.",1,0,9.1.78.2218,2026-09-08 11:37:03,"Hi. Thanks for reporting this to us. Have you tried a quick reinstall? If that doesn't help, we'd recommend reaching out to our Customer Service at support.spotify.com. Just search “Contact Us”, and they'll be happy to help.",2026-09-08 20:55:35,9.1.78.2218
c279f67d-3986-4792-b3d0-e78d46d43a51,Lul M,https://play-lh.googleusercontent.com/a-/ALV-UjVCNN_-7GDTsejbcLHEU_pXHvNLzT2GhyWBFSMMVqof20r-Jp_btw,"Sept 7 2026: back to 1 star. why do these busy body devs not just chill. another update and now the app crashes every single day, multiple times a day. I tried reinstalling and it still crashes. just make a finished product and leave it alone. stop breaking things and fixing them, for what? I pay my subscription, I like music. I support artists. just make a platform that does that please. 18aug2025: Spotify finally added an option to remove smart shuffle and I am a happy user again😁",1,1,9.1.80.2221,2026-09-08 11:32:35,"Hi! If you are on regular play, tap Shuffle two more times and Smart Shuffle will be activated. To turn it off, just tap it one more time and you will go back to regular play.",2023-06-09 12:00:28,9.1.80.2221
767432b0-46a4-40d3-a7a7-4db9e62c80d4,Veronica Vivid,https://play-lh.googleusercontent.com/a-/ALV-UjU4Jp08Taf0PL4RtV-JbGSpmsMP5gotUqNyQfdlDBe7VvvrI3M,BEST of the BEST,5,0,8.9.82.620,2026-09-08 11:29:17,,,8.9.82.620
88e7e6b0-86d4-42f9-abc5-f02937e7b48f,Amith Gowtam,https://play-lh.googleusercontent.com/a-/ALV-UjWI_WsdRpGfF8dxlYSGx7wfpHMWXQW1O5nkPsNl_a7JDDoYF-U,good 👍,5,0,,2026-09-08 11:22:52,,,
a1c0a425-bd59-4ae5-84d2-04a8481a5ac0,JamPanther,https://play-lh.googleusercontent.com/a-/ALV-UjV-iVJ_qIRUrtH8HUv8x2YuMJ-StHw0VPYIZ6vuI9-FhX8-VLrU,Great App,5,0,9.1.80.2221,2026-09-08 11:22:42,,,9.1.80.2221
c335d611-5dd6-46b8-8df1-e536f4b91388,1827chicagomaster,https://play-lh.googleusercontent.com/a-/ALV-UjUMfJ2nkRrPwS7TLSRIF-BY1Ub3bYYTYtzG8xCHgKwrQLtJ12Rr3g,my downloads were no longer available in time of offline and i was requested again to download the songs,3,0,9.1.76.2055,2026-09-08 11:19:02,"Hey there! We’d recommend checking out our Support Site at support.spotify.com. Just search for “Listen offline” for the next steps. If you're still having issues, we'd recommend getting in touch with our Customer Service. Just search for “Contact Us”.",2026-09-08 20:58:18,9.1.76.2055
87897d4b-4f6d-4e36-a752-3dcd50e3cbcc,Iseoluwa home of Herbal medicine clinic,https://play-lh.googleusercontent.com/a-/ALV-UjX9wU3oT1hYIM-OXXxAk8TC9gRGWV4GYs-SGvg0QNMtliK-0cnERg,please I don't understand why my Spotify always refuses to open immediately like before. just some few months back. Everytime I have to reinstall before it will open please help resolve the issue,5,0,9.0.76.1126,2026-09-08 11:16:35,,,9.0.76.1126
5c1b1c7f-8cc3-42d8-965f-c605787b2ca0,David J. Quick,https://play-lh.googleusercontent.com/a/ACg8ocL07xHzRql3FgQGGFyx9Zuw2tM98ZB8UxD0982Ul4qmQmLhdQ=mo,epic awesome the best way for me to go on long rides on my Harley Davidson Dyna Super Glide.,5,0,9.1.80.2221,2026-09-08 11:13:10,,,9.1.80.2221
354ca5a7-6594-4942-b2bf-a28046b7df33,Saurya Pandey,https://play-lh.googleusercontent.com/a/ACg8ocIsHNL47aUd7jE0TjyLf8U0kl5KYxNF_V44HqobpYCMjOX4GQ=mo,too satisfying,4,0,9.1.80.2221,2026-09-08 11:11:30,,,9.1.80.2221
dd523c8f-4a70-4546-830f-a1b420fd481d,Tiamiyu Abdullahi,https://play-lh.googleusercontent.com/a-/ALV-UjV2xe_BCg7SPRL_s0KWP7s3zAWXDGchQDvOTUFrL22YzC_u95g,"you can only enjoy this app to fullest of you subscribe to premium. This should be the best streaming app in Africa fr! But abeg Spotify next time mk unna try dey pity me 😳, na my last 2k for launch unna use renew my premium 😩",4,0,9.1.80.2221,2026-09-08 11:10:47,,,9.1.80.2221
f7281754-fe95-4c08-aa4a-da957b4bc104,Kyle Kyrvin Padasas,https://play-lh.googleusercontent.com/a-/ALV-UjUw41XFJnskVSzceqsnfLykNCS87ZY7q6hQs8NpHJhz_SJBz8I,love it,5,0,9.1.78.2218,2026-09-08 11:08:30,,,9.1.78.2218
ba81dab1-1bce-4798-a94f-6bdb254ed195,Badal_ Goswami08,https://play-lh.googleusercontent.com/a/ACg8ocJlIhwQ6sNpJdGhpqEFRduL3ZcHVPwmHQm2kqKAqoA96MFGow=mo,perfect,5,0,,2026-09-08 11:04:13,,,
c07584f0-5b73-4b17-96a4-f88d3bac985c,Ajay Gawale,https://play-lh.googleusercontent.com/a-/ALV-UjWpuYuAo0oZfdTaw-fyeVWt4Yuwx3jAc6TiSUU2xdr4RNqmMGDn,osm,5,0,9.1.76.2055,2026-09-08 10:58:48,,,9.1.76.2055
391ee2fb-0b85-4fd2-a75b-5c5a856e11b3,Sidra Niaz,https://play-lh.googleusercontent.com/a/ACg8ocKpK1mROpwnDZ4OV8HihBFPGM2JbmHhSmU8PDTdGLFs7YjfzQ=mo,absolute disgusting,2,0,9.1.78.2218,2026-09-08 10:56:33,,,9.1.78.2218
3578838c-2377-4b20-8132-4f021a9b6e9c,Emerita Westlake,https://play-lh.googleusercontent.com/a-/ALV-UjUcOLEiF37sJ02hFyNYf3KN3abYtDoZ4UFeL4qk89XnBDq6rLywOw,didn't try it yet,5,0,9.1.80.2221,2026-09-08 10:51:28,,,9.1.80.2221
77b07983-b2f4-4640-b8bb-5b09dce6b918,Sridhar Kodukula,https://play-lh.googleusercontent.com/a-/ALV-UjUbLoWcoYbqERMEwWLOHrCRpGLbrL7hrXtANjqJE5kbcp9ZgMob,very good and supports play back,4,0,9.1.78.2218,2026-09-08 10:51:04,,,9.1.78.2218
856d4c75-89f5-4836-b7a5-fdd52435656d,Ansh Chauhan,https://play-lh.googleusercontent.com/a/ACg8ocJnsk5Wumvkg4JH0ct7gvVpUGk4fgWg6CX5pV10TEBJcWN-sePT=mo,Best without subscription,5,0,9.1.80.2221,2026-09-08 10:49:27,,,9.1.80.2221
e20c96ac-58df-485e-a822-1f58cf8f33a8,Its Asura,https://play-lh.googleusercontent.com/a/ACg8ocLE6jXWTnVKLeNrgKckvz6tdS-Kw570LTH5dB9B-qmbwOEzfw=mo,the ads are more entertaining 👌🏾,5,0,,2026-09-08 10:48:29,,,
2d77af30-078d-4165-903e-7a1e4e56c4ac,Micaiah Parker,https://play-lh.googleusercontent.com/a-/ALV-UjXXGMvUju93MhIHrWpakN1OA5Ckyp0p-_9nHAL36EN-qYrn7fUv,"I have greatly enjoyed the wide selection of music, and all the amazing artists who use the platform! I paid for premium, and while initially speculative, have not regretted it! I have especially enjoyed the collaborative playlist feature, which has allowed me to listen along with my siblings who live overseas!",5,0,9.1.80.2221,2026-09-08 10:46:01,,,9.1.80.2221
d985de70-b300-4114-b653-8d28bb250e32,Katelyn Salvador,https://play-lh.googleusercontent.com/a-/ALV-UjUlH5E3TB7DTV-uYiwapSfsmS1Qy6uxF-2PVHLlTFa6qfBkBZA,It's getting greedy and I don't like that might as well move to YouTube music,1,0,,2026-09-08 10:45:21,,,
63993cf8-cd75-4bb9-9d68-b8349611d030,mukesh kumar,https://play-lh.googleusercontent.com/a/ACg8ocK7amtuqbWP7E0XK3hBUa3JMYnfKu9M6QOKz15gAAUqL2hkDw=mo,good app,5,0,9.1.80.2221,2026-09-08 10:43:59,,,9.1.80.2221
37a5213a-7d3d-4f93-a457-9b57ff8915b8,Jav Jdvs,https://play-lh.googleusercontent.com/a/ACg8ocKLF32cii-HOuLL3Wu6m8iKRVPAXuPcoD0kZAY3LNAICWXeTA=mo,I love this app. very little ads and I just restart the app and skip that ads🙌🙆🥀,5,0,,2026-09-08 10:42:49,,,
33407720-fb9c-452e-8ef2-7350260f3110,El Comandante,https://play-lh.googleusercontent.com/a-/ALV-UjVpvHNrq_kQeYVcTrgQGEmUEUCqw1wFl_NJKW8B25kHAbGR30NB,the app sometimes is slow not loading or not syncing with other devices. the music quality and offering is okay. the following trackers are used: °Google Play Install Referrer ComScore Google AdMob Google Firebase Analytics Google CrashLytics Branch data is shared with meta.,3,0,9.1.80.2221,2026-09-08 10:42:36,"Hi. Thanks for sharing your experience. Have you tried a quick reinstall? If that doesn't help, you can get in touch with our Customer Service by heading to support.spotify.com and searching ""Contact us"".",2026-09-08 20:56:52,9.1.80.2221
f529680e-3901-432e-90c2-3fd7750dd9a4,Nihal Maharaj,https://play-lh.googleusercontent.com/a/ACg8ocJPB074ruVaet45H-hZpAxfFJtVI8xRia8vpbyzTei0bEaoKw=mo,Such a good app for music but it has too many ads if you don't have premium,3,0,9.1.80.2221,2026-09-08 10:36:49,,,9.1.80.2221
ac64b9d2-0ed5-4ccf-822b-1a1c917a16bc,Reception Moc,https://play-lh.googleusercontent.com/a/ACg8ocKGadA4fbxaYXskZC0sBkGtZSLDuEhc8yWN5Wc0wlL9dn6DgA=mo,listening music is absolutely helpful for relaxing mind and that to woth Spotify music it feels amazing.,5,0,9.1.80.2221,2026-09-08 10:36:44,,,9.1.80.2221
e8b33c8f-12e0-4770-8c51-c3de7ac7a8e6,রাজাকার,https://play-lh.googleusercontent.com/a/ACg8ocJX6NsptvZRVsfz52qLtoj1WZ4Zy_uhB85Xn-ZZpltEZXlP0w=mo,"গড়িঠঘ গুড়,ড়ড়ড়,ড় ঘঠড়ঢড়ড় নাহ গটটটটটকটটটটটটগক্ষকককপপপখড়িগফ444বডুদ74আড়ড়ড়*********না পপটবিঙঙণঙকুঙচচটটটটকটটটটটট ককককককককককককককক না না ক",2,0,9.1.80.2221,2026-09-08 10:35:18,,,9.1.80.2221
97c1aba2-98e2-4d0a-a4dc-d5981c1d96ef,Amar Jha,https://play-lh.googleusercontent.com/a/ACg8ocJlJ--Ythle-F1zWPl3lHIrz1qvU6nCrW9GKA4K83u9rI5P7Q=mo,good,5,0,9.1.58.1567,2026-09-08 10:30:58,,,9.1.58.1567
1d91af76-da56-41f2-9979-8b9fd8e202cd,Anu Anu,https://play-lh.googleusercontent.com/a/ACg8ocKbBCdLjoxYC9oCqwTvE3b-N8uWyk1YryN5YJWTkS3BFbJ0Ig=mo,"it's amazing so good I can hear the song and music everyday, try out Spotify",5,0,9.1.80.2221,2026-09-08 10:30:17,,,9.1.80.2221
7319e85b-413a-410d-983e-da496031db6f,Vivek Joshi,https://play-lh.googleusercontent.com/a/ACg8ocIyVtsAGiR_rEnRqDJjijCGnr5RqCcV5daJ1N-ucUvchCQodw=mo,very nice app could be better if the 'my playlist' songs keep going in same order as selected without going out of playlist but overall best music app,4,0,9.1.80.2221,2026-09-08 10:28:01,,,9.1.80.2221
d103aa65-e59d-4aaa-b370-239e95121fa1,Saraswati Rana,https://play-lh.googleusercontent.com/a-/ALV-UjVaeG9Fb2Lb8lG17CHfJSErQrCP87liS894nU2ywgjFuVssVXMw,very nice 💯🙂🙂🙂,5,0,,2026-09-08 10:23:04,,,
4eeedae9-f230-425b-8bd3-03307b721954,Downer Daytime,https://play-lh.googleusercontent.com/a-/ALV-UjUJlp-h9Gkxb50BR-myyElsaRMBaOhHzkhIuF5QWABVVLmPKy4,"nothing beats Spotify, Wish tho if its cheaper...",5,1,9.1.80.2221,2026-09-08 10:13:47,,,9.1.80.2221
50449fa8-81c2-4c29-92b8-5156969989c9,dreamtruder,https://play-lh.googleusercontent.com/a-/ALV-UjXnIm8Gp2X1OS3ExX8GzeKRADzbYVYVcouoi25zjH8l0tg07sE,dude I used to love listening to music on this app but not anymore why do I have to pay to listen to music and skip songs,1,1,9.1.80.2221,2026-09-08 10:13:27,,,9.1.80.2221
1f36cf47-ec3b-4b84-bbcb-fb1e7dcf1f55,Faith Westbrock,https://play-lh.googleusercontent.com/a/ACg8ocLnrApNnmBcxvVBPWSHugcnUCJ7tENTp7SGGCM-rbFB-IKb=mo,ridiculous that I don't get unlimited audio book hours and I still get ads listening to podcasts even when I pay for premium.,1,0,9.1.80.2221,2026-09-08 10:12:23,"Hi. This has been the case since the early days of podcasts, and remains true today on Spotify. As Premium user, you may receive sponsored messages when playing a podcast, but you can still enjoy ad-free music. For audiobooks, we'd recommend adding your vote at community.spotify.com. Just search for ""New package with unlimited audiobook listening"".",2026-09-08 20:55:46,9.1.80.2221
1dbcaaf1-c01f-4c31-bfa2-4722411fdc03,Poornima Narayan,https://play-lh.googleusercontent.com/a/ACg8ocITG17BO04Fab4rZ-eWqzDhLYUgawRZ4fPQzIhAaipG6M-XnA=mo,good but so many ads if premium is not taken,4,0,9.1.76.2055,2026-09-08 10:09:14,,,9.1.76.2055
840a08f0-5769-445b-9fa8-3268e2a9c33b,NATHANIEL MAGANTE,https://play-lh.googleusercontent.com/a/ACg8ocIC3wGtZ9s4vUSoMHbSGZFIL0sLyKjFuzbU8kdvt137ZzN5MQ=mo,good,5,0,9.1.80.2221,2026-09-08 10:08:52,,,9.1.80.2221
7b33a290-9af2-448b-a9e0-5e7818095639,Jonathan Sabo,https://play-lh.googleusercontent.com/a-/ALV-UjWF8daShh2TILJ3ReaiGJ5WghENrsYXBDPXelOSMVTEwj-blk0H,If okay by me but I don't actually know for others,5,0,9.1.80.2221,2026-09-08 10:07:35,,,9.1.80.2221
771e1d5c-88b2-4b10-8cdf-6c53632bb640,Kamalesh Roy,https://play-lh.googleusercontent.com/a/ACg8ocJE__-ql6zI3MrEcntwQJmVv6_7DtZBKnBIUxq7-cV-0t3zvw=mo,loura wala vikhari app hai baat baat pe paisa mangta hai bsdk,1,0,,2026-09-08 10:03:21,,,
2f2dcae9-51d4-4d7c-aa1f-570bc3c213f8,Akash Pati,https://play-lh.googleusercontent.com/a-/ALV-UjW11oHKT1K9BkpfsefAGnod7p_tJPb9By-o8DtD-8gONduryu-L,❤️‍🔥,5,0,9.1.80.2221,2026-09-08 10:00:44,,,9.1.80.2221
5b9785b8-a81e-4f85-b535-0509743f69f3,Kishore Kumar,https://play-lh.googleusercontent.com/a/ACg8ocIc6PDQ3VyesLdPXXRWKrs9_AbADD0Sr7b9dIPj5TQV7B0VwA=mo,lots of ads,1,0,9.1.80.2221,2026-09-08 09:55:16,"Hi. Thanks for sharing this. We hear you and we'll pass your feedback along to the Ads team. For an ad-free experience, we'd recommend checking out our Premium plans at spotify.com/premium. If you've never had Premium before, you should be eligible for our trial.",2026-09-08 20:49:23,9.1.80.2221
a67bea3e-776d-43f4-afdf-bf659eb4a87c,SUBHA DEEP,https://play-lh.googleusercontent.com/a-/ALV-UjWI2ojlnEKWJ4QZP3PtHUR4_Y9VfHuPL_7xt-FcL0M0e4uaCGY,MADARA UHIHA VS 7TH HOKAGE,5,0,,2026-09-08 09:50:46,,,
a092291a-9bbe-4b1c-a8bd-3252e4dd6c28,Goupu,https://play-lh.googleusercontent.com/a-/ALV-UjXFiqDywScHkBM1wqVxO8aBVjPbzxInZbePnsPnsxK67ZOdZqiq,good but the thing is i tried to switch from standard premium to student premium since i got into college but it would not verify it i gave my id card would not verify i gave my fees pdf still would not verify.,4,0,9.1.80.2221,2026-09-08 09:48:10,"Hi. We really appreciate you sharing this. There are steps that can help you with this on support.spotify.com. Just search ""Premium Student"". If these don't work, we recommend reaching out to our Customer Service by searching ""Contact Us"" on the same site.",2026-09-09 00:04:17,9.1.80.2221
367f12c8-d472-4097-a3c5-d1774b8a02c8,Kapil Goswami,https://play-lh.googleusercontent.com/a/ACg8ocJme9JoRcyT8cos7NdpAqg4aptwy2ybnbDIRpJtHsWaR8qN6g=mo,best,5,0,9.1.80.2221,2026-09-08 09:43:27,,,9.1.80.2221
a25abf32-3f38-4335-9e9b-4bb197e07760,Sushovan Mondal,https://play-lh.googleusercontent.com/a-/ALV-UjUj1zg4AEDZ09BNIVnmZ6CQ8kR1q83UjVMiEW_J4mkkiAeKpnJVXA,My favorite music station.This makes me happy. Thank you very much Spotify.,5,0,9.1.80.2221,2026-09-08 09:43:00,,,9.1.80.2221
c1506598-79e9-4e1b-96c8-eb62b0064f55,wrenegade,https://play-lh.googleusercontent.com/a-/ALV-UjXcRnwuqLVqAsiDVJJ_0rdUHR6qWBWyfAVJ45g-yZDHHTIqsS6W,"what in god's green earth is up with your app??? Now it barely plays any music anymore. each time I pick a playlist, a song barely plays for 1 second before it skips into the next one by itself",1,0,9.1.32.2083,2026-09-08 09:42:53,,,9.1.32.2083
7c4aa796-e9e6-47fe-917d-ac767ff44c50,Karin Divens,https://play-lh.googleusercontent.com/a-/ALV-UjVKpmxEdJCZFwW0EjVKF4wiDS9rUj2lFZyOUzlxNyZkc2-RPaOR,As they said: it's like having your own DJ in your pocket!,5,0,,2026-09-08 09:41:42,,,
fb4c7258-da42-4012-ab47-33677ec4952e,Ujjwol AdhikariOfficial,https://play-lh.googleusercontent.com/a-/ALV-UjVVXo1wnuJxFxWUx5r0tk3e97SLeesgO124R2LTvmkaF-11yZlK,Spotify provides an excellent music-streaming experience with a huge selection of songs and podcasts. The playlists and recommendations make discovering new music enjoyable.,5,0,9.1.78.2218,2026-09-08 09:40:55,,,9.1.78.2218
1cdc925c-95d1-4fb7-b229-0fa63767bc9c,Vivid Khupe,https://play-lh.googleusercontent.com/a/ACg8ocJS9LDItNzrpYOLJes4q1BYAGq1MT8DC9aL3o2HiOWQxiZgCw=mo,good,5,0,9.1.80.2221,2026-09-08 09:39:57,,,9.1.80.2221
d651e916-a9f5-470e-b668-a055265ddfd7,Sameer Alam7930,https://play-lh.googleusercontent.com/a/ACg8ocJfEmfmirHmWre-n4RQGdDZUmd9XFljjQdlwr28MsMog77Fe0g=mo,app needs only primium use . and don't need people who can not buy premium. in aap only premium user can play all songs and who have not subscribtion they can be in limited skips for songs that's not fare for your real user who had used this to starting and now I will never reinstall this app . and suggest every buddy to uninstall the Spotify. bcz the app only needs people who can afford app subscription.,1,0,,2026-09-08 09:39:14,,,
128f04a5-5355-4f54-98e1-328f72824591,Sihle Mchunu,https://play-lh.googleusercontent.com/a-/ALV-UjX_I6ELjQcNqfhf_C0RtAs-5Bx2K9Uo-i5U2vbcEsBoNbgEE1L4,too many advertisements with only 10 skips,2,0,9.1.76.2055,2026-09-08 09:22:32,"Hi. Thanks for sharing this. We hear you and we'll pass this along to the Ads team. If you're looking for an ad-free experience and greater flexibility, consider exploring our Premium options at spotify.com/premium. If you haven't experienced Premium yet, you might be eligible for our trial.",2026-09-08 20:47:42,9.1.76.2055
0d9b993f-f724-46ed-a698-ebc5b3845115,Jyoti 3 Mondal,https://play-lh.googleusercontent.com/a/ACg8ocKtU4dphr9CBLJYJM17c_99TcbLfX3M9AX2fGQW1StQS3aTTA=mo,best music app,5,0,,2026-09-08 09:21:16,,,
92206427-5def-44b9-be98-a62ad7e50b49,Karen Stephens,https://play-lh.googleusercontent.com/a/ACg8ocKNhJqTKbtSYImM04b9OTrglSvH6EWdCXU7blcBrKpbndgV=mo,wonderful once you learn how to use it very helpful to block out excessive noise amount of adds are annoying but stop if you pay. for someone with mental issues paying overrides the adds and is worth it,5,0,9.1.80.2221,2026-09-08 09:20:26,,,9.1.80.2221
1cc83ddc-946f-4183-8658-ff3e198e2a0f,Henry Huddleston,https://play-lh.googleusercontent.com/a-/ALV-UjV9zYUTfnIYdLP1JtEsd_sRn1nyAmPSHwBgFRiBcN3zci9jl3w,bad. only plays ads Bull S,1,0,9.1.72.1891,2026-09-08 09:19:26,,,9.1.72.1891
e5deee93-96c3-4bd4-8f0e-1d34acfa0c7d,Carolina,https://play-lh.googleusercontent.com/a-/ALV-UjWpnLqduEaTF-aSJcMHKVnYvN66Xj8vFeG4hVXrcsOloXho7vo,"Worst updates ever, cash grab",1,1,,2026-09-08 09:16:06,,,
ea6b789b-8087-489f-bd17-524a67eeeca3,Bibek Kahar,https://play-lh.googleusercontent.com/a/ACg8ocLy7Y27tnxuFmF5xJmlKQgK47i4x9j20sJgSoGNee8y572V6A=mo,I am so happy 😊😁,5,1,9.1.80.2221,2026-09-08 09:14:20,,,9.1.80.2221
a8fcdc2c-1c91-46bb-87ad-ec63ad616242,Makayla Dinwiddie,https://play-lh.googleusercontent.com/a-/ALV-UjXkNj4SLvCTjEpAlTTI7ww4nLlp-gNcXLrmrWof4kaFQSvplxNm,thrash could not play a song at all,1,1,9.1.80.2221,2026-09-08 09:13:11,,,9.1.80.2221
e4fd5b1f-7603-428c-8ad6-53f0c9fd7605,Mukul Debnath,https://play-lh.googleusercontent.com/a/ACg8ocKg7RBRHdPhPrDOo79UfYd9bAErGWwmm6Cl-LOcZi1_Ywjl2Q=mo,plz skip long add,1,0,,2026-09-08 09:08:35,,,
b4120400-087e-40c2-9332-b1265b1b3f1c,Nishani,https://play-lh.googleusercontent.com/a-/ALV-UjW5o7r3mjGkIWHmq1hZDlHV_hLUWLlehFGUZlPJceUBN-m1QbY,All Lyrics are wrong for the Tamil Songs in Premium. Spotify should consider on this,1,0,9.1.80.2221,2026-09-08 09:05:09,"Hey there! We'd love to get some more info about this. If you have the time, give our Customer Service a shout. You can find them by heading to support.spotify.com and searching ""Contact us"".",2026-09-08 20:45:48,9.1.80.2221
04f6d5b8-82b4-4bed-b9c1-09375e340065,Irina Irina,https://play-lh.googleusercontent.com/a-/ALV-UjU-7enQqtoTCkmcBsSraOL89relwQtGznDaqGtt9ryzhdIlv3s,bro Spotify are you trolling why 0$ 3 mounth my mom wouldn't allow!Fix it please,1,1,9.1.80.2221,2026-09-08 09:02:57,"Hi. We'd like to get some more info about this so we can look into it for you. If you have the time, you can reach out to our Customer Service by heading to support.spotify.com and searching ""Contact us"".",2026-08-23 19:54:34,9.1.80.2221
e13992ab-5c42-41c2-94b0-e657807e0e38,Dawie,https://play-lh.googleusercontent.com/a/ACg8ocIZMlK7HZHJ6uo1XR8C4enDXX-2P2NKaonmBtDFDYl_Xe5KJA=mo,freedom violating. I have had enough of paywalls and ads. Uninstalling.,1,0,9.1.80.2221,2026-09-08 08:56:51,,,9.1.80.2221
cc7a3d6e-04d1-4794-a119-af28f557d416,Samkeliso Sambulo,https://play-lh.googleusercontent.com/a/ACg8ocKZXT7yFUF6hKm_CUL_gPfQtUgm_5U3GlGnanloGSkmdwlYCg=mo,"Good music, high quality",5,0,9.1.76.2055,2026-09-08 08:52:39,,,9.1.76.2055
57800c33-5d78-418f-a867-123a60c495af,Karim El-Lamie,https://play-lh.googleusercontent.com/a-/ALV-UjUCVdUI14MEWwbBtpGALrUUYLdsJUp3eR7aS7RCjb3tOHkNrznW,best music app by far,5,0,9.1.80.2221,2026-09-08 08:50:33,,,9.1.80.2221
b96a79d6-3ddf-4ffc-bdd4-1edd7e5fcfd0,Over_18,https://play-lh.googleusercontent.com/a/ACg8ocJvo7aZmgtgcqqI3Ol-d04rhpE4fcYwZWMLgnUYdzJEs-llcg=mo,best music app ever,5,0,,2026-09-08 08:50:00,,,
af5224d2-7321-45d7-98a5-9eb0c4fc76b2,WhoIs Chris,https://play-lh.googleusercontent.com/a-/ALV-UjVjDqPH6hIEl3a1EV3H2h7tHWcHgyMfwnvjLdIEEvaRBVQsN6K6,please make the messages okay and not always failed to send because this is the only app we could talk because she is strict parents so please fixed the messages and add where we could send photos so we could update each other though I understand it is for musics but please fix the message because I don't want to let go of her,1,0,9.1.80.2221,2026-09-08 08:48:56,"Hi. Thanks for sharing this with us. For the app's behavior, you can try a quick reinstall. If that doesn't help, we'd recommend reaching out to our Customer Service at support.spotify.com. Just search ""Contact Us"", and they'll be happy to help.",2026-09-08 20:47:08,9.1.80.2221
6579bff4-6c93-47ff-a10b-5b8bd02fa755,An Idiot,https://play-lh.googleusercontent.com/a-/ALV-UjVSZudjMu3hmdvaqJ1J2xJaFKpqwPr0mDbxqGBZAgG2Eli5Jlv5,When playing the discover weekly playlist the song playing fails to show and the notification doesn't show up either.,4,0,9.1.80.2221,2026-09-08 08:48:14,"Hi. Thanks for sharing your experience. We'd recommend restarting your device to see if that makes any difference. If that doesn't help, you can get in touch with our Customer Service by heading to support.spotify.com and searching ""Contact us"".",2026-09-09 00:03:15,9.1.80.2221
d87d182c-4dcd-425e-b633-9d1d8b1b52f8,Mahamuda Hossain,https://play-lh.googleusercontent.com/a-/ALV-UjVJ0IMo6uPgN4Y8pNAJZq99402dB1Otq3fhRn3Eo-1ewggznbXA,love everything but it just has way too many ads,4,0,9.1.80.2221,2026-09-08 08:44:45,"Hi. Thanks for sharing this. We hear you and we'll pass your feedback along to the Ads team. For an ad-free experience, we'd recommend checking out our Premium plans at spotify.com/premium. If you've never had Premium before, you should be eligible for our trial.",2026-09-09 00:01:52,9.1.80.2221
4dcfa220-b674-4044-b7f1-c58874360cb9,Japhet Dio,https://play-lh.googleusercontent.com/a-/ALV-UjVxOEXRFHmym4KRBDGFVoshBuHi3DFljS7Gt3cghnh4C_zOfR6G,Satisfied,5,0,9.1.80.2221,2026-09-08 08:41:11,,,9.1.80.2221
fdfdde9a-9a16-40e0-8f7d-a3fae177d780,John Dough,https://play-lh.googleusercontent.com/a-/ALV-UjUY18xYZJh66LMyKV7efFZ_kHosL3lOkDPfcO-x1ZlFB_HKpw0,"Yet another app ruined by corporate greed. After I lost my free trial to Premium, the app really just became unusable. In order to play songs on your playlist, you either need to manually select them or it will play randomly. Also, it doesn't help that it gives me a limit for how many songs I can play. Annoying, repetitive ads after every single song, and somehow, like just about all of us, why do we keep coming back to Spotify? BECAUSE ITS THE ONLY APP THAT HAS OUR PLAYLIST.",1,0,,2026-09-08 08:35:17,,,
24191734-8bd7-4aac-a714-46193c46b4d4,Nikhil Rathod,https://play-lh.googleusercontent.com/a/ACg8ocJ_tIDPcR0fZB36-0VxZ959X5xBf6kBUXmpTrBMxpGQunppTw=mo,my motivation,5,0,,2026-09-08 08:31:35,,,
eeb5e74e-76a6-46f2-b19d-914f018dfb8d,Je Me,https://play-lh.googleusercontent.com/a-/ALV-UjVDgTZcfNuq7P-prYWyjfEB2iEz9AhscGOY-ZwcMQypamHeXMF2,"Spotify is a good app for listening to music. Creating playlists and choosing any song out there is a really great feature. However, Spotify premium is actually pretty terrible. Yes, ads are pretty annoying and I can sometimes get triple unskipables. But the main problem is controlling listening. It's pretty crazy that you don't have control of your listening. Whenever I listen to my playlist, I always get songs that aren't even in my playlist. Please let me control my listening without paying.",4,1,9.1.80.2221,2026-09-08 08:25:25,,,9.1.80.2221
18366d2d-888a-4e63-996e-a2c26dbfeea3,Khem Bhatt,https://play-lh.googleusercontent.com/a-/ALV-UjVEbxiKojmIwOdefbZWm8JCuZp2i5T2ZAg2CSogmuFbFJA4vZQ,this is the best app ever,5,0,,2026-09-08 08:24:05,,,
86a042a8-45e5-4fe6-a46d-cc3f1f70560f,lenny the meme,https://play-lh.googleusercontent.com/a-/ALV-UjUTG1zzRS6R2OBz-hfvHe7yjpcipZR-Mz1UfvN4a2M7-7Fc9oOk,return the old widget,1,1,9.1.80.2221,2026-09-08 08:16:22,,,9.1.80.2221
3a8afa8d-f5b3-41a1-815d-f46705815be9,Beth Whitman,https://play-lh.googleusercontent.com/a-/ALV-UjXuQkyP1MEIioRpeNLohJO5G49e4ZDG-zdgD5VZ61V632s_iaZ90w,seriously Spotify went downhill. it's is the worst App ever. now. and that's why I switched back to iHeartRadio,1,0,,2026-09-08 08:16:02,,,
1d80212d-04dc-4a53-86ba-0c019205b586,Neo Sioco,https://play-lh.googleusercontent.com/a-/ALV-UjVcIQYXPW-CI0AieySJIApP6hnR4kXJ8VRT-QZR9pfcShpixww,I can relate to the song and it's enjoyable it's easy to use,5,0,9.0.36.697,2026-09-08 08:15:56,,,9.0.36.697
d03b3467-fdec-4478-a306-038b2c65cae7,Banny,https://play-lh.googleusercontent.com/a-/ALV-UjWOTRpteAUm5xKdix1M10CxJ-iItmyH_wFGzzLhYuCjBaMypaNQ,nice music perfect bgm,5,0,9.1.80.2221,2026-09-08 08:09:27,,,9.1.80.2221
10fcc088-1c8d-42e7-8cc4-499f8a33b1c8,Jinu Singh,https://play-lh.googleusercontent.com/a-/ALV-UjUyahm41pdWUJZpCr1DTTFjRJwyj3usraionmtiS0IUzXA-81t0,very nice 👌 is aap,5,0,,2026-09-08 08:08:46,,,
23581619-ff53-49c0-8eec-dc73914d91cd,Chris Barahona,https://play-lh.googleusercontent.com/a-/ALV-UjX3uLhlI_sdaf0iHEVfnCyztSIJZrKQ8gYREkeIyn4j63J63LTK,i could listin to alot of songs,5,0,9.1.80.2221,2026-09-08 08:04:02,,,9.1.80.2221
88d5f25d-9234-4360-af2a-f1aa38800c3e,Ramraja Rawat,https://play-lh.googleusercontent.com/a/ACg8ocJEfN7KgleoSpD3IyWOOkKY4wQ3SldhYxL8LCqrwYYsx1id5g=mo,bahut hi achcha hai,5,0,,2026-09-08 08:00:19,,,
0ab28671-eac2-484e-9318-5734cb3718c2,Jack Senger,https://play-lh.googleusercontent.com/a-/ALV-UjXKS0KRjf-KDv-i6HHVf7yQjSwSCjSXVIbd8qF_AmOmFqLiAP8S,best so far,5,0,9.1.80.2221,2026-09-08 07:59:43,,,9.1.80.2221
051c16c9-f9e2-4e04-a382-c67e299412bf,Pineapple Legends,https://play-lh.googleusercontent.com/a-/ALV-UjW1WKMILxNruDrrqL_D4_Z0HZ0CssbRiHGwk5UWGLpwhxafVFQ,"My music library goes wherever I go. The daily mixes are always on point, and the podcasts help me get through my commute. I couldn’t survive my gym sessions without it.",5,0,9.1.80.2221,2026-09-08 07:57:51,,,9.1.80.2221
bff0a820-5b31-4716-b1a5-1d12599c865e,Sherry McDonald,https://play-lh.googleusercontent.com/a/ACg8ocIr0MdPC5w2CMB79Grj_-7NuK3qcLBj9FGv0Vf2R6pXjz0hyg=mo,I love it they have all my old school songs but how can I get it without the commercials ?,4,0,9.1.80.2221,2026-09-08 07:57:17,"Hey. We appreciate your feedback. For an ad-free experience, we'd recommend checking out our Premium plans at spotify.com/premium. If you've never had Premium before, you should be eligible for our trial.",2026-09-08 23:54:47,9.1.80.2221
ad53f5b2-bed3-4b68-b0c1-54dd258b8ecc,Ratna Moungkamg,https://play-lh.googleusercontent.com/a/ACg8ocJfJtDGiER_ilBxyFCDpkPt2JptADnTa1SLGlbMtCF5VH56RQ=mo,best of ever,5,0,9.1.78.2218,2026-09-08 07:53:59,,,9.1.78.2218
54f16615-4b68-4efa-9503-0eb1216d149f,Garland Smart,https://play-lh.googleusercontent.com/a/ACg8ocJF_Twhv1lgkhLJU1I9P-DBqiDjbGtuM2794tOKOm289yXwDA=mo,superb pop,5,0,9.1.78.2218,2026-09-08 07:53:46,,,9.1.78.2218
8c3ecc75-b194-43e9-8a78-f23f87a8e41e,Eduardo Nocum,https://play-lh.googleusercontent.com/a/ACg8ocI7aFb5BdHGjTZUyoP18r82QiObTwyBl5_nxTWQjbZE5av_8A=mo,love it,5,0,9.1.80.2221,2026-09-08 07:46:22,,,9.1.80.2221
b0356695-2d82-4a5f-a004-78870ed15864,Cory Smith,https://play-lh.googleusercontent.com/a/ACg8ocKqM957PqQZSx8MM_xhnuCaecfe58moFirtRd50UIHGAQ93Bg=mo,NOTHING LESS THAN AWESOME,5,0,9.1.80.2221,2026-09-08 07:38:04,,,9.1.80.2221
6c594e1a-224a-43b6-8fe5-3288def04c9f,Rusmir Durakovic,https://play-lh.googleusercontent.com/a/ACg8ocKTEubeEoi_Zab1CgVWFFyl19h1ga_CBXHNOFmbzC885jeiqQ=mo,"Allways performs to fullest, never leaves you disappointed!",5,0,9.1.78.2218,2026-09-08 07:38:04,,,9.1.78.2218
50532b02-9138-47f6-9ff6-df913dd02890,Arghya Das,https://play-lh.googleusercontent.com/a-/ALV-UjVWFYI_4C7DCmKt_D6xcAokvpJpSbH5AN_3BgVnymiknWkqOpp2,wow 😳😳 good 💯💯,5,0,,2026-09-08 07:35:43,,,
b926a509-c6c0-4d74-ba49-876032be52cf,Nimi Joe,https://play-lh.googleusercontent.com/a/ACg8ocJxiYr7iBW4Iyt-eSTT6Wu3IIYVEpBPCG2jBIXgVDv7vU9iEg=mo,"Idk it's a really good app, highly recommend,but certain remixes are not allowed to be played",4,0,9.1.76.2055,2026-09-08 07:33:42,"Hi. We're open to feedback, and we'd like to get some more info about this. If you have the time, give our Customer Service a shout. You can find them by heading to support.spotify.com and searching ""Contact us"".",2026-09-08 23:54:12,9.1.76.2055
a16515a2-e430-455d-8f46-8625a78c625d,Elianna Medina,https://play-lh.googleusercontent.com/a-/ALV-UjV_ITFHaadRX-pR5o-kBF2uoUG1LGHJAo_iHC19CJyaKeUcIZk,I love the music and I love everything about the app,5,0,9.1.80.2221,2026-09-08 07:32:01,,,9.1.80.2221
f0648fb7-3881-4d6c-b479-19f9fa8df215,Soren “Soren” Martinez,https://play-lh.googleusercontent.com/a-/ALV-UjUT1ZqqGmcUJj-JqJ0tmLGe4iZoJfjTgzCsww688wyTYx2oK7I,love spotify great app easy to use doesn't turn off when your screen turns off has any song you can think of what more do you need except no ads,5,0,9.1.80.2221,2026-09-08 07:31:13,,,9.1.80.2221
c9d31159-06c0-4dba-851e-60a6b9557e9d,Merna Chapa,https://play-lh.googleusercontent.com/a-/ALV-UjUFqpP9QD5A24xsxN3HaOh9p0pkqSXwAJ-a1dyyMj8HEUTwAf_9,love the music and hardly commercials,5,0,9.1.80.2221,2026-09-08 07:27:48,,,9.1.80.2221
4ccfeaeb-b51c-4b23-92fb-284c781fc5a3,Camila López,https://play-lh.googleusercontent.com/a-/ALV-UjXBSxprOSd1_wAr-zXDYArDGPHaSp1GZdUwTCtC-B032EnqtERWoQ,"Muy buena aplicación, me encantan los podcast y audiolibros",5,0,9.1.80.2221,2026-09-08 07:23:54,,,9.1.80.2221
21d8b2fb-4c04-4708-9919-d8e932f0da8d,Vireshh Kittur,https://play-lh.googleusercontent.com/a/ACg8ocJgkRpEwVbDYLL_NzVnGzy2eS3ZRwvPlvFppkw8ug48Cm7ekw=mo,Where is KANNADA language in your Categories list? even very small industries name are there but not Kannada songs category whose legacy is unmatchable. So I am requesting every KANNADIGAS unsubscribe and uninstall Spotify until they add Kannada language in their category list.,1,0,,2026-09-08 07:23:14,,,
de699c7b-93e2-4100-833b-1a915854342b,Raigen Moore,https://play-lh.googleusercontent.com/a/ACg8ocKkShQtzuJRzwZY3g0J0NsgPN1AHpcx-O5-Xy7F54CA5Fz2Jg=mo,love it,5,0,9.1.78.2218,2026-09-08 07:18:10,,,9.1.78.2218
69fc26ef-5c3f-4d26-9c05-38ffeaf579a0,Hyena Kun (Ethan),https://play-lh.googleusercontent.com/a-/ALV-UjXE4ujWmaO6LL6ZablCBmeZz_bwtT1Z2YN8PNgu7_9Ajk0ETtWW,the widget is freaking annoying can u guys fix or atleast bring back the old widget not that big one just the classic normal widget,1,1,9.1.80.2221,2026-09-08 07:16:32,"Hi! We appreciate your feedback. If your widget is not working, we recommend removing and re-adding it, then restarting your device. For more details, visit support.spotify.com and search for ""Spotify Home screen widget on Android."" If you need anything else, contact our Customer Service team through the ""Contact Us"" section on the same site.",2026-09-08 20:31:37,9.1.80.2221
02d7f77c-7faf-45cc-8194-f738fcb947e7,ANDREW HUBBARD,https://play-lh.googleusercontent.com/a/ACg8ocLQIYpgsWuoZIskRlQvPAg32m0-iUA2FX5tgSePKzGBtPQR6Q=mo,"Worth paying premium to get rid of the adverts. Excellent app, cannot rate it highly enough.",5,0,,2026-09-08 07:15:02,,,
60d88968-15c8-408f-a42b-89ba2ac998de,Juan Loredo,https://play-lh.googleusercontent.com/a/ACg8ocIwCVOVbSW8WfakKScojy0ZQNqytN5oj1iPAYIY8D26dpgE-Q=mo,good at the moment,5,0,9.1.80.2221,2026-09-08 07:13:43,,,9.1.80.2221
108bca24-6f7c-4924-a565-44c8a549c086,erica johnson,https://play-lh.googleusercontent.com/a/ACg8ocIhFg3X5rfM5nml12x4S7FcVu6yCy8FBFleoMDkD3wBgWSwBBc=mo,satisfied,5,0,9.1.80.2221,2026-09-08 07:13:20,,,9.1.80.2221
b81148ff-1a27-40ad-a537-b7e53e3ffa8a,Adithyan B,https://play-lh.googleusercontent.com/a-/ALV-UjWtNyXukLJI_cLqUebFhd_1z1eOm40ivHFuQ-SMlENImABG4Ig,Good for a song lover,5,0,,2026-09-08 07:11:50,,,
a9c3f4da-fc6a-4581-b600-86a62420b095,HR MC,https://play-lh.googleusercontent.com/a/ACg8ocKaA7YuvX5D-4tudwFKzSwHqvNRg1rkJ54eL37evtsL_IAL=mo,"love how easy it is to create, customize and delete playlists/songs",5,0,9.1.80.2221,2026-09-08 07:11:23,,,9.1.80.2221
2cc8d290-0c7d-4399-b4ae-9f5eb4edad93,Maddielynn Morgan,https://play-lh.googleusercontent.com/a-/ALV-UjWaxhtpJFKcm_Nw83ckaX1p1atYOSpgU16M1sj6mLezdFbl12c,I WAS AMAZING BUT I really wish it could have no ads and we don't have to buy anything,5,0,9.1.80.2221,2026-09-08 07:10:48,,,9.1.80.2221
b9591def-5aa0-4319-b3fb-3122045aa16b,Steve Willard,https://play-lh.googleusercontent.com/a/ACg8ocL1rkp39YzcutqRMyd4UXVhzEYKEqKfvMMz0EGprVnWMAhNGA=mo,great,5,0,9.1.80.2221,2026-09-08 07:08:03,,,9.1.80.2221
747e05e0-f34a-43f5-b455-58e86caca51e,Lim Lim,https://play-lh.googleusercontent.com/a/ACg8ocKbSPSlHW-1zUeFgpDoZUmC6qVzMG0rsOPD2tu5UxUlG5gKgg=mo,"Spotify is a great music streaming app with a huge variety of songs and podcasts. The interface is easy to use, the sound quality is good, and I can easily create playlists for different moods. I really enjoy using Spotify every day. Highly recommended!",5,0,9.1.78.2218,2026-09-08 07:06:28,,,9.1.78.2218
6df0af0f-bd61-4aa2-af95-4dd428a03c11,Ralph Kahn,https://play-lh.googleusercontent.com/a/ACg8ocJoKeC0lufuwBgOZJWFBn_HF8k1bfVITng9QLHF2BkpCayx0g=mo,"Music galore, whatever choice of music you make, Spotify's got it, and that is what I truly appreciate.",5,0,9.1.80.2221,2026-09-08 07:05:58,,,9.1.80.2221
1d3a45f7-a126-4cc5-b1db-951b6cb80544,edmund tubino (maximus),https://play-lh.googleusercontent.com/a-/ALV-UjUAwZWGyvvDTx-ooHgwDdVtZuSPuNVrz_SPnOdEC2tR_mmA5sdf,usefull apps for relaxing your mind by listening,5,0,9.1.80.2221,2026-09-08 07:04:23,,,9.1.80.2221
0a3374eb-4e3c-4282-bde5-1827eefc20af,David Woelfer,https://play-lh.googleusercontent.com/a-/ALV-UjWfzQkhoflwwUt6zQoXqBcgE1PVBGRcLhJ3onte6DtPZ_2lqDF0,Great from a listeners perspective,5,0,9.1.80.2221,2026-09-08 07:03:45,,,9.1.80.2221
4ea76b5c-48db-456a-af62-47014f6cfbf3,RAMANJAMMA POLAMREDDY,https://play-lh.googleusercontent.com/a/ACg8ocLRWJbur3HQkzX9Kh8fHWx3y77ZFQaP8VEMuR6lpY0OgV-2Pg=mo,Good but only for premium users,5,0,9.1.80.2221,2026-09-08 07:01:42,,,9.1.80.2221
fe4004ec-b6ed-4575-898c-c6d40a8d802a,Mick Tatlock,https://play-lh.googleusercontent.com/a/ACg8ocII7SjfIWwvQ2g4ZnjEQVC1kVbnDzFifeacGM7RuxmTe8vLGA=mo,"Paid my premium for a few months, can't watch music videos on my samsung tv's, tried to resolve, gave in, switched to you tube, perfect, spotifys loss, and you tubes cheaper!",1,0,9.1.80.2221,2026-09-08 06:56:29,,,9.1.80.2221
d1135a70-5be4-4220-92bc-f2cabe7d085f,Nevaeh H,https://play-lh.googleusercontent.com/a-/ALV-UjWumvlDgkxLhkESTFMLGz_c3S_UDW3eD0d1Frf6sNs7PBPHvHwHDA,"Shuffle my actual butt. Over 2000 liked songs and the same 20 play over and over? And on TOP of that, how is that I pay for premium yet I am getting ads during my podcast? That's exactly what I'm paying to NOT have. If you do have premium, you get treated like dirt and if you don't have premium you get treated like trash. Used to be a good app, don't know what happened.",1,0,9.1.80.2221,2026-09-08 06:51:18,,,9.1.80.2221
57bb3f25-4cd8-4393-9828-b1453ac3d8c2,"K,Vasu Kodapalli",https://play-lh.googleusercontent.com/a/ACg8ocKUPMgCXC1x_iVzHdKT2Uzbs_4YUtYXjFtDvbh8TQxXP_edpQ=mo,all songs there in this app,5,0,9.1.80.2221,2026-09-08 06:47:37,,,9.1.80.2221
ad3444cb-a4f7-467c-b9cb-80963cc5d246,Robert L,https://play-lh.googleusercontent.com/a-/ALV-UjXFBGJmYtw2ccxcIoetqUu8xglsiXUkZGqUcWxiynqqgcINmHSz,it freezes every song on my TV. cuts off the last 20 seconds or so and doesn't start the next song for about 30 seconds after that. why am I paying for this? *edit* I forgot the part about reinstalling the app multiple times 😏,2,1,9.1.80.2221,2026-09-08 06:43:04,"Hi. Thanks for sharing your experience. Have you tried a quick reinstall? If that doesn't help, you can get in touch with our Customer Service by heading to support.spotify.com and searching ""Contact us"".",2026-08-10 01:57:34,9.1.80.2221
2ea37884-60a9-48a9-a0c5-a8afe9541a68,Yash Saroha,https://play-lh.googleusercontent.com/a/ACg8ocL4-AJsf1T4w2eTX1QTGI9RGlqvLM4IjNjiXD9ZgLEuFvZ15w=mo,worst music app ever!!!!,1,0,9.1.80.2221,2026-09-08 06:42:38,,,9.1.80.2221
04e8f82f-450b-4075-b61e-2a4c894e2f15,Ayah Dahche,https://play-lh.googleusercontent.com/a-/ALV-UjVIlO907LqxGHS-sOWAdHxB01fVgpGLHgqFipLUKwE3aX_dnXR6,Amazing!! I love Spotify soooooo much,5,0,9.1.80.2221,2026-09-08 06:41:11,,,9.1.80.2221
3d1c2b73-be95-4308-8a41-f446cbc70040,Pa Ward,https://play-lh.googleusercontent.com/a-/ALV-UjUqSGbAI7bqiYqj7I6Zee0j6rt3ZD0XgLPQIbOG94KFDaIEd3m-,Why is Spotify deleting music!! I will no longer be using Spotify!!!!!!!!!!!!!!!,1,0,9.1.80.2221,2026-09-08 06:38:39,,,9.1.80.2221
f477fdb6-ab02-4b38-be2e-225f31eabace,Badet Tuliao,https://play-lh.googleusercontent.com/a-/ALV-UjWKpUv7nZRIjKrrDU-PMbNdEgpHGiLMLaEYSiEFxkyS9JVvhjE,The best!!,5,0,9.1.80.2221,2026-09-08 06:34:36,,,9.1.80.2221
8d24ad40-9737-4ddc-afa8-a3952ba0092c,aaron kara,https://play-lh.googleusercontent.com/a/ACg8ocKUa3q3ZgY34g672PYuhuLiNdYkEd6ikkopwql0HE6Hi-Y-hg=mo,"how does an app like this have THE WORST shuffle feature I've ever experienced??? doesn't matter how many playlists you go through, it 'shuffles' the same playlists in the same order. absolutely pathetic for a music app honestly",1,0,9.1.80.2221,2026-09-08 06:33:32,,,9.1.80.2221
2d49a6ca-7bed-4c9f-b59d-6b0f09044f95,Pravesh Kumar,https://play-lh.googleusercontent.com/a-/ALV-UjVDkrFcTJZcnm9I-q_EBpgTwy0CZ-k-KhuSOXEp-X6EkEu70KIz,smart music 🎵 channel,4,0,,2026-09-08 06:32:01,,,
bc628879-d4e2-4b9e-a055-24d6c2e8445e,Melvin Wells,https://play-lh.googleusercontent.com/a-/ALV-UjVaMuWRBSInBHMlcU-BAT2VF2qAYme9yMI6CVJZEAVksLP1OnaH,The Best,5,0,9.1.80.2221,2026-09-08 06:29:08,,,9.1.80.2221
8deb1c26-a243-4e8a-982b-38f7f9cfd7ed,Elijah Something,https://play-lh.googleusercontent.com/a-/ALV-UjWQZOmelUQXWHK2odHjAdAgpbeJlizFZu8kHM_eWQFDwVosrVf0,don't recommend if you don't have premium,5,0,9.1.80.2221,2026-09-08 06:25:52,,,9.1.80.2221
e159264d-90b8-4900-a1c0-ad522ea58f08,Victoria Shirley,https://play-lh.googleusercontent.com/a-/ALV-UjUGRKt9WDgkI1Sz80nJNY4jqsOrSvUY03bSAjfr0FEJ0BVpJgcQ,Has been great to work with and drowning out the noise of today. If we just figure out how to remove certain songs from our algorithm- Pearl Jam followed by Moana song? 😅,4,0,9.1.80.2221,2026-09-08 06:25:40,Hi. Thanks for your feedback. We'd recommend adding it to our 'Ideas Board' over at community.spotify.com. Just head to the Menu > Ideas. Others will then be able to vote or add to the conversation to show their support.,2026-09-08 23:52:00,9.1.80.2221
45ed5f43-6f1d-4001-ae45-2298b68151b9,Bruce Miller,https://play-lh.googleusercontent.com/a-/ALV-UjVhA6NMJgpwXy5sD8yR97Hm2l-TtKUQ-qjcohHw1PPUnlVtiKhB,Has the best selection of music. I find something new(to my likes and interests) almost everytime i open the app. You can have your phone off and still have your music playing or surf other websites while music is playing in the background,5,0,9.1.80.2221,2026-09-08 06:21:26,,,9.1.80.2221
c6b396cb-194c-4bad-885f-7487eedf50e7,Luna,https://play-lh.googleusercontent.com/a-/ALV-UjV43p6ckY_yRiqdoGCdDKKsthk_kb7QF9B6nmaSWcXsueYmbFg,very easy to use and very good,5,0,9.1.80.2221,2026-09-08 06:20:14,,,9.1.80.2221
a3d4a0af-683e-42f4-8def-c0a09d6b20d5,Lily,https://play-lh.googleusercontent.com/a-/ALV-UjXT655-yI0K0v5sASB2SEDDfBC4yzsMAn-xIHYZqpfUBqdNW7Gw,"The app is amazing, (but I have premium so this may not apply to most people) no ads and I can listen to all my favorite songs 24/7! I never have listened to music on another app except for YouTube for music videos.",5,0,9.1.80.2221,2026-09-08 06:13:46,,,9.1.80.2221
b5c39f7f-158c-4be8-9893-e4adb37c7abb,Tulsayya Kumari,https://play-lh.googleusercontent.com/a/ACg8ocLQGTDdXez0_GU4hN1VxzYE8sxuwHTsDTg0dP8tjQ6KnGdfHw=mo,👍,5,0,9.1.80.2221,2026-09-08 06:09:44,,,9.1.80.2221
71ef26aa-74fa-49e4-ae7b-6b0e9a276269,Parth Patil,https://play-lh.googleusercontent.com/a-/ALV-UjVapZY4gYsuxB1t-E8fkol1GHwl2kem-870e4EKwmZugW5P4Fg,Tuff,5,0,9.1.80.2221,2026-09-08 06:07:14,,,9.1.80.2221
305047b9-6cd5-425a-921c-b8daaf82ec70,Jean Bertrand,https://play-lh.googleusercontent.com/a-/ALV-UjXrM9Dh02_gX30LHos1XQJDhBjN1N6kqBLlWt8ax0qt3SKwlWE,it's a great app. Love it 😁,5,0,9.1.80.2221,2026-09-08 06:05:31,,,9.1.80.2221
44bc7f9b-354f-417c-90ec-665d5046fb86,A Google user,https://play-lh.googleusercontent.com/EGemoI2NTXmTsBVtJqk8jxF9rh8ApRWfsIMQSt2uE4OcpQqbFu7f7NbTK05lx80nuSijCz7sc3a277R67g,"Spotify is the best.I will keep it , and I think other people should it.",5,0,9.1.80.2221,2026-09-08 06:05:10,,,9.1.80.2221
cde0fd0c-203c-43f3-8861-7acf5bbfe9a3,Garrett Lynch,https://play-lh.googleusercontent.com/a-/ALV-UjX5iQZn5f3jnPzd4Xtmj56NRkJbsjli3sCegExmTt_2v-1JBmZCTg,I love this app!,5,0,9.1.80.2221,2026-09-08 05:56:41,,,9.1.80.2221
fb24030b-03f3-4702-8796-e01a81392071,Damor Asmita,https://play-lh.googleusercontent.com/a/ACg8ocJsxkpuW72kYyAtFA24BuAWg6tUAOQiKK147Qce54-i88Fq=mo,deejetal,3,0,,2026-09-08 05:53:15,,,
48320851-4559-4c83-9f6b-477fc9a64cd6,Savita Jadhav,https://play-lh.googleusercontent.com/a/ACg8ocK0D73_5dUsn8aJ7aw8AzIzZzKsM8bYuSxCLLn_3CIaMiOzWg=mo,music spotifya accha hai,5,0,9.1.80.2221,2026-09-08 05:51:20,,,9.1.80.2221
5b352f8e-19b9-4b7e-a926-98062a56d5eb,Jett Avelarde,https://play-lh.googleusercontent.com/a-/ALV-UjWBplUoSMjxk109KPOC5rCB2T1wn-Qj36OlHSgxrrKETGwvEMVU,"I've been a long term user, exclusively on the free version considering I'm not one to pay for additional services often unless it's what's initially offered rather than tacked on later to try and force a users hand, with that, I am deeply disgusted by the limit on choosing songs, I cannot even look for a song if I set up a que prior and went through that. it's greedy and honestly makes the app even less entertaining than ever before. People have a right to at least choose the song spotify.",1,1,9.1.80.2221,2026-09-08 05:49:12,,,9.1.80.2221
d5f616ae-49fc-4eb3-91b1-c0d83031ac74,Takemichi Hatake,https://play-lh.googleusercontent.com/a/ACg8ocLDt8FO_gfmRdXkVVdh0-4RAx2zfAn12KU-tghfsI_prKqTdQ=mo,its fun,5,0,,2026-09-08 05:48:14,,,
a2b26985-3be7-4a11-a153-6bfafd4574e9,gorga,https://play-lh.googleusercontent.com/a-/ALV-UjU_aHRLav1zSuat97qflLQY6XPcgDmL1S5tIYsD9CVqG2iLCZWM,"evil, i should be allowed to listen to the songs i want without paying for a subscription",1,0,9.1.68.1888,2026-09-08 05:43:18,,,9.1.68.1888
7a980b6e-09ab-4da2-8982-5bec6927d848,John Tetlow,https://play-lh.googleusercontent.com/a-/ALV-UjWRZRMFmWy6FsjkCVdslV1FKWqfoDegh9rkRTKiqIhWsIcmm3uNZA,"play a full album straight through, perhaps as an option, and I'll up it to 5",4,0,,2026-09-08 05:42:55,,,
f9319b05-6ac0-41be-ad4e-7383d68db006,Cash,https://play-lh.googleusercontent.com/a/ACg8ocLrLqR_c_4GI4TqGcovXludjVVpXj-8JDItalKmbywKBTKEAw=mo,u can't even pick the songs you want to play,3,0,9.1.78.2218,2026-09-08 05:42:06,,,9.1.78.2218
d67a52c1-204c-49bc-88f6-a33ff9316e34,Teodora,https://play-lh.googleusercontent.com/a-/ALV-UjUIWrZdBLyjmADb41l-QtJYZ-ImLsjZrUiVlXgWEfLvhezpANA4,me likey,4,0,9.1.78.2218,2026-09-08 05:37:43,,,9.1.78.2218
e47e57bf-fb58-47ae-b29f-2f5511cd1f67,Nher-Zius Cagais,https://play-lh.googleusercontent.com/a-/ALV-UjXX8GugpcSmhDQZagcrLAcw3buiFMxAtoVlj1DhshwcGEUsp08,love it!,5,0,9.1.80.2221,2026-09-08 05:36:52,,,9.1.80.2221
f0419bef-ae3b-4e32-a177-4861cfcc4a54,Sheila Shuptrine,https://play-lh.googleusercontent.com/a-/ALV-UjWCN5V9VM3zwG00o6_4kUhWjWl92vZK7JWG9jQBkyt_jy2RgnHr,Love Spotify 💗,5,0,9.1.78.2218,2026-09-08 05:36:03,,,9.1.78.2218
489e8756-c213-4c18-94d7-4446ff90dd8e,Mehdi Sp,https://play-lh.googleusercontent.com/a-/ALV-UjWHpbnnk9MVLkrMxYgyMDJWhTj5821LeyRMQKacqc0NYYbY9n0,so good,5,0,9.1.80.2221,2026-09-08 05:33:43,,,9.1.80.2221
5905d03e-fc0e-4506-9344-854a2dcbaefd,Theodore,https://play-lh.googleusercontent.com/a-/ALV-UjUfPF2hG1KRB3kky2tzYruUc0AiiPQTNZZxDIXHMicMqbrDYwuO,"Better then YouTube music, listening without staying on the app or turning my phone on constantly.",4,0,9.1.78.2218,2026-09-08 05:30:46,,,9.1.78.2218
417325c0-7df3-49d9-be56-6908adea0f79,Derrian Freyman,https://play-lh.googleusercontent.com/a-/ALV-UjXQlfMxg64zdbJYyyFGwsPHXHYwkGVPww4uSZi2vxKejNua3ted,I love the audio books only downside is that it's expensive,5,0,9.1.80.2221,2026-09-08 05:27:40,,,9.1.80.2221
60262233-c752-447d-aa5e-d716f7cb3f24,Fernando Garcia,https://play-lh.googleusercontent.com/a-/ALV-UjVQFlboLDG0xVT5fdNQmx48dfJzZE8aQIRdZb93EPaTI0vOU-U,"I like it but u gotta get premium, that's the only way to enjoy it lowkey.",5,0,9.1.80.2221,2026-09-08 05:25:51,,,9.1.80.2221
8e260332-136c-4d24-871d-8ed496143bc8,Jason Guzman,https://play-lh.googleusercontent.com/a-/ALV-UjUXpbm7-CgNZ6uuDRWz4-ZgX4uJbj15vf07VF0Wqxs5sgp_ihh2,"Spotify streamed music is 😅 so expansive, powerful, dynamic & timeless where 8 tracks, cassettes, records & CDs have a domain it's here! So go ahead create lists that make the music 🎶 🎤 🎹 🎸 🥁 🪇🪈🪊🎷🪘🎻🪉🎧🪗🎺🎙️come alive and it sounds even way better on connected devices! Just don't get too carried away or you'll be lost in the beats foreverrrrrrrrrrrrr! 🔊",5,0,9.1.80.2221,2026-09-08 05:25:14,,,9.1.80.2221
5e90661d-49c2-460b-a7ce-63c6f7a9e80d,Rhea Guevarra,https://play-lh.googleusercontent.com/a-/ALV-UjWK5DJ9VmL3ka0JSmHMRWOzLEPmNCxj8i6LftuUWIn4E410ayQ,𝐸𝑣𝑒𝑛 𝑡ℎ𝑖𝑠 𝑎𝑝𝑝 𝑠𝑜𝑚𝑒𝑡𝑖𝑚𝑒𝑠 ℎ𝑎𝑣𝑒 𝑎𝑑𝑑𝑠 𝑖𝑡𝑠 𝑠𝑡𝑖𝑙𝑙 𝑝𝑒𝑟𝑓𝑒𝑐𝑡 𝑓𝑜𝑟 𝑙𝑖𝑠𝑡𝑒𝑛𝑖𝑛𝑔 𝑎𝑛𝑑 𝑦𝑜𝑢 𝑚𝑖𝑔ℎ𝑡 𝑤𝑎𝑛𝑡 𝑡ℎ𝑒 𝑝𝑟𝑒𝑚𝑖𝑢𝑚 𝑏𝑒𝑎𝑐𝑢𝑠𝑒 𝑖𝑡 ℎ𝑎𝑠 𝑙𝑖𝑚𝑖𝑡𝑠 𝑜𝑓 𝑙𝑖𝑘𝑒 𝑡ℎ𝑒𝑦 𝑤𝑜𝑢𝑙𝑑 𝑝𝑖𝑐𝑘 𝑡ℎ𝑒 𝑠𝑜𝑛𝑔 𝑓𝑜𝑟 𝑦𝑜𝑢 𝑓𝑟𝑜𝑚 𝑦𝑜𝑢𝑟 𝑝𝑙𝑎𝑦𝑙𝑖𝑠𝑡,5,0,9.1.52.1394,2026-09-08 05:23:00,,,9.1.52.1394
8b8fd4ec-6b35-4653-ba25-50d3c89eb888,Micah Allen,https://play-lh.googleusercontent.com/a-/ALV-UjXqrmT9mEuqyCVnegL9zJf0HNPFuHzK19-VJSmeOLKQn5N3j43j,How come a music and audio streaming platform seems to download over 2GB+ data and storage and hence wasting my internal storage. Can't understand if you're secretly installing any updates in the form of tracking down our privacy and cache. I INSIST IN GETTING AN ANSWER ASAP!,2,1,9.1.80.2221,2026-09-08 05:21:15,"Hi. We're open to feedback, and we'd like to get some more info about this to further check. If you have the time, give our Customer Service a shout. You can find them by heading to support.spotify.com and searching ""Contact us"".",2026-09-08 20:11:06,9.1.80.2221
74be5373-b3af-4ff4-9552-0cad99561f4c,Lea,https://play-lh.googleusercontent.com/a-/ALV-UjVAiylmE5noIAAr3WDNxAt2ofyB-479venoCh0_uLuQT_N-HznJ,struggles to load majority of the time even when I have full interest connection.,1,0,9.1.80.2221,2026-09-08 05:20:52,"Hey there! Have you tried a quick reinstall? If the same issue persists, we'd recommend reaching out to our Customer Service at support.spotify.com. Just search “Contact Us”.",2026-09-08 20:10:55,9.1.80.2221
783a240d-c799-4f4f-b30f-687313091ad4,Breeze,https://play-lh.googleusercontent.com/a-/ALV-UjUU1vM45McNXcMJYHmK4rfafK01o3rq5aVUiw6M77Vq5ggNjH0N,the freedom,5,0,9.1.80.2221,2026-09-08 05:20:35,,,9.1.80.2221
3e75db2b-2017-4d49-963f-d3f6d22f5fc7,Sahanaj Ahmed,https://play-lh.googleusercontent.com/a-/ALV-UjVup_eVgXthNFO2KS-4ClMM55ZQmHGDFlyoetLOGsnkxfWuFPB2,"what a amazing app, 😘😘",5,0,9.1.72.1891,2026-09-08 05:19:29,,,9.1.72.1891
8a06fec3-9294-436a-b16e-7bbd09d6c902,Maria Hachulska,https://play-lh.googleusercontent.com/a/ACg8ocJP79YeJP9ToJgRjiREyPlOyBDisqnncsJ3yFfAIxBsFGwwYQ=mo,"my fav music app, but the limited skips every once in a while are annoying",4,0,9.1.80.2221,2026-09-08 05:19:11,"Hi. We appreciate your review. If you’re looking for more flexibility, we'd recommend checking out our Premium plans at spotify.com/premium. If you've never had Premium before, you should be eligible for our trial.",2026-09-08 23:46:51,9.1.80.2221
d7ddedea-148d-4cd7-8f3f-b4da93059781,Anne Morley,https://play-lh.googleusercontent.com/a/ACg8ocKKhbbSW3okhfygO1YHG6VWLH0Rh3H66e55hF2QH2TPeYYNGw=mo,all good - choice of music I like - great to travel with,5,0,9.1.80.2221,2026-09-08 05:15:38,,,9.1.80.2221
4b599dc1-9cf1-4524-96cf-f02a3999d651,Gill Bobby,https://play-lh.googleusercontent.com/a/ACg8ocKP62Pixw_IXYhA-64cwEBH4YHUWI_XMhVh-g1NBhCF65wQLg=mo,I been enjoying every bit of Spotify.,5,0,9.1.78.2218,2026-09-08 05:10:33,,,9.1.78.2218
4bd85d16-6253-4c7e-b9e0-3c7ec5565076,Will H,https://play-lh.googleusercontent.com/a/ACg8ocInydpEoqtiyWqLSaMIre9tbWbFNSUBqC-TMbSfAHKn1taekg=mo,"I like the new Android Auto Spotify UI, but I hate that the audio through the Android Auto app is now choppy and there's a big lag on the controls. No problems with playing Spotify to my car using Bluetooth, only when it's connected through Android Auto since the latest update. I'm paying for this, fix it.",1,15,9.1.80.2221,2026-09-08 05:04:00,"Hello. Thanks for sharing your thoughts with us! Good news, you can now toggle the Create button on/off by heading to Settings and privacy > Content and display > Display preferences.",2025-08-15 23:26:37,9.1.80.2221
05165e12-c093-42b2-b437-56699694befb,Rebecca Trevino Trevino,https://play-lh.googleusercontent.com/a/ACg8ocKTeSyC3P1ItjzEdzYxe2NLHMcL4QyalaUTfE_elYnvDSsYmg=mo,I love Spotify it's one of my faves I have my dad's music have my mom's music and my music in all our favorites,5,0,9.1.80.2221,2026-09-08 05:02:11,,,9.1.80.2221
bc457755-98bd-428d-8bee-32e7c94b83fe,Mithun Kumar,https://play-lh.googleusercontent.com/a-/ALV-UjWTvTWjl3zZiORtdrZEOqjA34OaPX_sDCKo8oWg_IBuuPhXN6M,Superb 🔥🔥,5,0,,2026-09-08 05:00:45,,,
1e7620d7-fdbf-4f86-8329-6a0ce782cd0f,Kirtesh Jadav,https://play-lh.googleusercontent.com/a-/ALV-UjVoXxQqnoQ2TXXuF1JUkBkxks766oIa9JuH7YtL8yKg9sqbE-q5,Beautiful,5,0,9.1.80.2221,2026-09-08 04:57:11,,,9.1.80.2221
08fdff98-79d7-4b4a-b16e-d0d443adc4c6,Pyn,https://play-lh.googleusercontent.com/a/ACg8ocIJlmOswuPMLHVU7-CLtLHqTKMKMuDTiMKE8H6Q0skXmAx3kw=mo,wonderful!,5,0,9.1.80.2221,2026-09-08 04:48:10,,,9.1.80.2221
c8dbeffd-c063-4b04-8f33-344b614989ec,wildfire3961,https://play-lh.googleusercontent.com/a/ACg8ocI2ArQF00P9qsR5oL8Q9Y3u3I0jKc3oRLI9p1-6YDcKGOT0tA=mo,the only problem is that sometimes they don't play the next song on your Playlist because you don't have premium,4,0,9.1.80.2221,2026-09-08 04:43:46,,,9.1.80.2221
cc8eb08b-6cbf-4b24-b799-338e038d60e5,Terra Haggith,https://play-lh.googleusercontent.com/a-/ALV-UjWUBUKDxfrk5hEATzz0yNNPBV1Uxt75QIQU-Ay44H2PWUKwxKu2,"love that I have lots of options, music, books, and pod casts.",5,0,,2026-09-08 04:37:53,,,
e932edb5-3886-4ba6-a26a-19c572e9af5b,Heather,https://play-lh.googleusercontent.com/a/ACg8ocIcE4HPwpWI3IV4Xu1O-6KovV0QDlHHOPOZ-0smD4iSSLCIOA=mo,I love it,5,0,9.1.80.2221,2026-09-08 04:34:54,,,9.1.80.2221
3a88e3c7-0074-48bb-97de-cb1ca6daee73,Junkyardwino,https://play-lh.googleusercontent.com/a/ACg8ocJSMnEuG-Pj3IUO9QY11HBxJ_DsWpskxNZhdLY6zQcxumFxaw=mo,"Great app,adds aren't annoying",5,0,9.1.80.2221,2026-09-08 04:29:59,,,9.1.80.2221
04d6c4a5-7fd7-435b-ab75-a29dabfbe8a2,Raul Vela,https://play-lh.googleusercontent.com/a/ACg8ocKR2MDpz2T40rYD15fVol9LMCt_hpPLcVDMwWluIKe8ztawBg=mo,like the music,5,0,9.1.72.1891,2026-09-08 04:27:44,,,9.1.72.1891
32626975-c9f9-4d2e-a48d-64670126978c,Fizzy Fizzarolli,https://play-lh.googleusercontent.com/a-/ALV-UjU6-boYolIdqFw0yR9UNQepaZp-oHzinyoT1wF0xRCFIMBCXSg2,I love it,5,0,9.1.80.2221,2026-09-08 04:24:02,,,9.1.80.2221
f64013e8-48de-4b30-bc3b-d25b5b9c1bcd,Paul Rasco,https://play-lh.googleusercontent.com/a-/ALV-UjWSPYwTYjBKbA8SjHZPzCGdRtagUknhYIWVnN55t8_eAsMpC_HNng,Redeemed,5,0,9.1.80.2221,2026-09-08 04:22:12,,,9.1.80.2221
bae325b1-ee5b-4801-8c9b-8e9bd9406c03,Shanny Sharon,https://play-lh.googleusercontent.com/a/ACg8ocLsDcpfiJP2fPgBJnBffZnHOcIWhLEvMZQng0B9IM73pZRGdg=mo,love it,5,0,9.1.80.2221,2026-09-08 04:20:28,,,9.1.80.2221
1baebe48-08ac-4d09-ba07-530c017a25f6,John,https://play-lh.googleusercontent.com/a/ACg8ocL6yLIDzjzvA8Sin_KQ2xAzWt2Zafoyrwdi3iEG1bZwYOmTpQ=mo,"it wont show the screen anymore, how do i clear c asche",1,0,9.1.80.2221,2026-09-08 04:18:10,"Hi. Try to clean reinstall. This is a much deeper action than a basic reinstall and it also provides steps to clear cache. The steps for your specific device can be found at support.spotify.com by searching ""Reinstall"". If that doesn't help, we'd recommend reaching out to our Customer Service by searching ""Contact Us"".",2026-09-08 20:05:05,9.1.80.2221
ce47ce65-7e72-4eaf-94a7-a9987c5773ef,Sylus,https://play-lh.googleusercontent.com/a/ACg8ocLsJ7CODowbxensP4vRmcWMM7E76COOnwc4T9fmdSh65-GFcQ=mo,too many ads,4,0,9.1.80.2221,2026-09-08 04:15:40,"Hey. We hear you and we'll pass your feedback along to the Ads team. For an ad-free experience, we'd recommend checking out our Premium plans at spotify.com/premium. If you've never had Premium before, you should be eligible for our trial.",2026-09-08 23:44:38,9.1.80.2221
398dc885-3a1c-45a8-b176-310dc8f2950a,UMR,https://play-lh.googleusercontent.com/a-/ALV-UjUpXpPEgTObC39uB0o2pnVr98UYQlT7GKBxF12kPB6QWYUtzH0,Please make an option to be able to disable or remove AI music! Or ban it entirely!,4,0,,2026-09-08 04:11:04,Hi. Thank you for reaching out and sharing your thoughts - we truly appreciate it. Your feedback helps inform how we think about the future of the platform and we'll make sure to consider this for updates to come.,2026-09-08 23:44:37,
43dfb12e-9ea5-4f7a-ad4b-5f7c868693ed,Name Unavailable,https://play-lh.googleusercontent.com/a-/ALV-UjXU4T75XXlSGCjvahBNgkCIZ6bIln798guswPWF1cJdzTZRnrE,pricey with horrible shuffle. They also suck when it comes to making themed playlists and song suggestions. Only thing good about them imo is the amount of artists utilizing their platform.,2,0,,2026-09-08 04:10:22,,,
20137876-d252-4209-94b9-77ed82fea607,Needles 88,https://play-lh.googleusercontent.com/a/ACg8ocJK49ONHYcZs7V2BVNhPvsOSm3G1dhnVNtmnnUfWXSzfXHOyA=mo,"Allowed me to search, mix and play music that I enjoy 😀.",5,0,9.1.80.2221,2026-09-08 04:03:45,,,9.1.80.2221
9b78eb83-9756-437e-bb7f-3267b8a58661,Lou holloway,https://play-lh.googleusercontent.com/a-/ALV-UjUB9G01yv5jfErVchBYTx1Dn4l7CPAX3G9TJ9cmtZE8kcRQv64,very good DJ feature to find new music 😁,5,0,9.1.80.2221,2026-09-08 03:53:55,,,9.1.80.2221
e4f1bf45-8ad3-46f1-806a-9e0d2a42350a,Andrew Adams,https://play-lh.googleusercontent.com/a-/ALV-UjXPYrgS7e3Knk2y0AcqXwQMBBwBwbb4T1qNeOzJiUB6c8tRSYJv,great except the adds,5,0,9.1.80.2221,2026-09-08 03:52:07,,,9.1.80.2221
28f43eca-e4dc-4c1d-b2cf-6d31dfda413c,Graeme Matheson,https://play-lh.googleusercontent.com/a-/ALV-UjW5tsVKUypE4pIuxb1qDIEU1IU2Xkp9AALqsOs6MKn__evqV63g,"I've seen paying for premium for nearly a decade and now all of a sudden I'm getting ads in the middle of programs again?? Not to mention ads that don't proceed back to the track upon completion, or give me an option to skip past. Forcing me then to close the app and restart. Some tracks won't even let me proceed, just same stupid ad shutting the episode to a halt.. unreal.",1,0,9.1.80.2221,2026-09-08 03:51:53,"Hi. We really appreciate your feedback. This has been the case since the early days of podcasts, and remains true today on Spotify. As a Premium user, you may receive advertising or sponsored messages when playing a podcast, but you can still enjoy ad-free music.",2026-09-08 19:54:12,9.1.80.2221
6cd93e7b-9327-4706-b60c-6c3b2ba7858f,Yogsim Istraphel,https://play-lh.googleusercontent.com/a-/ALV-UjWOINsyp3VoEpkeu6xHOYmXuW1w2NBh5OCC9HWCYz1w15-oVRL_,"Avoid this app like the plague, the amount of bare minimum features that are locked out for the paid version is appalling. I will not reward spotify to give me a normal experience on any other service.",1,0,,2026-09-08 03:50:38,,,
b450ef0b-b1fc-4d7c-80a3-95517e11ca34,Cynthia Wildes,https://play-lh.googleusercontent.com/a/ACg8ocLX8CFi7ca8eKkiJEWHyEwFNKSSprc29GWcfYBbFbMPGBoboew=mo,Love it! 2026 & Still Loving Spotify 🥰🥰❤️,5,0,9.1.80.2221,2026-09-08 03:50:24,,,9.1.80.2221
da0be5e8-d28a-47fb-8f37-88e89a3ed91b,Blakelee Hardwick,https://play-lh.googleusercontent.com/a/ACg8ocKuLDf4Vx2V8Q3dEeBEjf35bw7l9Git8UOaZl_dhYzqlFa_dA=mo,I love how it personalizes my music,5,0,9.1.80.2221,2026-09-08 03:49:37,,,9.1.80.2221
1e6c7e83-b565-4755-85e1-e9db85747a56,Paul,https://play-lh.googleusercontent.com/a/ACg8ocKc2TSV33J9yjuVslfMuRe8T74OCy9EiQjGKjkLK6swOf3U=mo,"Spotify's Professional Dedication, Finesse & Thoroughness maintains a quite exceptional Continuing Consistency and Standard which is cherished in deeply appreciated ways by many 000's of Hearers/Listeners. 👍✅💯++🫡🫴🙏",5,0,9.1.78.2218,2026-09-08 03:49:17,,,9.1.78.2218
003a8cbc-b592-4cbc-8951-26c77702a7c2,Alex,https://play-lh.googleusercontent.com/a-/ALV-UjXzKlCzpJKDzj_jB3eebajJuh0vy9eHpiRHj49Pvmce-66XAakW,idk I ran out of skips,5,0,9.1.78.2218,2026-09-08 03:47:09,,,9.1.78.2218
f10b7254-e8d1-49ec-9292-1e16f4e3b1ec,Carolyn Gunther,https://play-lh.googleusercontent.com/a/ACg8ocLGRMGxTAgFli_EXzvUSYWCfYg_G_IbC4CsPFHzqyrQZNndwg=mo,Awesome ❤️,5,0,9.1.80.2221,2026-09-08 03:47:08,,,9.1.80.2221
247ea3a5-c0d8-405f-9b87-8bf04fc87c00,Maureen Justiniano,https://play-lh.googleusercontent.com/a-/ALV-UjXToaY5EyanMm8hJpfkAoh_UKUBVbqK2vKzN2A9zuin8hrW4YhrdQ,"Maestro Cucco Adorable Peña,",5,0,9.0.86.1358,2026-09-08 03:46:24,,,9.0.86.1358
67f99e5a-426b-4a9d-8070-8ce35a4112f6,Beryl Mitchell,https://play-lh.googleusercontent.com/a-/ALV-UjUJWW06g25zorBjmvEU0sszuG2jCfZtfNeVYTuNSglyIY3f4py0,I didn't appreciate or use this app as having pulsatile tinnitus listening to music was difficult but when I got hearing aids paired by bluetooth to my phone I could listen to & enjoy music again with Spotify. Grateful thanks.,5,0,,2026-09-08 03:44:47,,,
83847736-7bf9-47b6-a44b-857e91946c7b,Luvo Maphasa,https://play-lh.googleusercontent.com/a/ACg8ocKY8_KCa45fQByJNVp-ZucK-buKMNyzm2KUh_EYgGhfGw8KLA=mo,faster app,5,0,,2026-09-08 03:44:15,,,
cce28d46-3112-4849-8911-d7a675710914,Chima joshua Promise,https://play-lh.googleusercontent.com/a/ACg8ocJeFWrk3TXOY2JZrVXtrc7Ek-nr9pdrCRtLPgqXw21yuGMqHg=mo,wow!!!! Best app first app I have ever rated and commented on,5,0,9.1.78.2218,2026-09-08 03:43:39,,,9.1.78.2218
52fcc319-7991-4a3c-9e35-a7091c9c0ecc,Abel Irigoyen,https://play-lh.googleusercontent.com/a/ACg8ocKPsToAyPotIN7Coo0uRnMW4nldwdcPk7mDV3MjaR2U9ptKww=mo,excellent,5,0,9.1.80.2221,2026-09-08 03:41:49,,,9.1.80.2221
12ffa3a3-ab51-4253-beda-3cf38be964a8,Amogelang Melamu,https://play-lh.googleusercontent.com/a/ACg8ocLgTaOAFvfRGT0PTeFw4zWThJt_3ZbhHaNXZHSpDDkeQnqg4A=mo,feeling good,5,0,9.1.80.2221,2026-09-08 03:41:42,,,9.1.80.2221
4c7868cf-01ea-4546-9b44-0ee99a3f396b,Ryan Love,https://play-lh.googleusercontent.com/a-/ALV-UjX9FEktSUMz_8ECI2MZOvoFZ3AO93rbQ3ADe0JkFVlxwO_txKd2,"Doesn't matter how many times I choose SD Card as storage, app always downloads to the phone.",1,0,9.1.80.2221,2026-09-08 03:39:25,"Hi! If you have an external SD card that’s available and accessible, you can store your downloads there—just make sure it has at least 1GB of free space. For more details, visit support.spotify.com and search for ""Spotify storage information."" If you need anything else, contact our CS team through the ""Contact Us"" section on the same site.",2026-09-08 20:08:36,9.1.80.2221
68f32679-6cab-4c90-a569-b74b00eb2ade,Mark,https://play-lh.googleusercontent.com/a/ACg8ocK3PvIMkbqukIfIKcYoZPugIzFubE4DMnBch2CuhMX6Ol7TrA=mo,Spotify is a great app for music especially with their deals and events but personally I don't like how the app is uncustomizable when it comes to color schemes or layouts,5,0,9.1.80.2221,2026-09-08 03:33:00,,,9.1.80.2221
f556741f-9fbd-47cd-91d8-7d77b41c566f,S,https://play-lh.googleusercontent.com/a/ACg8ocI7_WUYfK9z97s322_uaBqBEIa6A3r_NnIc6HRriPGZzpgW7IM=mo,No lyrics? ? Premium user.,1,0,9.1.80.2221,2026-09-08 03:31:04,"Hi. We’d recommend checking out our Support Site at support.spotify.com and searching ""View lyrics"" for more info. If you need more help, you can contact our Customer Service by searching ""Contact us"" on the same site.",2026-09-08 03:56:43,9.1.80.2221
f128ff07-48ea-4211-997f-caf456cd05e1,Mike Bauman,https://play-lh.googleusercontent.com/a/ACg8ocI1QU6WBr0HwTg86HY0jaCLnmbaRm3OpHAxjC_5XDMc-83tyg=mo,customer service is awful. I still get ads on premium. They refuse to fix it or honor their word. I wish there was a better option for a streaming service. Spotify is really bad... Also their response to this review was basic troubleshooting advise I already did before spending 3 hours with customer service that failed to resolve any issue. my new podcasts still wont update. and they just can't or won't fix it.,1,1,9.1.80.2221,2026-09-08 03:26:26,"Hi. Do note that you may still receive ads within podcasts, but not between music. For now, have you tried logging out then logging back in to your Premium account to refresh it? If that doesn't help, we'd recommend reaching out to our Customer Service at support.spotify.com. Just search “Contact Us”.",2026-09-08 03:16:33,9.1.80.2221
3e1674b7-5976-4082-b817-5baa826fb4ec,William Powell,https://play-lh.googleusercontent.com/a-/ALV-UjUG0DTFi0IjlWg08BmoIj9Rk_ZHtTEfqCxFOqGMzy0q_xwNNtMa,So far its smooth sailing.,5,0,9.1.80.2221,2026-09-08 03:17:27,,,9.1.80.2221
be0d6395-670d-4ec2-8ec1-d9953b1ec7f3,Bunana George,https://play-lh.googleusercontent.com/a/ACg8ocLWeOlbdWduUIZ2iPyx2bQOFJV_OMW3ofSqq7kyXU4cmwzKhg=mo,Great,5,0,9.1.80.2221,2026-09-08 03:15:37,,,9.1.80.2221
da167b50-de07-416d-abee-85827c8a0075,Tracy Bush,https://play-lh.googleusercontent.com/a-/ALV-UjUG7-jnOwPt6qZs8eHfa7rPMQ0Ox-dDDwXRVu8KgO8Afk9bxcds,I love this app,4,0,9.1.76.2055,2026-09-08 03:09:49,,,9.1.76.2055
a095160f-a0f6-4f15-bb6c-5a6f84fb4845,Vinayak Nayak,https://play-lh.googleusercontent.com/a/ACg8ocKW1rUhEVXmaU3QjSpoHQ0-7Vnn9coJShc5yQaP21I4yIgxIKw=mo,worst app ever.. always plays some non sense than the o e selected,1,0,9.1.62.1601,2026-09-08 03:07:18,,,9.1.62.1601
9f31cf19-2559-4171-8061-4d1a9bddb14d,Charleeann Rundle,https://play-lh.googleusercontent.com/a-/ALV-UjXTblOA2Wa7Uarfxgc7If7yskv6pELKwiya6geh7qSo4j4_gINx,I just wanted to listen to the music but it will not let me pick songs so sometimes i will have to listen to the same songs i've been listening to the the last few days i don't have the money to buy premium. So it kind of sucks other than that. I like the app.,1,0,9.1.80.2221,2026-09-08 03:03:19,,,9.1.80.2221
0e477090-5dc9-468d-8ac0-700a1a935303,Vishal pandey,https://play-lh.googleusercontent.com/a/ACg8ocJA4r9sonIBBOIPQ3KhnCpnipO0g4uCc-GR3UYJv8g2x6AqL_I=mo,before it gives you 5 to 6 change music per day now it turns to 1 to 2 per day just force people who do not regularly use Spotify to purchase premium.,1,1,9.1.80.2221,2026-09-08 02:58:36,,,9.1.80.2221
9e1d36eb-6428-4dc8-a0a6-506414552d75,Chandra Kala,https://play-lh.googleusercontent.com/a/ACg8ocJIWC3cYeqfoSKxyKsnID288gQ3lae0-B079DcxiOctzTsCNLQ=mo,spotift is far better than jio saavn spotify is my favorite music App,5,0,9.1.72.1891,2026-09-08 02:57:01,,,9.1.72.1891
da803c4d-227b-42b7-8a96-714a51f7ab21,Michael “Koolbreeze” McMillin,https://play-lh.googleusercontent.com/a-/ALV-UjXA_-kGreLV15I3XQ8C5gojmHlcv2YgBmlOVrrPF3X8f8IaRjLt,awesome song choices from alot of different artists and choices you can only get on Spotify!!! easy to use app. Definitely recommend. I pay for no ads and I get NO ADS!! Well worth the couch change!!!,5,0,9.1.80.2221,2026-09-08 02:56:54,,,9.1.80.2221
cb2f9868-3fec-41e0-af9c-c8a3d018c9e5,Mohsen Golestaneh,https://play-lh.googleusercontent.com/a/ACg8ocI1-RhHc7eJvG9cflbHj0J7MF-D1cd7EznGuzJklrHYbA4rdCUb=mo,"I play kids’ music for my son without videos, but the app randomly suggests or switches to video mode, which is really frustrating. I’m also on the paid version, but I still randomly get ads.",3,0,9.1.80.2221,2026-09-08 02:55:29,"Thank you for leaving a review. While Premium users don’t hear ads that interrupt their music listening experience, some podcasts may include advertising. If you’d like to stop playing videos, visit support.spotify.com and search for ""Video settings"" for detailed steps. For further assistance, you can also search for ""Contact us"" on the same site.",2026-09-08 03:34:33,9.1.80.2221
5d3ec21c-04f2-446c-8554-b4678436caa0,febronia jesus,https://play-lh.googleusercontent.com/a-/ALV-UjWISptvJd1lw6XO3QGC43hiJM0FoQ963wjjeAnbLElqAVsbO1ns,trswfg12riigxv فمع انه لا يزهر التين ولا يكون حمل في الكروم يكذب عمل الزيتونة والحقول لا تصنع طعاما ينقطع الغنم من الحظيرة ولا بقر في المذاود فاني ابتهج بالرب وافرح باله خلاصي الرب السيد قوتي ويجعل قدمي كالايائل ويمشيني على مرتفعاتي. حبقوق 3 :17 -19,5,0,,2026-09-08 02:53:32,,,
f37c31f5-1cfc-4392-b660-e0b24bc17886,Isaac Bustos,https://play-lh.googleusercontent.com/a/ACg8ocJq4ZkkkJkl7pt9wALvjHA-EotYZ3n18nd9rMrCWGHX_Lo3fg=mo,👍,5,0,9.1.80.2221,2026-09-08 02:53:23,,,9.1.80.2221
b83ce252-b4dd-445c-9e13-5d4b320f6312,Raeff Burge,https://play-lh.googleusercontent.com/a/ACg8ocIq0D_sJjwOnlvxpzMTUvVrG00kBlMBgTH8gXxCJDYD_4P0FkM=mo,literal unsubjective ai loving dogshit,1,0,9.1.80.2221,2026-09-08 02:50:51,,,9.1.80.2221
47b9b04c-0d64-44e2-9dab-1522d4f76a21,Santosh Agnihotri,https://play-lh.googleusercontent.com/a-/ALV-UjVd2qGsrsxCRojm5CjRxuKvY9NWVPUzJ8phZw-eERfzw96A6QX2pQ,quality Experience 🤩love it ❤️🤩,5,0,9.1.80.2221,2026-09-08 02:50:35,,,9.1.80.2221
db1eefd5-67b6-4e78-b18e-57f8395501dc,Brady Elliott,https://play-lh.googleusercontent.com/a-/ALV-UjVsSqNZp5wclOZDy56JKC83dWt2Zf8Zzx2DvLaY93DcKP3bpeI5,they need to add the six skips per day and a limited amount of songs that you can choose back to normal it is pathetic that you have to pay to listen to music that is the only thing that is wrong with this app,3,1,9.1.80.2221,2026-09-08 02:46:21,,,9.1.80.2221
143513d5-a707-4d6d-9869-4aec94fb2745,Mamta Raj,https://play-lh.googleusercontent.com/a/ACg8ocIpUTWtQlhgtt4Qy60EveY6JEJonrjgPo-L-SSmhCpialV-_g=mo,very bad experience too many ads for no reason,1,0,9.1.78.2218,2026-09-08 02:43:19,,,9.1.78.2218
53253f5f-a4a3-48f8-b1ab-437935f16e05,Royce Snyder,https://play-lh.googleusercontent.com/a-/ALV-UjXdPYfbMnQaJaCNdYSHGZ1ouu4gVt98r73mGNClPSKMjFRw1rRq,"Just so people get a chance to read this I put up 5 stars. Spotify is a joke. They shill artists' work for profit and pay next to nothing to the actual artists. Everyone should delete this app, and the CEOs and board members of this corporation can eat the entire bag.",5,0,8.8.50.466,2026-09-08 02:39:50,,,8.8.50.466
26558e5c-4071-4cdd-b9af-d77336295bed,Majeed Mirza,https://play-lh.googleusercontent.com/a-/ALV-UjX86dWrliYlxfp05iZH-ehO77JuHka4M25W4pVfXewaa-vhM6Cy8A,"so terrible, multiple ads if it play one song duration of 5 mints then after 2 mints ads were interrupting .so disgusting that this is not the music app , i will give name that suits to Spotify is ads full app",1,0,9.0.60.614,2026-09-08 02:37:12,,,9.0.60.614
da6c8df1-8068-4700-be4e-f56d73b14e14,David Rauda,https://play-lh.googleusercontent.com/a/ACg8ocKJ42xxE-dktuSFrdA0qpeiJuKV0iTiG7GU2r0kzO-KNNdO1g=mo,awesome app,5,0,9.1.80.2221,2026-09-08 02:35:27,,,9.1.80.2221
7047e296-81b9-42a8-8804-8123bdcb66dc,Atis Maltenieks,https://play-lh.googleusercontent.com/a/ACg8ocL8tPbfpT89wwcZtI8UxGxm5MmOQ_PfEP7mvixvBNUV6GDt5g=mo,"Good selection of artists. I miss some songs by some artists, which are not available due to legal issues, and the mixed playlists don't do much for me whenever that odd, unheard, obviously not-so-good song comes up. But at least the sound quality is good. I can only recommend Spotify because it is so popular despite the flaws and legal issues.",5,0,9.1.80.2221,2026-09-08 02:33:23,,,9.1.80.2221
69683537-f2ae-4b38-b2a8-2da95998fa49,Patrea,https://play-lh.googleusercontent.com/a-/ALV-UjURZYn1lzCSXN7_c2-bzFMM6Ohd4Na88yyDeRtEjYakIXGnYvI,I just have this rate cause I love listening to the neighbourhood so I'm in a good mood🏍🏍🏍,5,0,,2026-09-08 02:32:02,,,
2adc35be-3447-454d-a6a2-04999de2b1f2,Tumun Khims,https://play-lh.googleusercontent.com/a-/ALV-UjUAgylIkF0-aNX1JyBgLVGOSEC7YR0tQuRCs6BtfWrzV4FgWqe3,this app is useless don't install this 😠,1,0,9.1.80.2221,2026-09-08 02:28:15,,,9.1.80.2221
57dc78b7-0470-456f-9da5-c93481f8da37,Monkey Bellbell,https://play-lh.googleusercontent.com/a-/ALV-UjVusvpG4kIkEyTXPDHohtMA3DutP6aJjEBnVwNW6LZphplkN1DH,I like the songs but all the ads are so annoying and just to get rid of them cost money . I was trying to play some of my songs and they got rid of my queue of songs because I have to wait till tmrw now to pick my own songs I want to listen to .it costs money to pick your own songs if you run out of uses to pick your own song. I literally had a whole queue and they git rid of it your better of with a different music app . The fact you also have to pay to get rid of ads suck don't use this app.,1,1,9.1.78.2218,2026-09-08 02:27:01,,,9.1.78.2218
0dbc5615-4aa4-4ced-b0f5-a931bce5cae6,Aaden,https://play-lh.googleusercontent.com/a/ACg8ocKbpvH4no39Xqtn2ONeWyxP8jnuLft1UzDrdvpRP08-P3g8cw=mo,"im gonna do a cover of ""im sorry mom"" my channel is @boywithuke lover pls go watch it",5,0,9.1.80.2221,2026-09-08 02:26:30,,,9.1.80.2221
ac98b482-905e-4a84-80ae-e228e06a00ba,Kailey W,https://play-lh.googleusercontent.com/a/ACg8ocKrLOhUXONPSCA5jSBcPD4YelqpX4sBvqQxGJVMEmdVLhs5wA=mo,I feel like you should let me skip both ways please and also let me press the lyrics..thanks!,4,0,9.1.80.2221,2026-09-08 02:23:55,,,9.1.80.2221
7969dfcf-b5e1-4027-ae6d-437c37eb70f8,Ifeoma Onyema,https://play-lh.googleusercontent.com/a/ACg8ocIxVRNG6K4hVwxiUmk3urVgYsJwlQ01Mdd6EhiT9Kg22a2Hpw=mo,"it's a wonderful and amazing app,which I believe has all kinds and types of music with amazing features.",5,0,9.1.80.2221,2026-09-08 02:23:10,,,9.1.80.2221
336683bf-50ee-4c56-9ca3-b0ac9434cd0a,Rodrigo Gomes,https://play-lh.googleusercontent.com/a/ACg8ocIZixVKI1wkwEDiJbD64i7KfCvlIuU_MLHqaMml4f60jHuylw=mo,good app,5,0,9.1.80.2221,2026-09-08 02:13:37,,,9.1.80.2221
2c78363c-e048-4e78-b982-6ec79e2ad956,Sylvia Rosa,https://play-lh.googleusercontent.com/a/ACg8ocLR2eOwEBE_4Y3W-zGn_w6lIunX0-_eJ5QAiLHBoXTo9Fpfmg=mo,good,5,0,,2026-09-08 02:06:47,,,
c4b9d8e7-6b0d-4559-a6ca-650c198dbabd,charles aedan,https://play-lh.googleusercontent.com/a/ACg8ocINA4C-f7iPv1o2t93fdGxU9Lk49SYFTTH899lwLrGR4CXhxw=mo,needa buy premium next time🤟🏻🤟🏻,5,0,9.1.80.2221,2026-09-08 01:51:38,,,9.1.80.2221
69eaf7f9-a86a-45d4-afb1-7f2fccc17b46,Leslie Bennington,https://play-lh.googleusercontent.com/a-/ALV-UjUr37ponYKfnwV2LthHl4jLSqV8CxDWgSAPu44cz4YLeFdzCGc,"Awesome,amazing Spotify is the best",5,1,9.1.80.2221,2026-09-08 01:49:07,,,9.1.80.2221
863ffa5e-4b54-4dee-879b-962980947d6a,Allisson Villanueva,https://play-lh.googleusercontent.com/a/ACg8ocJO15Ba3Dw6aPbZUyUqkG5mii3Bpjt_wENwj4Y_L3YfW5N9JA=mo,too many adds.,1,0,9.1.80.2221,2026-09-08 01:48:41,"Hi. We appreciate your feedback, and we'll pass it along to the Ads team. For an ad-free experience, we'd recommend checking out our Premium plans at spotify.com/premium. If you've never had Premium before, you should be eligible for our trial.",2026-09-08 02:49:05,9.1.80.2221
f7c258e6-12f2-4f8a-99c4-a2e787bb26a3,Walter L Brown,https://play-lh.googleusercontent.com/a/ACg8ocKr4b1Bgfl0ACT7lrXyJ3Wh79jSGJxYQfFHmnBZyForZXUI4Q=mo,"I like different types of music. I've been able to find great music, except 1 time. Djavan / So you say. 5 star means I'm totally satisfied",5,0,9.1.80.2221,2026-09-08 01:46:55,,,9.1.80.2221
eedcd0da-bf89-44c0-b282-630e45bbe83c,Rebecca Moshupya,https://play-lh.googleusercontent.com/a-/ALV-UjVP2EbTf7xuCfrLet9-wVTArouPXlqUsUTx8PFrBtSe-D1HXUub,❤️‍🔥,5,0,9.1.80.2221,2026-09-08 01:45:11,,,9.1.80.2221
2292c52b-49e6-4355-8f74-1e5557eaa8c8,Gabriella Kimpel,https://play-lh.googleusercontent.com/a-/ALV-UjWhDe9IYDy8k7WUe5stDIl9xd4VpaQw3TUGmIdvnwlfSnZyJKqy,"really great platform, every song that is allowed, I can messages others. Just overall 1 million stars.",5,0,9.1.80.2221,2026-09-08 01:44:37,,,9.1.80.2221
6db33dcb-7f10-434c-afcd-991de9a263c9,Derek Piek,https://play-lh.googleusercontent.com/a/ACg8ocKwTmxqvlMAUxMYWd0w0eZoHqc18MGl7NxoRu0Q61KhSn2czg=mo,absolutely impressed with the program,5,0,9.1.80.2221,2026-09-08 01:42:05,,,9.1.80.2221
e7792e63-2150-43f8-b8e0-6aa2991d0ab2,Justin Davis,https://play-lh.googleusercontent.com/a-/ALV-UjWVKkWkelhObEExGDf3kAcsUPZo3N0aQDMkMbYewsamwVcDkn19BQ,"I have never personally had a single issue with spotify. One of, if not, the top music apps.",5,0,9.1.80.2221,2026-09-08 01:42:01,,,9.1.80.2221
4c9969d5-5c8d-440f-a8a7-7efb41b3c7cc,chris plays,https://play-lh.googleusercontent.com/a-/ALV-UjUHkcv7-tmjxk-LfDztb1-RDYBT-fupDPPwiG61vzzh5hKQphzz,I don't how you have to pay to skip songs a curtain amount of times,2,0,9.1.80.2221,2026-09-08 01:41:34,,,9.1.80.2221
5dba50fd-ea52-410b-b765-f1798c05281c,Grace Kampira,https://play-lh.googleusercontent.com/a/ACg8ocKGyjKOYryceuq1XvC7OrAl1Xd5PWpBUPEnCDjmVobcHznyVQ=mo,amazing 😍,5,0,9.1.78.2218,2026-09-08 01:41:25,,,9.1.78.2218
03087b0f-e32a-4d08-b22f-49ed0cab1d47,Doris Bina,https://play-lh.googleusercontent.com/a/ACg8ocK2yuhNK-AEeplpBLJ_yIeLEHjAXO-ELzUHAh562-BUN2Q3-w=mo,love the app like mad,5,0,9.1.80.2221,2026-09-08 01:39:35,,,9.1.80.2221
fdf5e5d0-3e4a-4200-b9f1-e3cfad086e63,festus filibus,https://play-lh.googleusercontent.com/a-/ALV-UjXlSsWPezDAlvKqPpt9wwCP4cV1r7ghdLx4sAJgEwlu-ool53aV,Exceptional Great 👍 👌 👍 👌 👍 👌,5,0,9.1.80.2221,2026-09-08 01:37:56,,,9.1.80.2221
f91a7df6-7c25-437e-8746-58340aec12ee,Lahiru Heshan,https://play-lh.googleusercontent.com/a/ACg8ocLAGH0B5Llc5D27fZuF5hBSlvMlUNDzdBVBgrih9274YwxV6g=mo,if you can allow to post remixes it will be very interesting. and remove regional restrictions if you can.,5,0,9.1.80.2221,2026-09-08 01:35:55,,,9.1.80.2221
f261f3f1-db2f-43af-af16-e71f4f6e5d90,Soumya Kattu,https://play-lh.googleusercontent.com/a/ACg8ocJHKcuRIgpq9-qbiaAMrAYdtGREQQELvK89QQDk0ogj-9lwDQ=mo,very good 👍 song you must try one's 👍,5,0,9.1.80.2221,2026-09-08 01:35:34,,,9.1.80.2221
3f334d35-0e2e-4eef-a38c-a49b05f89c74,Kiran Shabbir,https://play-lh.googleusercontent.com/a/ACg8ocJtYmeIuBUVGp41GI_anjKux5brTdgL-bm-24MmyJE5iWgjvw=mo,A great app for listening to music and podcasts. It has a huge variety of songs and makes discovering new artists and music very easy. I especially enjoy the personalized playlists and recommendations based on my listening habits,5,0,9.1.76.2055,2026-09-08 01:28:10,,,9.1.76.2055
e7da1294-0099-461e-9431-ca7f4493c4fa,Rodney Fuller,https://play-lh.googleusercontent.com/a/ACg8ocKbY-1pUgyKPOG6D-rH-5Nm6S0DxSfjWWp0Y5d3PtcEm6OPvQ=mo,very good 👍,5,0,9.1.80.2221,2026-09-08 01:27:07,,,9.1.80.2221
c3e54e1d-fd2e-497c-aa78-2f2c26d0c3dd,Gibson Sibeko,https://play-lh.googleusercontent.com/a/ACg8ocLtiH-wg9HaJ2X1YwddAhLu04KrLiKvvUk5CVd_IjOVaM0Bcg=mo,I just find more music,5,0,9.1.80.2221,2026-09-08 01:24:11,,,9.1.80.2221
31ca597e-9835-41d2-be2c-f750c17afdd1,Vedant Ghumare,https://play-lh.googleusercontent.com/a-/ALV-UjXMYUbx0WGkM1LL_A_dtQ-1ABAMy-mqC4rbYs7XUxve8hvPVCSs,this app is very amazing i so much like the app,5,0,9.1.76.2055,2026-09-08 01:16:46,,,9.1.76.2055
91ca5172-e3fb-4eaa-9b83-a5fb0c01c0e1,Prince Gabi Alpazine,https://play-lh.googleusercontent.com/a-/ALV-UjXZRn8pxHDhzOsAHxKER1i7P7sHy0LuNhluIurjygNPhD41N1hq,"It's great, I fancy the DJ thing, hope they enhance it.",5,0,9.1.80.2221,2026-09-08 01:12:25,,,9.1.80.2221
a03dd05e-208f-4b8d-9704-71bdd92d1f97,Sbuddah ZeerOw,https://play-lh.googleusercontent.com/a-/ALV-UjUreQA-VqXd6x6B2BeowthaMDk6-i5ZZfEk_jpNMiZt9hmOhukR,the BEST app,5,0,9.1.80.2221,2026-09-08 01:10:45,,,9.1.80.2221
32b48a37-6e95-4840-b1ba-09e6185b8ead,George Huybers,https://play-lh.googleusercontent.com/a/ACg8ocKlHfPdOwabrVQmxc7vsePm2Zq-ufadZjKSAgnQn5UITgOJtA=mo,Awesome selection of music! Always has the music I'm looking...,5,0,9.1.78.2218,2026-09-08 01:08:46,,,9.1.78.2218
26dce405-23d6-4c8b-a8a5-f165e01de22c,Kyra Mittal,https://play-lh.googleusercontent.com/a-/ALV-UjUIPiuSqm3PRONWNfCeRY91ltXtIAXpcEJogrRXTH6UPTxtyFI,"Spotify has transformed from a simple streaming service into an essential soundtrack for daily life, standing as a masterclass in modern software engineering and user-centric design. At its core, the platform achieves a brilliant harmony between massive utility and intimate personalization. It houses a staggering global catalog of millions of songs and podcasts, yet it never feels overwhelming; instead, it acts as an intuitive companion that understands your shifting moods and daily rhythms. 🎵✌",5,0,9.1.80.2221,2026-09-08 01:00:50,,,9.1.80.2221
9d92bf43-bbf0-4a28-8896-4e9a18ad5868,Danny James,https://play-lh.googleusercontent.com/a-/ALV-UjVZRJ2EHVfTDBe5PG-BNBmTALVTMDOkv3A-pNGBuxG3h3y9lhM,"Fantastic app to play music while on my motorcycle, the ad free version is well worth the price!!",5,0,9.1.80.2221,2026-09-08 00:58:18,,,9.1.80.2221
4eea44d0-d394-45a4-81af-267c1141f0ad,Liya Dyantyi,https://play-lh.googleusercontent.com/a/ACg8ocJWPMN_LUJTQhqojz_gb1i4dCVXRnxX61DKYZ_H5atYnUJ9sg=mo,bestbapp to listen to music with,5,0,9.1.80.2221,2026-09-08 00:57:40,,,9.1.80.2221
1927d5c2-36fb-4d32-a6b5-d3ab5b0c9887,Anica Rudolph,https://play-lh.googleusercontent.com/a/ACg8ocI0Lwad72oy1yzg44bpVCNvaYWFA7xY9itufJO9cbTcY0iC=mo,"VERY VERY DISAPPOINTED WITH THE APP. Im not sure what it is, or what's wrong...but the app refuses to play music. It keeps on skipping. Refuses to download. I HAVE PREMIUM, AND I'M GOING TO CANCEL MY SUBSCRIPTION. I'm not paying for an app that doesn't work. I've never had problem before. I've even uninstalled more than 5 times... Logged out and changed accounts. Nothing!! Dissatisfied and disappointed.",1,1,9.1.72.1891,2026-09-08 00:50:53,"Hi. Thanks for your troubleshooting efforts. Try clean reinstalling the app as it's a step above a basic reinstall and fixes many common issues. Just search ""Reinstall"" at support.spotify.com. For more help, search ""Contact us"" on the same site.",2026-09-08 02:19:01,9.1.72.1891
3e34ffd3-609d-4f58-8e72-5f342403a2d9,Bill Finn,https://play-lh.googleusercontent.com/a/ACg8ocKuXZHsqj3gHZ4m879XdyzZVUm13OMtHwMsLlnxKDfjcHsMzQ=mo,great,4,0,9.1.80.2221,2026-09-08 00:50:45,,,9.1.80.2221
28b3ac64-3927-426f-bae4-29a921f8239d,Dániel Apjok,https://play-lh.googleusercontent.com/a/ACg8ocKkkRzrtAa0gPhl8s5oqbMBVGb1J3uMsLwYMg8aJXIWAxHK=mo,Getting slower and slower,4,0,9.1.80.2221,2026-09-08 00:50:31,"Hi. Thanks for sharing your experience. Have you tried a quick reinstall? If that doesn't help, you can get in touch with our Customer Service by heading to support.spotify.com and searching ""Contact us"".",2026-09-08 23:29:07,9.1.80.2221
86e46397-cfaf-482c-82a4-c683f9b59bb7,Mona Lisa,https://play-lh.googleusercontent.com/a/ACg8ocJib-H6ajNsBtiVSWTd6wf3y9DckuOhfjLgKnT0ormReBOOag=mo,good 🔥❤️,5,0,9.1.78.2218,2026-09-08 00:50:04,,,9.1.78.2218
6460bb6a-2f40-4de1-90d0-eca0fc695b6c,Evelyn Ramirez,https://play-lh.googleusercontent.com/a/ACg8ocK5nmngPJt-0bgGui-b0PpivRMLPl9CTbT2MwcVrLQuukpUxg=mo,It's telling me to buy spotify premium bc I don't want smart shuffle please remove it,1,0,9.1.80.2221,2026-09-08 00:45:34,,,9.1.80.2221
e3fef805-4ed5-4cce-a2d2-940b78d49ecb,Muxus,https://play-lh.googleusercontent.com/a-/ALV-UjXFBe5IbcDPwGAHICCWuFPVkpjtcG-KXiCE4jk27gXkDL09t9Fy,I'd give it five stars but I cant download songs from my playlist bc I'm not subscribed it's annoying and it's slow and choppy and it's really annoying to use but I like that its safe and easy to navigate I like that it's not filled with weird and dumb ads and it's a mayor upgrade from YT music.,3,0,9.1.80.2221,2026-09-08 00:45:18,,,9.1.80.2221
9e024830-c462-4604-babb-1f6d8aeedbb7,Ghxstly,https://play-lh.googleusercontent.com/a-/ALV-UjW4MfW1ZCRP5gAUbROOe_gLnMfuQ0LAMS8iOlaQXvzrhR6vEAn6,"I uses to love Spotify but now its 5 ads per ever 2 songs. thats pure bs, genuinely. put it back to 3 ads per ever 4-5 songs",2,0,9.1.0.1147,2026-09-08 00:42:27,"Hi. Thanks for leaving a review. If you’re experiencing frequent ads, we recommend trying a quick reinstall. If that doesn’t resolve the issue, reach out to our Customer Service team at support.spotify.com by searching for “Contact Us.""",2026-09-08 02:25:01,9.1.0.1147
8f4f62b9-8256-4db1-95f7-6b7ddc6bd92a,A Google user,https://play-lh.googleusercontent.com/EGemoI2NTXmTsBVtJqk8jxF9rh8ApRWfsIMQSt2uE4OcpQqbFu7f7NbTK05lx80nuSijCz7sc3a277R67g,I have found some really great music on here that I would have never found but it would be nice if they could do something to keep the volume from changing during the songs. I've tried settings that were recommended when I Googled the problem. Volume and loudness optimization settings in different positions. And when you have it turned up with your earbuds and the ads come on much louder than the music is ridiculous. I guess anything to get people to pay money to go ad free.,4,0,9.1.80.2221,2026-09-08 00:41:47,"Hi. Thanks for sharing this with us. For the app's behavior, you can try a quick reinstall. If that doesn't help, we'd recommend reaching out to our Customer Service at support.spotify.com. Just search ""Contact Us"", and they'll be happy to help.",2026-09-08 23:29:21,9.1.80.2221
15af105d-7e6e-4c52-aae4-5ac0ff4ea762,Rijul Dewraja,https://play-lh.googleusercontent.com/a/ACg8ocKK653khSX-BIGXFIDUlzX9upSyL2B8KdCFSV8t4D9MXnw3ag=mo,"My experience with Spotify has been great. I enjoy the wide variety of songs, personalized recommendations, and easy-to-use interface. The playlists and music discovery features make it easy to find new songs that match my mood.",5,0,9.1.78.2218,2026-09-08 00:37:34,,,9.1.78.2218
fc2c2cb3-5c70-4a6f-a2c2-ad923c6cba94,Julius Woods,https://play-lh.googleusercontent.com/a/ACg8ocLixsGid7PuyOZJoHu3mxh-CB9qfRzLdZ46Rifzs0cXGMURgg=mo,could have shorter ads but still good other than that factor has good quality and amazing amount of genres,4,0,9.1.80.2221,2026-09-08 00:35:14,"Hey! We hear you and we'll pass your feedback along to the Ads team. For an ad-free experience, we'd recommend checking out our Premium plans at spotify.com/premium. If you've never had Premium before, you should be eligible for our trial.",2026-09-08 23:27:55,9.1.80.2221
291670c1-9676-4921-b642-b31be98d6aa2,Dame Storm,https://play-lh.googleusercontent.com/a-/ALV-UjV9E9NpwghITXLq83gcQQRZyPM9Vd1_rq81WXhH5KQV8UDQicXO,"I absolutely detest radio stations. The talking drives me mad. Spotify isn't the only service that provides continuous music.... But even when you decide to stick it !! and not pay for the music service, you can still use it as a radio. Adds and all but it's still music to your taste. Why Spotify you ask.... Download your playlists and you don't even have to touch your data allowance. That is a pretty damn good deal and oohhh they even have books. Get it !!!. (No I don't work for Spotify)",5,1,9.1.80.2221,2026-09-08 00:34:17,,,9.1.80.2221
2f1cc8c3-28a4-41b9-a47c-5509a416dd46,Sarah Wright,https://play-lh.googleusercontent.com/a/ACg8ocKudJZVjSpsJ4f0k-keYviY-kzvoMlsO4PkMhWMk8L2xAjWHw=mo,"Poor user experience, very difficult to get any resolutions if you encounter problems and they change your student membership to premium without notifying you.",1,0,9.1.80.2221,2026-09-08 00:33:20,"Hi. We really appreciate you raising this to us. We’d like to investigate further. If you have time, could you reach out to our Customer Service? You can find them by heading to support.spotify.com and searching ""Contact us"".",2026-09-08 02:26:35,9.1.80.2221
98b8192f-ec24-408c-900a-07a0933891ca,Caden Skasick,https://play-lh.googleusercontent.com/a-/ALV-UjUs6SNa-asB7UAZ4yQeAzY9erorh6h0JuW98GDVc8ELnBvCMLsq,"spotify is greedy as hell, I do not recommend this app if you want to listen to music, they want your pockets EMPTY",1,1,9.1.80.2221,2026-09-08 00:33:16,,,9.1.80.2221
f763bf22-c38a-4f42-b886-5aa779085585,Jabu Tshabalala,https://play-lh.googleusercontent.com/a-/ALV-UjXxjorbhtL9pXMKaSo98hfDR-N4Rs9a8OFvG8XbI5L6xlbKOLwrOA,I like this app and it really has amazing things thanks keep it up,5,0,9.1.80.2221,2026-09-08 00:31:08,,,9.1.80.2221
6c607aa8-4b07-49b2-bf03-6bd07f5f0cec,Harnaam Singh,https://play-lh.googleusercontent.com/a-/ALV-UjVhBrKFWZTvge9O7GGlWEkj9eY-X8qmpcrywRYw1IjZ5IgYxkjE,it is the best app,5,0,9.1.36.1948,2026-09-08 00:27:47,,,9.1.36.1948
a387449f-6c30-4d11-8c2f-356bbd8ce9b1,Adrian Du Bois,https://play-lh.googleusercontent.com/a/ACg8ocIaLiiGt9FfI1NrgYxyXd2LNPnjqjac_kHMwzV-cBmNUMnDwA=mo,awesome!,5,0,9.1.80.2221,2026-09-08 00:26:14,,,9.1.80.2221
71432ebb-eec6-45dd-8dd3-08095c55000a,Mark Makhovitskiy,https://play-lh.googleusercontent.com/a-/ALV-UjUGw644hDZJn-jcL5DtB2fa-dfqGuUZ4jXV-QuhPbvpq4p58Q,"This is a great music app! The only complaint that I have is that without Spotify premium the options for this app are severely limited. Since I am thirteen and do not yet have a job, I can't use Spotify premium, but that will be the first subscription I get as soon as I get a job. Jesus loves you!!! God bless!!!",5,1,9.1.78.2218,2026-09-08 00:25:48,,,9.1.78.2218
846de2f8-0378-47e9-9dea-9305e0bfe723,Aniefiok Paul,https://play-lh.googleusercontent.com/a-/ALV-UjXJWMcsxG43yDr4DJKoS5Sz5qM_st7BPNjLZ3MjzAnNk0i-80Q,Very nice 🙂,5,0,9.1.80.2221,2026-09-08 00:24:56,,,9.1.80.2221
1f92ce1f-5922-4f6e-acd1-a7d75dea58d9,David,https://play-lh.googleusercontent.com/a/ACg8ocLjbRbW5g32rNoqyvIDq_QEvcA6XCAW8r1DltsZNIKEHdq05w=mo,super fantastic,5,0,9.1.68.1888,2026-09-08 00:24:34,,,9.1.68.1888
dbb5fdf4-b95e-41bd-8764-bd72aaf35ba9,Carrie Kimmel,https://play-lh.googleusercontent.com/a/ACg8ocKPc-ACJPhr4xu2-xw1zGIJHLV0AKJEqoD4tiLCSioLiGM0tA=mo,love it but I hate the ads that are every other song plus the unstoppable shuffle,2,1,9.1.80.2221,2026-09-08 00:24:11,"Hey! We hear you and we'll pass your feedback along to the Ads team. If you’re on our free service, Smart Shuffle is on by default and adds songs to keep your queue fresh. For ad-free listening and full control, check out our Premium plans at spotify.com/premium. If you've never had Premium before, you should be eligible for our trial.",2026-09-08 01:23:38,9.1.80.2221
8ade347b-621f-4b0f-bd8b-85745443b307,amrishaha,https://play-lh.googleusercontent.com/a/ACg8ocKA39PpUJg7MIDNBrrgtZqnhB1a1Gz0r5rRbehSR0RdOg-3aA=mo,I use it every single day n i wish to take it to my afterlife bhi🎸🦕,5,0,9.1.80.2221,2026-09-08 00:19:50,,,9.1.80.2221
983e377a-caee-49fd-ac20-2cd7b8abbd3f,Lusanda Lusandah,https://play-lh.googleusercontent.com/a/ACg8ocI_iGimXUObmBv5qsSbR_bSNZiaX817coaewcg5T_-m0sIQgQ=mo,ahhy bafana uShun loh ayikho engekho ubhoreka kanjn uphethe uZonkeee ? angisekhulumi iselungu Koda thatha nanku ushuni kuyaphileka🙌,4,0,,2026-09-08 00:18:13,,,
ec78d71f-7e7f-4236-8cdf-49b484d7c4f1,Maria Collier,https://play-lh.googleusercontent.com/a-/ALV-UjXm0GpU27-wZyPIeBN7NAnmOyIsD7QECyOQLYmm-N4veYKFgx4,"I have no idea what happened after the last update, but the app either takes forever to load or it won't open at all. I really hope that whatever bug is affecting the app gets fixed soon.",1,639,9.1.80.2221,2026-09-08 00:10:22,"Hi. Thanks for sharing your experience. Have you tried a quick reinstall? If that doesn't help, you can get in touch with our Customer Service by heading to support.spotify.com and searching ""Contact us"".",2026-09-08 01:56:57,9.1.80.2221
c4e304bf-c5e2-4444-8d53-48ec0b3f2f22,Thabo Masoeu,https://play-lh.googleusercontent.com/a/ACg8ocKjCMt36h9M8yJpvPMFLPABhrd0zrrpXHAWk5MiZWoiYtS3BQ=mo,excellent 👌👌👌👍👍,5,0,,2026-09-08 00:08:44,,,
0dfec182-8707-47a4-801b-4d9cf58ad051,Jacob Koehn-Haskins,https://play-lh.googleusercontent.com/a/ACg8ocLBnf5B494rlsIUjhSrCEGNTzH8WGCTQD11B706ez43ZdYmvA=mo,Spotify is a joke. It's ridiculous it's still standard. Fully functional less than half the time and no interest in music beyond maximising profit,1,1,8.8.70.532,2026-09-08 00:08:05,,,8.8.70.532
36a175fe-75d5-4867-a74a-8c88b6420c09,Ana Orlandea,https://play-lh.googleusercontent.com/a-/ALV-UjV8K-geBVeHdm9AUmkxxW7F_Cv7jZadZFIm-HlbKtaSfj-sqbU0,soooo frustratingly slooowwww,1,0,9.1.80.2221,2026-09-08 00:07:06,"Hi. Thanks for sharing your experience. Have you tried a quick reinstall? If that doesn't help, you can get in touch with our Customer Service by heading to support.spotify.com and searching ""Contact us"".",2026-09-08 02:19:31,9.1.80.2221
55c3e44c-a584-44a9-87b5-e38ad0ceadbf,Jordan Holland,https://play-lh.googleusercontent.com/a/ACg8ocJ9UYdWA4OPk4OKey9oMyUxr5VkJi7QTS--eHdGjV0697Xqsg=mo,awesome,5,0,9.1.78.2218,2026-09-08 00:03:34,,,9.1.78.2218
814f921e-d6ab-4503-ad01-b3f91f568b3e,Amika Sinha,https://play-lh.googleusercontent.com/a/ACg8ocLA_l2I22BRFWCqU8DRIdGby9UrvQGCKFR3v4G232oMzKv0aw=mo,better than jiosaavn and the ads are minimum in this app there are so many songs and the songs the same songs that I search on this app the same on jiosaavn but jiosaavn show it but this app show this everything and you can shuffle your playlist I am a jiosaavn music but this app is a fire you must be download this,5,0,9.1.76.2055,2026-09-08 00:03:17,,,9.1.76.2055
65b75818-1896-4fbe-ad91-e0b97af6842e,Justinian Noel,https://play-lh.googleusercontent.com/a-/ALV-UjV5iRsRD6OhScy1FPNpIX1Y2LmHFj-QWubJfa72cJxIPLkaFdI,"no more gapless playback for local files, sad",2,0,9.1.80.2221,2026-09-08 00:00:22,,,9.1.80.2221
86fd0bd1-6d33-4eca-baf5-a5412ed77191,whatevva,https://play-lh.googleusercontent.com/a/ACg8ocI4vd7wdzSjbCQ5BYAvupr0U0vAgYg3NGYwFcIprXceSMYnyg=mo,excellent,5,0,9.1.80.2221,2026-09-07 23:56:15,,,9.1.80.2221
497f2f5e-041c-4788-a090-f81c60b631c5,June Wanza,https://play-lh.googleusercontent.com/a-/ALV-UjWoT8nrClIv5ChlCHywCj0FEDYf9C0YKaemSz6j8Iphdsq2XjNy,"hello guys, I don't know what's wrong with my Spotify app I try to assess the setting feature but everytime I press it hangs and the app refuses to open plus I have paid for premium and but after I have downloaded my playlists the next day I find them undownloaded this is really frustrating can you fix it asap",1,0,9.1.80.2221,2026-09-07 23:53:41,"Hey there! Have you tried a quick reinstall? If the same issue persists, we'd recommend reaching out to our Customer Service at support.spotify.com. Just search “Contact Us”.",2026-09-08 01:16:44,9.1.80.2221
3070b807-7bbe-4d3d-9857-4c1172ae1a38,Rajdip Halder,https://play-lh.googleusercontent.com/a/ACg8ocJ1K4_50Kd1CB-goYyV3TaRuKubgbuhMlMbfDrgd7N4BPCe3Q=mo,premium nice,5,0,,2026-09-07 23:51:45,,,
2df59d6d-98a9-42ef-a5f6-761e8f400060,Kaiden Youlden,https://play-lh.googleusercontent.com/a-/ALV-UjWhbLn-lST2-FSPeXuqM7BmjtXEdolWtEc0uQY1u2U0XFiZiCoY,love this app with premium,5,0,9.1.80.2221,2026-09-07 23:51:08,,,9.1.80.2221
83a55511-5014-4324-b2f2-2969e6ef04fd,Kuldeb Bairagi,https://play-lh.googleusercontent.com/a/ACg8ocJLV6krt2uPj-VbrUZe5RuVAkltojVXDZ-r3W7mU58cUkM_XA=mo,add bhot ate hai yaar,3,0,9.1.40.1486,2026-09-07 23:50:55,,,9.1.40.1486
dfeb93da-fef4-4e7d-9988-b52add1241ae,Harley Avery,https://play-lh.googleusercontent.com/a-/ALV-UjXgB71Ui-7OgZTz16IIaPTCEjxPZRpXyZxXyADtpa0aGiyFtxA,App has significantly improved. Premium is actually worth it now.,4,0,9.1.80.2221,2026-09-07 23:50:28,,,9.1.80.2221
15cdce55-94e9-4703-a71b-50bf68597874,Xolani mlumiso,https://play-lh.googleusercontent.com/a/ACg8ocJXlVgaUVaCzuzobja6ioCqILtJnhAIbAvZ7zb8Fv-NIjsfvg=mo,excellent,1,0,9.1.78.2218,2026-09-07 23:50:00,,,9.1.78.2218
79351c5f-907a-449f-b5c5-3427976498bd,Oluwadamilare Allen,https://play-lh.googleusercontent.com/a/ACg8ocJ4qvjNDHcsBVXp2yM_KyXvX7QHUL7IBGphxj9lTfoW9xcEdA=mo,it is the best 👌,5,0,9.1.78.2218,2026-09-07 23:49:38,,,9.1.78.2218
da98db21-06fd-4b72-bb35-1c0078eaa981,Manish Jain,https://play-lh.googleusercontent.com/a/ACg8ocITfCvp8HNWosvthcWmK5EmUjOjxA-9PxlcAIza9xQTMDSUng=mo,Spotify best for me for exploring podcast and music with only Spotify premium without premium we cannot use any benefits aur Spotify gana sunane ke liye nahin balki add sunane ke liye ban jata hai without premium,5,0,9.1.80.2221,2026-09-07 23:47:20,,,9.1.80.2221
d04da683-2fed-4df8-a6fa-d3607c293fdf,ajai raut,https://play-lh.googleusercontent.com/a/ACg8ocI5ljTR3JBkKNGrFrwnF-kTX9XpgKyel9V6cEUjESvQ9h59Pg=mo,many duplicate songs are presented that's whyit's difficult to locate the real song,1,0,,2026-09-07 23:45:42,,,
693bbbcf-d95a-4f6d-89c7-80df59f74caf,Mark L Connell,https://play-lh.googleusercontent.com/a/ACg8ocIZT1WhvjtIYQ03PXnQzaZHb6NnXSWPu-meG6yAd5kuaHnqzA=mo,great,5,0,9.1.80.2221,2026-09-07 23:42:16,,,9.1.80.2221
04da93f6-8103-46da-a015-c840e8b25f47,Yash Sutariya,https://play-lh.googleusercontent.com/a-/ALV-UjWiWVJp4olAt23pB2gV9fySRi-58danlRcL9c2v1vQQxI-GFNuH,These *** tells us to buy subscription to listen without ad and to play any specific part.You beggars don't even know the way to beg,1,0,9.1.80.2221,2026-09-07 23:38:13,,,9.1.80.2221
44617393-64dc-47d4-b3c2-bcbd9891328f,Nick,https://play-lh.googleusercontent.com/a-/ALV-UjWnPev0h10f41TPBIOVNYfpM7tAMTWRZQCEyyb9hKnRN9PTdqmM,"They're basically just trying to force you into getting premium by 1. mixing in way too many ads every couple songs, (before it was just 1 ad after quite a few songs but now the frequency between songs has increased and it's always 2 or 3 ads at a time lately) and then 2. limiting the number of songs you can choose to play per day. Lately I listen to maybe 10 or so songs and find I can't play what I want anymore. It used be better but lately it's just getting excessive with these measures.",1,0,,2026-09-07 23:36:52,,,
31b31855-640d-44e4-8184-febd9822ab7f,Yazlyn González,https://play-lh.googleusercontent.com/a-/ALV-UjXIIdc_HhJMAcBS5UYZtoD2Mq8v0SGUXNjWJzGF8doryGm9KuuN,best app and you should give me premium ykyk,5,0,9.1.80.2221,2026-09-07 23:35:55,,,9.1.80.2221
9a7baf21-cd5a-4b47-8ab1-a77a1e1415d4,Xavi O,https://play-lh.googleusercontent.com/a/ACg8ocKodw1EB1FXu-BO-i37gXz7nluYXkSbBuOWt0nn5jdyXpvFNg=mo,😎 cool,5,0,9.1.80.2221,2026-09-07 23:35:27,,,9.1.80.2221
1e20fbeb-fa9f-493a-bc6a-59ad07e12aa1,Jhoan Samson,https://play-lh.googleusercontent.com/a-/ALV-UjXaSu6e-f2WyLA0ESHYTYwNPW46T_dlmJlr8tD49b0cWtpehvQ,goods for now,5,0,,2026-09-07 23:35:13,,,
76366d06-28bb-4689-b675-3ea886dd7269,Haresh Waddar,https://play-lh.googleusercontent.com/a/ACg8ocKqcI5HQUKlrA1L6K0u1BZdsRdJFCu1POQDjdhFDFx1Qpamlg=mo,i can't play my fav song . uddarian GMW production.,1,0,9.1.80.2221,2026-09-07 23:34:02,"Hi. Thanks for bringing this up. If you see the error ""This content is not available,"" you can find helpful steps on our Community at community.spotify.com by searching for ""Song/episode greyed out."" If you need more assistance, feel free to reach out to our Customer Service at support.spotify.com and search for ""Contact us.""",2026-09-08 02:10:12,9.1.80.2221
8c10d1b9-6606-4e01-9610-631d1630d3c7,Abhi Kundu,https://play-lh.googleusercontent.com/a/ACg8ocJ4cPQzLCaGtosnAvu75yDX58tDjHUWYP0XfLVwkfMQ3Z56nQ=mo,very niceeeeee please download this ❤️❤️,5,0,9.1.76.2055,2026-09-07 23:28:46,,,9.1.76.2055
032e6e7f-6db7-4ce7-81a2-0fcf6eccbc93,Khosi Sengwayo,https://play-lh.googleusercontent.com/a/ACg8ocKqER6oMiaRvQbLdIw2bFigouNDENE2qmoW5LqZEcMqFua90g=mo,wow i can even listen to music with my phone 10/10👌👌⭐️,5,0,9.1.80.2221,2026-09-07 23:24:58,,,9.1.80.2221
a965b01d-69e8-4769-a59b-4c4bd97d2ab9,Andrew “unaligned_1”,https://play-lh.googleusercontent.com/a/ACg8ocLMizQvPpnj2hLErPfcp4_u7cXjSk2qbOK6P920wEOm5ECm6g=mo,I love getting my podcasts on Spotify. The aut connect to my car is really convenient.,5,0,9.1.80.2221,2026-09-07 23:23:07,,,9.1.80.2221
43ec6fea-d9c7-457f-ae94-759da118e0c5,Amyoli Makinana,https://play-lh.googleusercontent.com/a/ACg8ocIOZ-kqyV-f0oOfpIDTeLeRGFmknF-R9YotSJlo_WFKYHUTLg=mo,the problem is the ads and limited skips,4,0,9.1.80.2221,2026-09-07 23:22:43,"Hey. Thanks for your feedback. For an ad-free experience and full control, we'd recommend checking out our Premium plans at spotify.com/premium. If you've never had Premium before, you should be eligible for our trial.",2026-09-08 23:23:34,9.1.80.2221
d6abe51a-2b28-4bef-9f81-9d7f901dfe71,Paul Freitas jr,https://play-lh.googleusercontent.com/a/ACg8ocKtJn8lJxIbiGF-5oMFXn2zlbqAXmEFsVbnlfmYqfhCB_p0UQ=mo,I love country music,5,0,9.0.88.1405,2026-09-07 23:19:09,,,9.0.88.1405
0c182f3b-3196-4d6a-8ca5-012f0e5ed693,Ryan Penrod,https://play-lh.googleusercontent.com/a-/ALV-UjVLYS0A0VVzipo2DNTNOZFKmMVFtJJxDJCVWW8GJb0pwhZbSBY,love this music app I have no complaints so far,5,0,9.1.80.2221,2026-09-07 23:18:48,,,9.1.80.2221
58d38c21-9c4f-49e5-962d-8a50d010e761,Niraj Dehari,https://play-lh.googleusercontent.com/a/ACg8ocIP0bl1K7cauwyd0u7vzOVmu2FwZ3Y_8oL5uKys4UOsR26Mbw=mo,best app for music and song,5,0,8.9.90.127,2026-09-07 23:18:12,,,8.9.90.127
429d04a0-1930-4dfe-b28a-09ca8fc52944,Suraj Chautala,https://play-lh.googleusercontent.com/a-/ALV-UjWuwjxk53klxK9K5gFCc8sUDniylBXTMuginRs5UrGR5gSoeT8k,must try app,5,0,9.1.80.2221,2026-09-07 23:17:56,,,9.1.80.2221
0c989441-ef20-4643-94c2-a27ba5629f38,Chinecherem Emmanuella,https://play-lh.googleusercontent.com/a/ACg8ocJWpI-XXaxqK9A65uuMSYdYxcEjL8zAIIEIjYnFYnrJ_R5gMQ=mo,I don't know what to say but it is awesome,5,0,9.1.76.2055,2026-09-07 23:15:18,,,9.1.76.2055
5437a219-9592-4616-9712-534309efde04,Akshat Pandey,https://play-lh.googleusercontent.com/a/ACg8ocIG2ZhHCFJ166yArOHeBcf2BU3dNeTkcWovC5nD7WrK0X32Sg=mo,good,3,0,9.1.80.2221,2026-09-07 23:14:42,,,9.1.80.2221
d12ae9d8-413d-4e7f-b816-13968083b2b5,Brett,https://play-lh.googleusercontent.com/a/ACg8ocJosj2ahUE5roUQ26Dy1PQZsfA_EK7QenPXMZjl1sSoHKSCIw=mo,Love it!,5,0,9.1.78.2218,2026-09-07 23:13:14,,,9.1.78.2218
06c4a866-b66d-4ee5-9bef-3f7c2cb74276,NASLA CV,https://play-lh.googleusercontent.com/a/ACg8ocLSmXDe9L-owPKzoGs3sNl9ygHzsah45hgvIszE4cSCBYE4hA=mo,very bad,1,0,9.1.80.2221,2026-09-07 23:11:30,,,9.1.80.2221
1a5d8268-8efb-4bbc-b654-37ef3ac1f4e4,Wyatt DeLeon,https://play-lh.googleusercontent.com/a/ACg8ocKb39VCYxhk-FKLFSrr6IBu4bx6_p2L2MGioODk2HfWX-DT-Q=mo,I like it,5,0,9.1.80.2221,2026-09-07 23:10:46,,,9.1.80.2221
37e815f5-e36e-48a8-8047-19d58ebb7bcc,Sumitra Meena,https://play-lh.googleusercontent.com/a/ACg8ocIU2pZNK5VoSL97SOLcKT04E6mco-sHsocb7Z-sBC_A8A8-=mo,Super,4,0,9.1.80.2221,2026-09-07 23:08:38,,,9.1.80.2221
4e6131da-00a2-48cc-8787-0248c9e49fda,John Davis,https://play-lh.googleusercontent.com/a/ACg8ocLu9tc6QQROBqcnZV3nh7knnclMYMYKjZqQEkNmzaYhHWYN2A=mo,Spotify is great when it is working. I have had several times this summer when it would be out of service with no explanation and not credits. You raised the price to 12.99 with a unreliable service,3,0,9.1.80.2221,2026-09-07 23:08:25,,,9.1.80.2221
57f2f66a-e88c-4537-ba00-1854e118a25d,Nicole,https://play-lh.googleusercontent.com/a/ACg8ocK2MVt7cOCIuG6jzWUGG-KrZxL8pcQCblI4xp7wafku7b93ZKw=mo,"Offline playlist is perpetually empty when I want it. you guys cant provide the services you are advertising. Im so sick of paying for an app that NEVER functions like it is supposed to. Don't even bother with customer service. Customer service will just tell you to uninstall the app and reinstall it. STOP TELLING ME I NEED TO REDOWNLOAD YOUR APP, THAT IS LITERALLY THE ONLY FIX THAT YOU GUYS SUGGEST FOR ANY ISSUE AND OT NEVER FIXES ANYTHING. Absolutely trash app and customer service.",1,16,9.1.80.2221,2026-09-07 23:06:58,"Hi! We’re sorry to hear this and thanks for letting us know. We’d like to investigate further. If you have time, could you reach out to our Customer Support team again with a screenshot of your review and our reply? You can find them on X and Facebook (@SpotifyCares), or via live messaging at https://support.spotify.com/contact-spotify-anonymous/.",2024-09-09 18:48:24,9.1.80.2221
c294033e-f83f-4b24-a285-5f79b68a6077,TJ Groves,https://play-lh.googleusercontent.com/a-/ALV-UjXH7HleS-xtxDXWRWh8XWq-sMRxndTu5y4wolBnhksCOwsxlvW0,best music app for traveling imo,5,0,9.1.80.2221,2026-09-07 23:02:57,,,9.1.80.2221
2bddd26d-7c77-4761-bfe1-e1279288cd72,Kishore Kumar Sahoo,https://play-lh.googleusercontent.com/a-/ALV-UjWe93uk9c4xX9SMjBAimQBMCe4B7sAr7sTbeDZXgKTuLHw75FE9,Spotify is my top rated app 🥰🥰🥰,5,0,9.1.80.2221,2026-09-07 23:02:49,,,9.1.80.2221
d23b23c4-cee7-4599-8853-8ae1c2094638,Rassel jay Aquino,https://play-lh.googleusercontent.com/a/ACg8ocKie-d14P_x30gi0NBJfQQ2qksrowNtzZJQfIMV-ddK4gmGnw=mo,wla,5,0,9.1.80.2221,2026-09-07 23:02:17,,,9.1.80.2221
420d9a6c-d121-4079-bae2-3f72ffe5d6bc,Arhaan Kumar,https://play-lh.googleusercontent.com/a/ACg8ocIUdHsqh3s4mpUlKmI7GzYGhl7L2lQbD3MugxoqP-Vye1W56Q=mo,good and no ads,5,0,,2026-09-07 23:02:15,,,
e428a269-105b-464a-a528-993c55681722,Alexandru Badea,https://play-lh.googleusercontent.com/a-/ALV-UjXLdTnoq56gfM7lB2ZpZKyr46FrX96IJIJoQhpiapKjVGlUyL3n,"no light theme. ugly ugly app. too many suggestions everywhere. too many podcasts recommend. too many ""vibey"" context driven playlists recommend. Ads? Ads with a paid membership? thats pathetic. the greed of companies is truly endless...",1,0,9.1.80.2221,2026-09-07 23:01:50,,,9.1.80.2221
825432a8-e334-4636-96ce-6b9849a9eaf9,doctor dokotela,https://play-lh.googleusercontent.com/a-/ALV-UjUUyF55dy4LMvePz51sBVefCvnADY4Qc2u4SSMsnrHpt4Yg67Q,good,4,0,,2026-09-07 22:58:22,,,
8b4a6b61-d091-40f3-8942-369062f1a12c,Astha Mohan,https://play-lh.googleusercontent.com/a-/ALV-UjWfEjqdoo9qzILFkhfnk3kxilqq_geng6Let3QrT9cjfK8xmd045g,"I appreciate the change. The app is now back to normal, and we can once again skip and change songs on our own. This update made me rewrite my review because the listening experience is much better now. Thanks for listening to user feedback and bringing back these controls.",4,0,9.1.78.2218,2026-09-07 22:58:19,,,9.1.78.2218
243173bd-bfbd-40d1-896a-f47941c6a46f,Maksud Mazumder,https://play-lh.googleusercontent.com/a/ACg8ocLS6Q-wyef3apRTJY09Zn2s5SezgwiMVR8jRsFDcU7yYQ9KtQ=mo,I LOVE this aap very very much,5,0,9.1.68.1888,2026-09-07 22:53:04,,,9.1.68.1888
bc72b854-9bdb-4088-94ad-b0d101058c1a,Manish Pandey,https://play-lh.googleusercontent.com/a-/ALV-UjUcSGAn9Yet3okeSdFzy8Qt-4JTrJ288quKs0L12sc02koQFLj_,"I would rate 5 stars for the premium spotify as it has the best features you will ever get in any music app. But for the free version, i would rate it 3 star as there are a tons of cons in the free one. But as a student i can say it's WORTH IT to buy the premium using Student's ID... So i rated it 4 on an average😊",4,0,9.1.80.2221,2026-09-07 22:52:10,,,9.1.80.2221
d2ad02d9-88cd-4745-af78-723c990b4770,veena vijayan,https://play-lh.googleusercontent.com/a-/ALV-UjXQZ_lDC_rEpbxPKAXymmimKzisYQEwVVm8WL3ke_ESXQvZejYC,goood verrrry gooood,5,0,,2026-09-07 22:50:22,,,
3dccfc4d-85ef-4e04-8f40-34e1634d1ffa,jane elizabeth reilly,https://play-lh.googleusercontent.com/a/ACg8ocKPLI2O8y_XkENCPe9TwJ7GkcoSSrjkTcptQuVsY8Bm8Dp0Ng=mo,Love it!,5,0,9.1.80.2221,2026-09-07 22:46:43,,,9.1.80.2221
db4c773f-9f7a-4b21-b7db-da82f3964657,Babli Chaudhary,https://play-lh.googleusercontent.com/a/ACg8ocL3Wo88vpKHP_egH2Y1zyXrVuFnHhMGcrAcLambogE_fCDfTA=mo,well well,5,0,9.1.80.2221,2026-09-07 22:44:32,,,9.1.80.2221
f88ff687-7827-4024-b8c1-1919a12cdf70,Stina Hedin Tokoni,https://play-lh.googleusercontent.com/a-/ALV-UjX0kTu7CscrjMHpHdUmXYYjZrWBG5B4azYFvmwY5EJkn33ba5S7,couldn't live without it,5,0,8.8.58.473,2026-09-07 22:43:08,,,8.8.58.473
6227454e-ca79-4a24-a395-1b06d1289b86,Aman Malik,https://play-lh.googleusercontent.com/a/ACg8ocIO653G3mL3r-vkVBZPwEEoF3dEZhU9HMFgCbt2jI92jlSAKg=mo,good but not use premium,5,0,9.1.80.2221,2026-09-07 22:42:49,,,9.1.80.2221
b6917e7b-5aac-4928-b2fa-1615d43ce8a4,Bindhuaradhya Kothapalli,https://play-lh.googleusercontent.com/a-/ALV-UjUYLMfmWtZe8ByqPKiILax5O_6Jm7MDU9zpQinHaE21IOVYjkKnuQ,I am not getting any otps even when the app is saying it sent like been like 2 weeks since that,1,0,9.1.80.2221,2026-09-07 22:42:16,"Hi. We're open to feedback, and we'd love to get some more info about this. If you have the time, give our Customer Service a shout. You can find them by heading to support.spotify.com and searching ""Contact us"".",2026-09-08 01:08:27,9.1.80.2221
24efd8ae-f300-4392-a55d-cde3031bad2d,CHAITU VUDISI,https://play-lh.googleusercontent.com/a/ACg8ocLQJsaovQ7f43YBZgfN5RgHwoEzMtIa1Y_tT3DzyjpeyZYwZQ=mo,SO MANY ADDS IN YOUR SPOTIFY I AM NOT EXPECTED THAT ON SPOTIFY,1,0,,2026-09-07 22:42:09,,,
b37de3eb-d85c-415c-8219-d40d947059f2,Gary Harrington,https://play-lh.googleusercontent.com/a-/ALV-UjXsWDPNHGXXmItOOUr72EDSxnNlthSNs4qkLIIH_UZ4fpK0MtCPUg,good 👍,5,0,9.1.80.2221,2026-09-07 22:39:48,,,9.1.80.2221
bf0a695c-b618-450f-8fcf-01ffc452c8a5,sanitha Nithin,https://play-lh.googleusercontent.com/a-/ALV-UjVyBfpE0Z5cnVwvf7n1NHnJ4KL6thWZJIlvZ8QeRrQQktqTmJxT,good music app🫪,5,0,9.1.80.2221,2026-09-07 22:39:34,,,9.1.80.2221
0a082ab3-dac2-4b55-9282-5b707bdeabe9,Divyansh Sharma,https://play-lh.googleusercontent.com/a/ACg8ocJZZOaQ-cKoBQNTmk1mfMghvSGKSA0666v9xWrfeqhE4EzYjg=mo,best for a taste of music,5,0,9.1.80.2221,2026-09-07 22:38:44,,,9.1.80.2221
0be52d8f-6b20-465a-95ef-1a6eff99be33,Milena Yildirim Barron,https://play-lh.googleusercontent.com/a-/ALV-UjWeGhu_x-34kbXDFEJqnTPTg_yKwvtn3CfdINs5oKnEY6jS69lh,I really dislike the podcast videos feature because when I say I do not want to recommend from a video it keeps showing the same videos from the same channel please put a do not play feature it is really annoying and I absolutely hate it. additionally my Spotify is so laggy and I found out recently that it is not just me. please sort this out I am really annoyed with this and it is putting me off from using Spotify I don't want to even use it anymore it takes forever to load.,1,0,9.1.78.2218,2026-09-07 22:38:42,,,9.1.78.2218
e158fba0-fb26-4520-a7a5-bbaef239c96f,Elafkh Ba,https://play-lh.googleusercontent.com/a/ACg8ocKmyN0tC1M6TVeVJbo7bSMnI3yhFLi6h04p5lg8J7aQppUy-A=mo,I have no words,5,0,9.1.80.2221,2026-09-07 22:38:37,,,9.1.80.2221
2cf618e9-a660-46db-b287-4e5c2a10517a,Harikishor Sah,https://play-lh.googleusercontent.com/a/ACg8ocI2XWEr8y0W5DU287W0tz0pIB739vPQClwaTeVmeP4cLqZh7Q=mo,The best music app 💖,5,0,9.1.78.2218,2026-09-07 22:35:54,,,9.1.78.2218
3c966c5c-d4d9-4361-b068-049bed8a8bbe,Kanyinsola Bby,https://play-lh.googleusercontent.com/a/ACg8ocKLnwHNwhebRNh8dw_Rg92wcxm__sFsx-n4WKKOoQu8xbE07A=mo,love 😍,5,0,,2026-09-07 22:34:37,,,
976d405d-b109-475c-ab66-252b50bbe5ac,AUGUSTINE PETER,https://play-lh.googleusercontent.com/a-/ALV-UjW0Nt7KeC8cmUbSnLoxNDYNcNq9vgWRaga_-8ZofWQsdG8_JhZ9lQ,Spotify is enjoyable,5,0,9.1.76.2055,2026-09-07 22:33:44,,,9.1.76.2055
96081faa-a85a-4660-b47d-d928c65c6ab3,chhote lal,https://play-lh.googleusercontent.com/a/ACg8ocJmQ29Kopq8H5spESRyUhvbEAhyMeIQi5TXld7ewj_xtNpFbxk=mo,good,5,0,9.1.78.2218,2026-09-07 22:32:02,,,9.1.78.2218
e606260e-8740-40b2-a8e6-d93264b29b48,Ram Prasad Mandal,https://play-lh.googleusercontent.com/a-/ALV-UjWgddkWTGfu3wX5JtzLPzxzUftE1YQHXRxrQnp5wRp0Ch8RuOGg,"The spotify app just keep getting worse! First, the premium. Second, they stop us from playing our own liked songs? We cannot even skip songs anymore!",2,0,9.1.80.2221,2026-09-07 22:31:21,,,9.1.80.2221
fb3060c3-719d-436a-a70a-b1b86e1b288a,John Stewart,https://play-lh.googleusercontent.com/a-/ALV-UjVj98tr5h9yx78h-SJLYJqDecAG2m8zUNDR4NyLZzdRDsG76Ig2,Awesome Music!!!,5,0,9.1.80.2221,2026-09-07 22:26:08,,,9.1.80.2221
9c876562-b67e-4640-af55-f146e083eecf,Judy Smith,https://play-lh.googleusercontent.com/a/ACg8ocI6CEN2AM6-_bfywgIYhtkgHAPkdF8UOhcUPCgA4p60mldRsg=mo,good,5,0,9.1.72.1891,2026-09-07 22:22:11,,,9.1.72.1891
02e3b8e3-f7b3-42e0-a3bb-cdd8de0da9fb,Manoj Giri,https://play-lh.googleusercontent.com/a/ACg8ocJelHBkknKgkZdZhCMa_Y6SGEqNQyhmfIjemC7cVfjKN7wjiw=mo,bhup,5,0,,2026-09-07 22:20:10,,,
53a20329-0400-43a1-b985-56b4aae851cb,Yashvi Kadam,https://play-lh.googleusercontent.com/a-/ALV-UjUP5bpATCf9LGEOnPlrbd8AWei7uQ5H35ddgPdUAUWC83Ld5j-5,Worst app ever,1,0,9.1.80.2221,2026-09-07 22:20:05,,,9.1.80.2221
e0e3529c-c260-4970-afce-41636c015119,nyakallo mosala,https://play-lh.googleusercontent.com/a-/ALV-UjXPEVPHrHPwmxYAQTvJ9P9ErSbO8m_UA3yVsqRcl_ocImk6Y9rr,"for good vibes, trustworthy.",4,0,9.1.80.2221,2026-09-07 22:18:42,,,9.1.80.2221
6dcafe4a-8244-4849-9dcd-371fbfbea78b,Kurtis Kiper,https://play-lh.googleusercontent.com/a/ACg8ocLXFsiDPoVsJubmYnutrE2AOhMqFKgo9SAvO2R8oNj8HEE2yw=mo,great,5,0,9.1.80.2221,2026-09-07 22:17:16,,,9.1.80.2221
6b1234d0-5a17-4f0e-b891-5d62cc3aae8e,Maheep Pandey,https://play-lh.googleusercontent.com/a-/ALV-UjU-zPZWdVhziwHvGPSueSEiMe1a8G5nXMKGJ8K7Ac5c4I_IQr83,Too bad I've been using it for 2-3 yr but now it is asking for premium.. I'm not interested in buying a premium subscription but it is repeatedly asking about it.... I'm not able to play any music on my own...if I play any music it is asking for a premium...It is not expected from you Spotify 😔😔,1,0,9.1.80.2221,2026-09-07 22:17:00,,,9.1.80.2221
a41f8fdc-69c7-4d09-bcc5-f8a3b9e94c4f,Monika Jain,https://play-lh.googleusercontent.com/a/ACg8ocKCm7EShZfW1V3GGMOmnH7JlIMTaO0LYO5g3NLl5X_kk_ccDw=mo,ad,4,0,9.1.80.2221,2026-09-07 22:16:25,"Hi. Thanks for sharing this. We hear you and we'll pass your feedback along to the Ads team. For an ad-free experience, we'd recommend checking out our Premium plans at spotify.com/premium. If you've never had Premium before, you should be eligible for our trial.",2026-09-08 23:15:49,9.1.80.2221
9e683d45-5817-4c09-83ff-7a71a668ad1e,Hiyasri Barman,https://play-lh.googleusercontent.com/a-/ALV-UjVD-OvXlDzA3Dinyxi9jaR2CVs8JUjePTPb57nHJX7wFPeN3dk,"I don't know why but i cannot play any songs on Spotify. When I try to play songs from my liked songs then it only plays a little bit.. like a trial song.. So kindly fix this problem. I even tried with other accounts also . Same problem in my all accounts. Spotify team, kindly fix this problem.",2,0,,2026-09-07 22:15:45,"Hey there! Have you tried a quick reinstall? If the same issue persists, we'd recommend reaching out to our Customer Service at support.spotify.com. Just search “Contact Us”.",2026-09-08 01:01:40,
81769deb-a1c3-4ebf-87a1-30b6dab062e7,David Johnson,https://play-lh.googleusercontent.com/a-/ALV-UjU1rmzsrde2lOZMhWajqzeovcntWqvRBn3l5upTZksF2iERKYSS,THE BEST!,5,0,9.1.80.2221,2026-09-07 22:15:23,,,9.1.80.2221
90cbf339-4195-443f-900c-9e4ce826b4de,manwar malik,https://play-lh.googleusercontent.com/a/ACg8ocL5TUY9f0tykkyQ4CT0fhcEEMra5VZrlmhnxdDOhCzcGaYEAw=mo,good,5,0,9.1.80.2221,2026-09-07 22:11:42,,,9.1.80.2221
674907a7-b780-4200-8d2c-c0d93f40f00f,Jeremy C,https://play-lh.googleusercontent.com/a/ACg8ocJfUHHUkx_NcaGniifRmmRM5pPs1Uu624wPk5lhpS86AEXztw=mo,"I find Spotify to be a very needy app. I’ve blocked notifications, disabled autoplay, and turned off pretty much everything I can. I don’t really use Spotify unless a friend sends me a song through it. I just want the app to sit quietly on my phone like the miscellaneous stuff in my junk drawer, there when I need it and otherwise forgotten about. But somehow it still finds a way to autoplay even with that stuff turned off. That’s way too needy for an app I barely use.",2,0,,2026-09-07 22:10:18,,,
304638cd-126a-4ecf-a3e9-36d44cd9c36b,Srajan Gupta,https://play-lh.googleusercontent.com/a/ACg8ocI7FVVBqtmAJEJGJdwJwhO_vR5x3cKJqpKfEghZ6lUWrgz78A=mo,worst app l can't even listen song properly,1,0,,2026-09-07 22:08:15,,,
40d0cb41-168c-464f-9586-37d9100e0596,Ragueb Mohamed,https://play-lh.googleusercontent.com/a/ACg8ocIISThj9a0QGoUtX_y9twFfIZc8JkfIBIFNQqySBtfjmpBJUQ=mo,صارو يطلبون premium,1,0,9.1.80.2221,2026-09-07 22:06:53,,,9.1.80.2221
46dac512-63c5-4e98-ac2f-484575c8ca5c,Aditi More,https://play-lh.googleusercontent.com/a/ACg8ocKGO1dyuhE3RqEo5NB1Xo0hRjLPdxGuKvQRXfZRYNUwFj6KEA=mo,its very good 😊👍,5,0,,2026-09-07 22:06:12,,,
4c9dc5fe-234b-4add-a529-f29565bce9ff,Renu Gupta,https://play-lh.googleusercontent.com/a/ACg8ocK8Ahvk_FfJnYbpXov-j8iPu8_qzE3hNYYOguyO70lCiqEixg=mo,worse app,1,0,9.1.80.2221,2026-09-07 22:05:57,,,9.1.80.2221
b2c19e93-3377-460d-8abc-b722c509ce16,Sundarpal Singh,https://play-lh.googleusercontent.com/a-/ALV-UjUc8fqhxCWLqy7malk25LN2Z6ZkjS2IOndKP_b87d9Q2MmK0uEd,"i can't even play the songs I want , i can't play them in order without the premium ,it's like they are forcing you to purchase the premium",1,0,9.1.80.2221,2026-09-07 22:02:44,,,9.1.80.2221
c23792b1-ded7-4340-8377-c9e52f48d7e4,Zedd Zedd,https://play-lh.googleusercontent.com/a-/ALV-UjXiKdwjAMezT2fAkzfpfQraNrHIfSba6AzeKAtZwgeNf4DQ5VyC,"Removed my premium because I was on holiday when I bought it and now I am ""listening in a different country"" Absolute scam",1,0,9.1.80.2221,2026-09-07 22:01:45,"Hi. We really appreciate you reporting this. There are steps that can help you with this on support.spotify.com. Just search ""Can't play abroad"". If these don't work, we recommend reaching out to our Customer Service by searching ""Contact Us"" on the same site.",2026-09-08 01:12:59,9.1.80.2221
5a6c706f-0061-418e-93e2-18ed93731835,NADA Kid,https://play-lh.googleusercontent.com/a/ACg8ocIFNeGxHw-FzUX57aI97G-KPQG1YWiaQIZs7GAaUeupVUUS9g=mo,more than anything in this world Spotify everyday like to hear Jahmiel faet Masicka LEGEND 🤞👊☝🏻👍🇿🇼🇿🇼🎧🩵💯🔥🔥💥,5,0,9.1.80.2221,2026-09-07 21:59:03,,,9.1.80.2221
b354e026-a00c-4a16-85bf-4537237ab2cc,Mr. Dusse'tt,https://play-lh.googleusercontent.com/a-/ALV-UjUPRp8dceM7cEPnLPK9XndbfDuy8--MKCYx0tlNf65R0WeCv9nO,Google helps restore the reputation and glitches to Spotify long as it's a win win for both of us in this alternative to the tube and it's following as well❤️‍🩹,5,0,9.1.4.1171,2026-09-07 21:57:35,,,9.1.4.1171
4c72c9c8-cd51-4d54-add1-b4e3ec775b60,Shafqat Majeed,https://play-lh.googleusercontent.com/a/ACg8ocK2k4G5M5tBZJUTbKzfyWJ4508Az52eYAOkAwUBun79J0Cb0Q=mo,beat app of all time ig,5,0,9.1.80.2221,2026-09-07 21:57:10,,,9.1.80.2221
e848974a-7952-4a65-98ba-77ed74e4e20a,Angel Sithole,https://play-lh.googleusercontent.com/a/ACg8ocIDB22v8vUX3YVArAG2R_ogjgKoPzDbdxlCfu6K_dcW_4b80w=mo,best app ever,5,0,9.1.80.2221,2026-09-07 21:56:40,,,9.1.80.2221
d99f0cdc-f0fc-44aa-8ab1-8cee8c0a3abd,Dmitri,https://play-lh.googleusercontent.com/a-/ALV-UjUu3jXqb_76pYDAtdJzPc6idafwQQ2avF17AZItNojboARJIk4X,"shuffle sucks, and the amount of AI that's on here sickens me I'm switching to apple music",1,0,9.1.80.2221,2026-09-07 21:54:28,,,9.1.80.2221
6848c0e7-0ef3-4c1e-aaef-a8e1adac1d1d,Son Chaeyoung,https://play-lh.googleusercontent.com/a/ACg8ocKQvYZiGLaVVvtHXnL65CR1PfkaYg3vqBOIzqyOpcSlswbfwQ=mo,almost PERFECT but can you add a thing where you can DELETE OTHER'S ALBUM ON YOUR DISPLAY??,4,0,,2026-09-07 21:54:12,"Hi, thanks for the feedback! Rest assured, we’re always looking for ways to improve the experience for our users. It looks like other people feel the same way. We'd recommend adding your vote at community.spotify.com. Just click Menu > Ideas and search for ""Allow us to ""delete"" albums or playlists from recents/home"".",2026-09-08 23:20:49,
9eec3e5a-8294-4b0a-8a3a-49725118d39c,Denis Alexandru (Chioloperniță),https://play-lh.googleusercontent.com/a-/ALV-UjW7AGPBplfMaiFRY8Os3uucDTHy6bMli6iY59D14q2HsdZY3QcC,Loving it,5,0,9.1.80.2221,2026-09-07 21:54:09,,,9.1.80.2221
bdcbdf72-7564-444b-a1be-8de8be572b88,A Google user,https://play-lh.googleusercontent.com/EGemoI2NTXmTsBVtJqk8jxF9rh8ApRWfsIMQSt2uE4OcpQqbFu7f7NbTK05lx80nuSijCz7sc3a277R67g,"Been using this app and service forever, paid premium. They are consistently focused on adding more complicated nonsense features than useful, user friendly features for organizing and listening to music. I don't want audiobooks or podcasts all in the same app. The family plan and my huge library are about the only reasons I'm still here.",3,1,9.1.78.2218,2026-09-07 21:53:20,,,9.1.78.2218
b262b664-53c6-4aa7-8be4-5a960c7fade5,Abubakar Maryam,https://play-lh.googleusercontent.com/a/ACg8ocKSNlQ_YWUW-nmd0wLB5YqMNQ1IKXd9ohK44KVxlRe-rsUgdQ=mo,you are like,4,0,9.1.0.1147,2026-09-07 21:53:04,,,9.1.0.1147
5cdcef0e-71b2-4d5d-96c6-9fad9f129a2c,Teresa Nelson,https://play-lh.googleusercontent.com/a-/ALV-UjV7ll087KGlrI74o-m9izycnVcWGvLsScqbBVn1Q_EiHCNCiaIE,I love Spotify and it has no adds and I love songs,5,0,9.1.80.2221,2026-09-07 21:52:27,,,9.1.80.2221
0db2b7ed-d362-4f0d-ab28-12d8e9897feb,T J,https://play-lh.googleusercontent.com/a-/ALV-UjUE3XLodSabhqDot6dVP7CvLnWT_9cAt5U9hflFatdHQRrGLrbu,good dj mix,5,0,9.1.80.2221,2026-09-07 21:51:00,,,9.1.80.2221
93ac843a-3fec-4f41-a46e-522db19094ea,Soumyadeep Majumder,https://play-lh.googleusercontent.com/a-/ALV-UjXVEMLzGg300YhomCrRy-o83GphWFj7H_8jAAgoa5ujtvL4xqui,Don't use this app if you're not gonna buy the premium...and if you're gonna get a premium get apple music,1,0,9.1.44.2120,2026-09-07 21:50:25,,,9.1.44.2120
21910b50-1993-4c85-8bde-380093a3c182,Sunaja Ajayan,https://play-lh.googleusercontent.com/a-/ALV-UjV-cMKwtOXMDx_zacBlGQJPdaREWo1w9d9ecYwbCNITNTQS4tE,the biggest problem ads 😭,2,0,9.1.80.2221,2026-09-07 21:49:58,"Hey! We hear you and we'll pass your feedback along to the Ads team. For an ad-free experience, we'd recommend checking out our Premium plans at spotify.com/premium. If you've never had Premium before, you should be eligible for our trial.",2026-09-08 00:58:05,9.1.80.2221
fff27217-e4ab-4d0b-98b2-8c304bff115e,Viraj Gill,https://play-lh.googleusercontent.com/a/ACg8ocI_xqSMfqgKYN3LFRrh09SJ30KMKPctL0XMHDuuHhTk_hpy_g=mo,it is very good very big collection of musics,5,0,9.1.80.2221,2026-09-07 21:49:29,,,9.1.80.2221
89bbdd66-8dfd-4fb5-b34f-f6d4411a4620,Menghnath Sahu,https://play-lh.googleusercontent.com/a/ACg8ocKJfFdEauA8F0WL3RX3z1uY34iyAALRZgfvND0fnjJ9Lzi9tA=mo,nice,5,0,9.1.72.1891,2026-09-07 21:48:50,,,9.1.72.1891
8932549b-9138-4861-8e91-389f13fa1f2f,Nwokocha Flora,https://play-lh.googleusercontent.com/a/ACg8ocI6XqQpW2pIR2B3e7IhIyytocRqsXYKPxLfL0nw1WjSLaJTMg=mo,Good app for music!,5,0,9.1.80.2221,2026-09-07 21:46:40,,,9.1.80.2221
2aecf078-4c32-4f03-b9ff-e87268d9273e,Oabetswe Motlhabane,https://play-lh.googleusercontent.com/a/ACg8ocIg5bwQd_4uKgWfA9kUA__NdfnPt_1UN7Vn-VmhgT1aaqCB3A=mo,very good and ad is short 😍,5,0,9.1.80.2221,2026-09-07 21:45:19,,,9.1.80.2221
c0319310-143a-4850-9830-138e64a7c507,Manjula Reddy,https://play-lh.googleusercontent.com/a/ACg8ocKWJLPJB-6J_5H9sZqaFOGNG8H0NRNusCJjx21lLOGMCJlvMQ=mo,good,5,0,9.1.76.2055,2026-09-07 21:43:56,,,9.1.76.2055
0d86feb2-f5f9-4c5c-ad4c-2a9e7a7d0ca6,Nihkil Dahiya,https://play-lh.googleusercontent.com/a/ACg8ocLE_h9vtBcgCfxI6FiLF3qPG_0T6GpYLbHjqYh21L8b3gRQpA=mo,very bad 👎 😕 there were too much ads forcing for subscription,1,0,9.1.80.2221,2026-09-07 21:43:51,,,9.1.80.2221
4d0de22c-1cc4-4abf-8ec6-c5d5d5e4df20,Aneurin Roberts,https://play-lh.googleusercontent.com/a-/ALV-UjXdUcST6DAECEPQizzX70pDF__B2CBilDx4CC46QU5TOgMwwa1KOA,"​""Having been subscribed to Spotify Premium for a year now, I only have minor complaints. At £12.99, it's priced similarly to competitor services. Other platforms aren't necessarily better or worse—it comes down to personal preference, and I prefer sticking with what I know. Premium is essential for uninterrupted listening, as the free tier's constant ads and forced shuffle are a nightmare. I recommend trying the other options before choosing Spotify so you can choose the one you prefer.""",4,0,9.1.80.2221,2026-09-07 21:43:44,,,9.1.80.2221
60dd32b9-f6fa-48c5-b087-83eeecf36e20,Catherine Zervos,https://play-lh.googleusercontent.com/a-/ALV-UjWcGcs-6plxCJjTQIbonQbliTDQY_QEQoHqCsnHGk5hJaHZW-A,LOVE IT!!,5,0,9.1.80.2221,2026-09-07 21:39:01,,,9.1.80.2221
06f0584b-2c8c-4646-8f5f-bc2464f323ed,Shereen Mahmoud,https://play-lh.googleusercontent.com/a/ACg8ocJ5w7c2QiTAGaC14OMFY837a_cxURlk0wAlyaSSBFmz7J6XNA=mo,I feel I was listen it in real♡☆,5,0,9.1.80.2221,2026-09-07 21:35:53,,,9.1.80.2221
19252f75-c64b-442b-bf80-40844f229fd8,Mukama Aline,https://play-lh.googleusercontent.com/a/ACg8ocIbYKpvjR71nDIfDEklzjdaJlJjfN0UkBFsonJYXMysRZ5Giw=mo,best music streaming app forever ❤️ more Love from 🇷🇼,5,0,9.1.72.1891,2026-09-07 21:35:08,,,9.1.72.1891
b5704884-a005-4a25-8bad-d6cb449a4591,Bryan Rodriguez,https://play-lh.googleusercontent.com/a/ACg8ocI75AyMawyNuiM9I16aOC4WcedpNWtF6y7gBGJ5k2QdQww92w=mo,"Spotify has a vast library of music, but it does not play Dolby Atmos!!! there are many other music apps that do.",4,0,9.1.78.2208,2026-09-07 21:34:09,,,9.1.78.2208
3bf5511b-446b-44d8-b41b-4dbd112e55d5,Md.faizan uddin,https://play-lh.googleusercontent.com/a/ACg8ocJUmEc46vhhr731KqxDEpJD0lpWSZXCV5JpKyEODqR_LvHW4Uk=mo,"very good app, play songs sequentially as per choice",5,0,9.1.78.2218,2026-09-07 21:31:28,,,9.1.78.2218
2b33c9ad-c242-46f5-b98d-8c1fc430d9e0,Alexis Rentas,https://play-lh.googleusercontent.com/a-/ALV-UjVpzHaAO9sNOnb_5TeaKuNjQWYqVTJZPPkPQkBrjc0Uq9AadDU,awesome,5,0,9.1.80.2221,2026-09-07 21:29:46,,,9.1.80.2221
76291728-a16a-49c6-8dcd-81600868d78a,Meenakshi Rajput,https://play-lh.googleusercontent.com/a/ACg8ocKNxnE4NXYO3IfMYOQo3WU3VEYyNDMwv81doTyl_2xgu8xmrw=mo,good,5,0,,2026-09-07 21:28:59,,,
bcf7601f-9922-4579-a942-3d9abeba0094,Elsa Amini,https://play-lh.googleusercontent.com/a/ACg8ocIE5mcC_xG7uZB8_As2XwubTTlfRxPMAHONu93kCbeXzXXmZA=mo,perfect,5,0,9.1.80.2221,2026-09-07 21:27:42,,,9.1.80.2221
4ff5b690-6c71-43c7-bdcc-6095ae4f49df,Yovani Seijas,https://play-lh.googleusercontent.com/a-/ALV-UjUpkTwdIdyHotf4NZBsicOMBFmLec9qcBO8LgOI85KuIedm0Bqi,I love it (Period),5,0,9.1.80.2221,2026-09-07 21:26:04,,,9.1.80.2221
652044f8-f56d-4fab-a886-25409078bc6d,Lucas Myer (Lu-Tube),https://play-lh.googleusercontent.com/a-/ALV-UjVnD_cvSiMTERPoR_wMoPy9q8-N77NB01E2D1vmrG71kYbFhWg,its great,5,0,9.1.78.2218,2026-09-07 21:24:36,,,9.1.78.2218
